feature,missing_count,missing_percentage,variance
ctd_average_word_length,1,0.3125,0.06683580557574884
ctd_brunet_index,1,0.3125,2.144470419040463
ctd_filler_count,1,0.3125,40.48542024013722
ctd_filler_ratio,1,0.3125,0.0008344476984768292
ctd_honore_statistic,1,0.3125,290748.9081297368
ctd_pause_annotation_count,1,0.3125,14.154590800654562
ctd_pause_annotation_max_seconds,1,0.3125,7.940162851678791
ctd_pause_annotation_mean_seconds,1,0.3125,1.7591921644342117
ctd_pause_annotation_total_seconds,1,0.3125,49.49665818891584
ctd_repeated_word_count,1,0.3125,4140.700360797303
ctd_repetition_ratio,1,0.3125,0.011726841142143044
ctd_type_token_ratio,1,0.3125,0.011726841142143044
ctd_unique_word_count,1,0.3125,1325.967252222945
ctd_word_count,1,0.3125,9780.486524319316
pft_average_word_length,0,0.0,1.2557586297755297
pft_brunet_index,0,0.0,1.5339480915730987
pft_filler_count,0,0.0,19.946355799373038
pft_filler_ratio,0,0.0,0.01362360719595503
pft_honore_statistic,59,18.4375,4736698.390404845
pft_p_initial_ratio,0,0.0,0.05594981948138232
pft_p_initial_word_count,0,0.0,49.948422805642636
pft_pause_annotation_count,0,0.0,24.393064263322888
pft_pause_annotation_max_seconds,0,0.0,34.081103056426336
pft_pause_annotation_mean_seconds,0,0.0,4.1390574728153675
pft_pause_annotation_total_seconds,0,0.0,228.9498040752351
pft_repeated_word_count,0,0.0,47.01597766457681
pft_repetition_ratio,0,0.0,0.017925538461193435
pft_type_token_ratio,0,0.0,0.017925538461193435
pft_unique_word_count,0,0.0,89.89243730407523
pft_word_count,0,0.0,213.7675450626959
sft_average_word_length,2,0.625,0.43561575884364917
sft_brunet_index,2,0.625,1.4644311091917137
sft_filler_count,2,0.625,30.32455409400234
sft_filler_ratio,2,0.625,0.00946252407089604
sft_honore_statistic,30,9.375,6981607.369344799
sft_pause_annotation_count,2,0.625,21.84505882586354
sft_pause_annotation_max_seconds,2,0.625,24.46318671507649
sft_pause_annotation_mean_seconds,2,0.625,3.3039447854735626
sft_pause_annotation_total_seconds,2,0.625,141.5212685752832
sft_repeated_word_count,2,0.625,123.16748011031089
sft_repetition_ratio,2,0.625,0.016845230243521706
sft_type_token_ratio,2,0.625,0.016845230243521706
sft_unique_word_count,2,0.625,164.6867051564391
sft_word_count,2,0.625,479.9475527250363
