feature,healthy_n,healthy_mean,healthy_std,healthy_median,impaired_n,impaired_mean,impaired_std,impaired_median,cohens_d_impaired_minus_healthy
ctd_average_word_length,160,3.8894066038196113,0.22927686888306414,3.875852020152129,159,3.754950441624582,0.26924354719656185,3.740566037735849,-0.5378308490809448
ctd_brunet_index,160,11.13594294490426,1.25127031192249,11.167643530814331,159,10.689439846363328,1.624768111642601,10.815011757974204,-0.3080372042592037
ctd_filler_count,160,6.15,6.506117102268271,4.0,159,5.666666666666667,6.226390004605515,4.0,-0.0758975839118372
ctd_filler_ratio,160,0.033264771088702724,0.02924703643065516,0.02826384662203285,159,0.035965496318471506,0.028547740462752092,0.0309278350515463,0.09344873865079541
ctd_honore_statistic,160,1765.0381816213944,508.80514832971136,1643.6374569714778,159,1764.093146292227,569.786411271264,1608.6309513930798,-0.001749867787994346
ctd_pause_annotation_count,160,1.8,3.0690174200431484,0.0,159,3.8050314465408803,4.120768619807741,3.0,0.5521204053426048
ctd_pause_annotation_max_seconds,160,1.28125,2.1461443415090224,0.0,159,2.742138364779874,3.204454645594274,2.0,0.536009248139817
ctd_pause_annotation_mean_seconds,160,0.7473002344877344,1.0412958794831368,0.0,159,1.5110338923645774,1.4680198913096927,1.375,0.6004164216592752
ctd_pause_annotation_total_seconds,160,3.06875,5.442809433399436,0.0,159,7.169811320754717,7.830650220484071,5.0,0.6085060118378054
ctd_repeated_word_count,160,82.175,57.01445805822375,68.0,159,71.41509433962264,70.74005739385557,54.0,-0.16753889022013607
ctd_repetition_ratio,160,0.43509169887884463,0.09856452358211429,0.4485637713029137,159,0.41088255915892485,0.11631788567261361,0.4220183486238532,-0.22461758355201158
ctd_type_token_ratio,160,0.5649083011211553,0.09856452358211429,0.5514362286970863,159,0.5891174408410751,0.11631788567261361,0.5779816513761468,0.22461758355201156
ctd_unique_word_count,160,89.9,33.3921242550418,83.5,159,78.27044025157232,38.44948774733937,70.0,-0.3230276911880833
ctd_word_count,160,172.075,88.5834396835183,151.0,159,149.68553459119497,107.40142011441073,120.0,-0.22750387199501315
pft_average_word_length,160,5.546932954541515,1.0226639686624455,5.381196581196582,160,4.978650353091679,1.1450263802796627,4.866666666666667,-0.523487470624135
pft_brunet_index,160,7.112558284405877,1.0937824622910908,7.050422585078488,160,7.176014560858261,1.3708236825057194,7.096221831830231,0.05117177374653922
pft_filler_count,160,3.175,4.426265231475749,1.0,160,3.4875,4.514111347525849,2.0,0.06990419543193784
pft_filler_ratio,160,0.09065377978420333,0.1097062852203234,0.0476190476190476,160,0.10573370695680695,0.12321936223609026,0.06594202898550719,0.12926540335982234
pft_honore_statistic,124,3801.7155644060385,2537.1150940983393,2927.677777136685,137,2716.4291664556704,1634.041679818958,2238.76910583942,-0.513956346253356
pft_p_initial_ratio,160,0.7393631611152347,0.20956239346745373,0.7694497153700189,160,0.6201790433823371,0.2473621465629671,0.6339712918660287,-0.5199036622012859
pft_p_initial_word_count,160,19.8625,6.668698589717723,19.5,160,15.79375,6.885493706692764,15.0,-0.6002909736610853
pft_pause_annotation_count,160,4.925,5.182881838412236,3.5,160,7.1625,4.422480450305386,8.0,0.464432580934129
pft_pause_annotation_max_seconds,160,3.5125,4.780710060152705,2.0,160,6.60625,6.3800956943593246,5.0,0.5487891335594836
pft_pause_annotation_mean_seconds,160,1.4654856341575093,1.854468567849461,1.225,160,2.558605509074259,2.064916456438999,2.333333333333333,0.5569993780051642
pft_pause_annotation_total_seconds,160,13.19375,14.91168841070191,6.0,160,20.91875,14.385952212807547,21.0,0.5272613336179969
pft_repeated_word_count,160,5.04375,6.453848615336862,3.0,160,6.6625,7.166385104897595,5.0,0.23737322893493104
pft_repetition_ratio,160,0.13625888917886325,0.12189506153380535,0.1132478632478632,160,0.18661686215784404,0.14081716089339352,0.16441441441441434,0.38237929361239603
pft_type_token_ratio,160,0.8637411108211367,0.12189506153380535,0.8867521367521367,160,0.813383137842156,0.14081716089339352,0.8355855855855856,-0.38237929361239537
pft_unique_word_count,160,24.19375,8.584391917380925,23.0,160,22.74375,10.276214751679799,22.0,-0.15314474214457455
pft_word_count,160,29.2375,13.501682867389988,26.0,160,29.40625,15.70254030444051,27.0,0.011523870508923397
sft_average_word_length,160,4.737706834560795,0.5801107546336755,4.72046511627907,158,4.527336514601876,0.7185618124787573,4.4411538461538465,-0.3223670470878609
sft_brunet_index,160,8.080520811758877,1.0794360981837143,8.057614349991448,158,8.111046688948473,1.3327969728092133,7.936669898726253,0.025187336439626246
sft_filler_count,160,5.9625,5.634448737775183,5.0,158,5.613924050632911,5.386613134824019,4.0,-0.06323134536210819
sft_filler_ratio,160,0.11779255632228347,0.09427826941416617,0.11180555555555555,158,0.118957374803931,0.10051643487196428,0.1,0.011955740297984178
sft_honore_statistic,146,4162.65935351247,2706.501202398207,3322.715662038929,144,3239.696352466245,2500.043351166158,2441.1839245582905,-0.35416378620615147
sft_pause_annotation_count,160,4.0875,4.5090928399173285,3.0,158,6.841772151898734,4.4357007817775065,8.0,0.6157853510167988
sft_pause_annotation_max_seconds,160,2.58125,3.645401816331874,1.0,158,5.094936708860759,5.721551585342862,4.0,0.524698994040455
sft_pause_annotation_mean_seconds,160,1.0969076062826064,1.3023914587781407,1.0,158,2.026858233187347,2.1249225219770573,1.7097902097902098,0.5284459970924726
sft_pause_annotation_total_seconds,160,8.4875,10.29012318780129,3.5,158,16.018987341772153,12.238849868421035,16.0,0.6664795360895365
sft_repeated_word_count,160,9.86875,9.25265345249403,8.0,158,12.037974683544304,12.63343359026396,8.0,0.1960924639595814
sft_repetition_ratio,160,0.18294210781356743,0.12029130360670065,0.16954022988505746,158,0.21498944343820603,0.13725151390912949,0.219375,0.24843519000811554
sft_type_token_ratio,160,0.8170578921864327,0.12029130360670065,0.8304597701149425,158,0.785010556561794,0.13725151390912949,0.780625,-0.24843519000811662
sft_unique_word_count,160,35.63125,11.114963496206931,34.0,158,33.62658227848101,14.330709165545668,32.0,-0.15644437606641876
sft_word_count,160,45.5,18.340250267491275,42.5,158,45.664556962025316,25.067961321860903,38.5,0.007499569823671778
