feature_a,feature_b,pearson_correlation,absolute_pearson_correlation
sft_type_token_ratio,sft_repetition_ratio,-1.0,1.0
pft_type_token_ratio,pft_repetition_ratio,-0.9999999999999999,0.9999999999999999
ctd_type_token_ratio,ctd_repetition_ratio,-0.9999999999999997,0.9999999999999997
ctd_word_count,ctd_repeated_word_count,0.9895975644588505,0.9895975644588505
ctd_word_count,ctd_unique_word_count,0.9671447357216528,0.9671447357216528
ctd_repetition_ratio,ctd_brunet_index,0.9494870645206733,0.9494870645206733
ctd_type_token_ratio,ctd_brunet_index,-0.9494870645206728,0.9494870645206728
pft_pause_annotation_mean_seconds,pft_pause_annotation_max_seconds,0.9381906697968595,0.9381906697968595
sft_pause_annotation_mean_seconds,sft_pause_annotation_max_seconds,0.9283820538313178,0.9283820538313178
sft_word_count,sft_unique_word_count,0.9274072533878502,0.9274072533878502
pft_word_count,pft_unique_word_count,0.925696592226024,0.925696592226024
ctd_unique_word_count,ctd_repeated_word_count,0.920510216735434,0.920510216735434
pft_word_count,pft_brunet_index,0.9145388768984651,0.9145388768984651
sft_word_count,sft_brunet_index,0.9112063511540354,0.9112063511540354
sft_repeated_word_count,sft_brunet_index,0.9092498214597237,0.9092498214597237
sft_word_count,sft_repeated_word_count,0.9016203230636889,0.9016203230636889
