participant_id,true_label,fold,raw_prediction,raw_probability,sigmoid_probability,sigmoid_prediction
PROCESS-2_rec__001,0,4,0,0.49567429170294575,0.4911047991049298,0
PROCESS-2_rec__002,0,4,1,0.8452053292473615,0.7188836775147464,1
PROCESS-2_rec__003,1,1,0,0.43810411516930564,0.464920021118201,0
PROCESS-2_rec__004,0,5,1,0.6381221083646029,0.5653268422697358,1
PROCESS-2_rec__005,0,2,1,0.7017652045402862,0.6225864419837273,1
PROCESS-2_rec__006,1,5,1,0.8876095778205998,0.7319155653077175,1
PROCESS-2_rec__007,1,4,1,0.6080907148621472,0.5703003106274084,1
PROCESS-2_rec__008,1,3,0,0.4020504034925831,0.44873263412231923,0
PROCESS-2_rec__009,1,2,0,0.2637485195957228,0.354841209426763,0
PROCESS-2_rec__010,1,1,0,0.3367847983145366,0.41915637601018063,0
PROCESS-2_rec__011,1,4,1,0.9175345467640921,0.7682057719372848,1
PROCESS-2_rec__012,1,5,1,0.7796388398227366,0.6739137837329783,1
PROCESS-2_rec__013,0,3,0,0.21288228427733333,0.31869138254118595,0
PROCESS-2_rec__014,0,1,0,0.10434509177918755,0.24275038260228307,0
PROCESS-2_rec__015,0,4,1,0.6285294038695798,0.6023567967553003,1
PROCESS-2_rec__016,1,1,1,0.6903367434378981,0.6117414502058646,1
PROCESS-2_rec__017,0,2,0,0.48063206854044055,0.5056218221016052,1
PROCESS-2_rec__018,1,2,1,0.9781941323577267,0.836714972512531,1
PROCESS-2_rec__019,1,1,0,0.38379362005810846,0.43331259785057047,0
PROCESS-2_rec__020,0,4,1,0.5414516836288114,0.5283138447593901,1
PROCESS-2_rec__021,0,5,0,0.2036585894603867,0.32421438425724725,0
PROCESS-2_rec__022,0,1,0,0.3117054033830266,0.3976090524961642,0
PROCESS-2_rec__023,1,4,1,0.5220684299779106,0.49370908925339846,0
PROCESS-2_rec__024,1,2,0,0.39530462496991653,0.45300787840160545,0
PROCESS-2_rec__025,1,2,1,0.7363026672086859,0.6051591152772512,1
PROCESS-2_rec__026,1,4,1,0.5584677659210598,0.5119009624206644,1
PROCESS-2_rec__027,0,3,0,0.22336727967889874,0.324275570954054,0
PROCESS-2_rec__028,0,1,1,0.5192033839965075,0.5187848867359465,1
PROCESS-2_rec__029,1,2,1,0.7856415058349215,0.6304141889282672,1
PROCESS-2_rec__030,1,4,1,0.9849792267878634,0.8758869054737084,1
PROCESS-2_rec__031,0,3,1,0.818628989674797,0.6866999169582012,1
PROCESS-2_rec__032,0,1,0,0.36542038204061295,0.4128211017882255,0
PROCESS-2_rec__033,0,1,1,0.6726496343452204,0.5809234087884357,1
PROCESS-2_rec__034,0,5,0,0.4158425708482732,0.48390410622138386,0
PROCESS-2_rec__035,0,5,1,0.5434234638895519,0.5231861840160074,1
PROCESS-2_rec__036,1,4,0,0.3275321660783562,0.3925143420034496,0
PROCESS-2_rec__037,0,4,1,0.6045445172931073,0.5740321946178084,1
PROCESS-2_rec__038,0,1,0,0.37819300263292394,0.45566695426397996,0
PROCESS-2_rec__039,1,2,0,0.3280863061859922,0.42508175001622844,0
PROCESS-2_rec__040,0,3,0,0.42060755349768497,0.4599652267603276,0
PROCESS-2_rec__041,0,1,0,0.4750560049306852,0.47583855204964126,0
PROCESS-2_rec__042,0,1,0,0.2735688781971421,0.380818815856709,0
PROCESS-2_rec__043,1,5,0,0.24945324643702707,0.3752118882801259,0
PROCESS-2_rec__044,1,5,1,0.6210640965565626,0.5905535615303512,1
PROCESS-2_rec__045,1,1,1,0.7998478319936463,0.6757504897271677,1
PROCESS-2_rec__046,0,1,0,0.3647864048326871,0.4339067064564419,0
PROCESS-2_rec__047,0,1,0,0.1584695948245798,0.2997875423043169,0
PROCESS-2_rec__048,1,1,0,0.3987889193167444,0.4618907990147201,0
PROCESS-2_rec__049,0,5,0,0.39365802266187605,0.43397481400296356,0
PROCESS-2_rec__050,0,4,0,0.1900001353986364,0.29939553692924825,0
PROCESS-2_rec__051,1,1,0,0.3451832887782007,0.43192538256609875,0
PROCESS-2_rec__052,0,2,1,0.8890079027563047,0.7150861036146584,1
PROCESS-2_rec__053,1,5,1,0.5358811187820501,0.5104394954547868,1
PROCESS-2_rec__054,1,3,1,0.8255175572714061,0.7222476928238059,1
PROCESS-2_rec__055,0,5,0,0.309834210305931,0.38768700804269823,0
PROCESS-2_rec__056,0,4,1,0.6980285369608945,0.6222904565614094,1
PROCESS-2_rec__057,1,1,0,0.3306441454343789,0.4092554783016103,0
PROCESS-2_rec__058,0,5,0,0.279575056022228,0.3805786678629482,0
PROCESS-2_rec__059,1,3,1,0.6544052187240379,0.5812286104544017,1
PROCESS-2_rec__060,0,3,1,0.8168293372543917,0.6834617875587519,1
PROCESS-2_rec__061,1,4,0,0.14941715243404619,0.2920649461735067,0
PROCESS-2_rec__062,1,4,0,0.3591583689639407,0.44944404736539195,0
PROCESS-2_rec__063,0,2,0,0.3112843238848124,0.42470404342979245,0
PROCESS-2_rec__064,0,4,0,0.32165247743318226,0.40992317193529876,0
PROCESS-2_rec__065,1,5,1,0.8922678996132156,0.751363400092575,1
PROCESS-2_rec__066,0,1,1,0.7407546483705807,0.6311997300977734,1
PROCESS-2_rec__067,1,1,1,0.6269687645961147,0.5614873444952632,1
PROCESS-2_rec__068,0,4,0,0.2608703436279925,0.37427150105469903,0
PROCESS-2_rec__069,0,2,0,0.2195739950335797,0.3644291493755143,0
PROCESS-2_rec__070,1,3,1,0.5102052438046778,0.5015433790347559,1
PROCESS-2_rec__071,0,2,1,0.6688479584656531,0.5682552023241824,1
PROCESS-2_rec__072,1,2,0,0.4947730222991162,0.474553779398914,0
PROCESS-2_rec__073,1,1,1,0.7685385046258801,0.6417218099454436,1
PROCESS-2_rec__074,0,3,0,0.201141930661468,0.30348521005729956,0
PROCESS-2_rec__075,1,1,1,0.6707595869870017,0.6040578742155301,1
PROCESS-2_rec__076,0,3,0,0.23534381681360209,0.3165910009265343,0
PROCESS-2_rec__077,1,3,1,0.504022664227322,0.5226923107098059,1
PROCESS-2_rec__078,0,1,0,0.29536624203109235,0.3961824625360788,0
PROCESS-2_rec__079,0,5,0,0.12167345224880528,0.29679518121467213,0
PROCESS-2_rec__080,1,3,0,0.3040520639491778,0.3675764645860616,0
PROCESS-2_rec__081,1,1,0,0.39116132590425223,0.4484501696599999,0
PROCESS-2_rec__082,1,2,1,0.7198429415962065,0.5828657104023011,1
PROCESS-2_rec__083,0,3,0,0.2762770087822529,0.3644697257021143,0
PROCESS-2_rec__084,1,3,1,0.8820805221787356,0.782240134923291,1
PROCESS-2_rec__085,0,4,1,0.9114657523386356,0.7766316948360575,1
PROCESS-2_rec__086,1,3,1,0.7073275140749817,0.6193147797631181,1
PROCESS-2_rec__087,0,5,0,0.36776282577151115,0.4062062619057651,0
PROCESS-2_rec__088,1,5,1,0.6190261231851236,0.5466045168766258,1
PROCESS-2_rec__089,1,4,1,0.7387542618292191,0.6435384907696995,1
PROCESS-2_rec__090,0,2,0,0.454563544836177,0.4877595274884828,0
PROCESS-2_rec__091,0,3,1,0.5242998751541562,0.51400408446494,1
PROCESS-2_rec__092,1,1,1,0.6098897224755202,0.5486860440732887,1
PROCESS-2_rec__093,0,1,1,0.5604751530209021,0.5260317519855243,1
PROCESS-2_rec__094,1,4,0,0.4481132397693468,0.4678781694425158,0
PROCESS-2_rec__095,0,5,0,0.21488771690568978,0.3534297073402716,0
PROCESS-2_rec__096,0,3,1,0.593086825048814,0.5455585587158526,1
PROCESS-2_rec__097,0,4,0,0.0023501641338096796,0.056211311060580804,0
PROCESS-2_rec__098,1,2,0,0.27926441068684765,0.3892222165073372,0
PROCESS-2_rec__099,1,3,0,0.3909287350853256,0.42081741533115635,0
PROCESS-2_rec__100,0,1,1,0.834680821408242,0.707603754765829,1
PROCESS-2_rec__101,1,4,1,0.8706609839383717,0.7224717975455356,1
PROCESS-2_rec__102,0,3,1,0.7913438294127223,0.6967044253462139,1
PROCESS-2_rec__103,0,3,1,0.7095366702237793,0.5814507110967685,1
PROCESS-2_rec__104,0,1,0,0.09166054658062768,0.2512633410116977,0
PROCESS-2_rec__105,0,1,0,0.3145935945198984,0.4053892964036329,0
PROCESS-2_rec__106,1,3,1,0.7444067448737364,0.6172297952377984,1
PROCESS-2_rec__107,0,3,0,0.08626578291141061,0.2204319264983612,0
PROCESS-2_rec__108,0,5,0,0.24564295309442818,0.3623949993541473,0
PROCESS-2_rec__109,0,4,0,0.39501610246857427,0.43863615913769455,0
PROCESS-2_rec__110,1,3,0,0.23824738388397723,0.35177067877902907,0
PROCESS-2_rec__111,1,4,1,0.9358648502337984,0.8104539784000918,1
PROCESS-2_rec__112,0,2,1,0.9547147958838345,0.7719594980943144,1
PROCESS-2_rec__113,1,2,1,0.7538758678884304,0.6443970841582262,1
PROCESS-2_rec__114,0,1,0,0.4865533071899862,0.4768160784091548,0
PROCESS-2_rec__115,1,3,0,8.298007030983969e-06,0.0035949640149677935,0
PROCESS-2_rec__116,1,2,0,0.44189473777989113,0.4749343487415066,0
PROCESS-2_rec__117,0,5,0,0.36688699027103827,0.42350161394712194,0
PROCESS-2_rec__118,1,2,1,0.726676733796729,0.6361089415433336,1
PROCESS-2_rec__119,1,1,1,0.8570436963384098,0.6979151674542342,1
PROCESS-2_rec__120,0,2,0,0.2675369832530745,0.38201461018468286,0
PROCESS-2_rec__121,0,4,0,0.21517544445989228,0.33859987608509295,0
PROCESS-2_rec__122,1,4,1,0.968585668551595,0.8519140405762222,1
PROCESS-2_rec__123,1,4,0,0.1532229233345757,0.30320224800390233,0
PROCESS-2_rec__124,0,5,0,0.46442248062026864,0.4990404995686852,0
PROCESS-2_rec__125,0,3,1,0.8003659967029968,0.678851873800625,1
PROCESS-2_rec__126,0,1,0,0.15658391943699074,0.3127109797892611,0
PROCESS-2_rec__127,1,2,0,0.42628672491507497,0.45631604982225377,0
PROCESS-2_rec__128,1,1,1,0.563455447115359,0.5262594152324843,1
PROCESS-2_rec__129,1,5,0,0.36351586843797584,0.4231362802028846,0
PROCESS-2_rec__130,0,3,0,0.15745439444567738,0.2678720506834743,0
PROCESS-2_rec__131,0,4,0,0.16719102499728958,0.31073882545094417,0
PROCESS-2_rec__132,1,5,1,0.9895079884465348,0.879333726679231,1
PROCESS-2_rec__133,0,1,0,0.4520444708316919,0.47613452935054196,0
PROCESS-2_rec__134,1,2,1,0.6924030742088252,0.5980022608710399,1
PROCESS-2_rec__135,0,4,0,0.12048790723181332,0.2568906244312652,0
PROCESS-2_rec__136,1,3,1,0.8924423480716751,0.7777830138847349,1
PROCESS-2_rec__137,1,4,1,0.6171272582341589,0.5797781372300547,1
PROCESS-2_rec__138,1,2,0,0.4059928112350458,0.4569512399599689,0
PROCESS-2_rec__139,1,3,1,0.6491848587174914,0.5760204938202748,1
PROCESS-2_rec__140,0,4,1,0.5174260646687746,0.5392005356093813,1
PROCESS-2_rec__141,0,3,0,0.49427715261923405,0.5054778742279092,1
PROCESS-2_rec__142,0,2,0,0.42097759456867756,0.4711505604425887,0
PROCESS-2_rec__143,1,1,1,0.7302673085883696,0.617051394230797,1
PROCESS-2_rec__144,1,2,1,0.752936146013958,0.6247473622040035,1
PROCESS-2_rec__145,1,1,1,0.9870384568166182,0.871881805567531,1
PROCESS-2_rec__146,1,1,1,0.9196733582005845,0.7710674107001395,1
PROCESS-2_rec__147,1,2,1,0.5750182624343139,0.5257045082018427,1
PROCESS-2_rec__148,1,2,0,0.27357718975846085,0.39016449256520774,0
PROCESS-2_rec__149,1,3,1,0.5249541330693874,0.5006371326325619,1
PROCESS-2_rec__150,1,4,0,0.469890286012258,0.4902368117702503,0
PROCESS-2_rec__151,1,5,1,0.6968361797938589,0.6158030187762559,1
PROCESS-2_rec__152,1,2,1,0.7214563330194028,0.6136062745632477,1
PROCESS-2_rec__153,0,3,1,0.5206333593104933,0.5100114194280904,1
PROCESS-2_rec__154,1,2,1,0.6205646865308766,0.5811568802338152,1
PROCESS-2_rec__155,0,1,0,0.2045890546115567,0.3400409851100033,0
PROCESS-2_rec__156,1,5,1,0.971217864413443,0.8315469025040002,1
PROCESS-2_rec__157,1,3,1,0.5508785185400805,0.5153304110036941,1
PROCESS-2_rec__158,1,3,0,0.21826609455263266,0.31532172410530634,0
PROCESS-2_rec__159,0,2,1,0.6022898518308383,0.5580536346067908,1
PROCESS-2_rec__160,1,3,0,0.46357018059558397,0.4882534654184038,0
PROCESS-2_rec__161,1,3,1,0.8085163944197604,0.6716242850246058,1
PROCESS-2_rec__162,1,4,0,0.33300146654470075,0.42205944212893076,0
PROCESS-2_rec__163,0,4,1,0.6568014649519646,0.6130777957383081,1
PROCESS-2_rec__164,1,2,1,0.5083384890704941,0.5276670402707163,1
PROCESS-2_rec__165,1,5,1,0.7613482869610504,0.6639629516213214,1
PROCESS-2_rec__166,0,1,0,0.4419749552472888,0.4772986708288809,0
PROCESS-2_rec__167,1,1,1,0.5853760817742574,0.5454759483652488,1
PROCESS-2_rec__168,1,5,0,0.3863540767994811,0.44334723120614866,0
PROCESS-2_rec__169,1,3,1,0.9516408465015481,0.8325482718334539,1
PROCESS-2_rec__170,0,1,1,0.5132071646327456,0.510822210486748,1
PROCESS-2_rec__171,1,5,0,0.37950957976922306,0.3912235698402106,0
PROCESS-2_rec__172,1,4,0,0.13070115863301096,0.2628941253270912,0
PROCESS-2_rec__173,1,3,0,0.3517102772756401,0.4090424112601528,0
PROCESS-2_rec__174,1,1,0,0.4179079771357178,0.44900481628996375,0
PROCESS-2_rec__175,1,1,1,0.8243270013621251,0.68282647925319,1
PROCESS-2_rec__176,0,4,0,0.24539592495066614,0.352500185912652,0
PROCESS-2_rec__177,1,3,1,0.7517265790433352,0.6745442599131525,1
PROCESS-2_rec__178,0,3,0,0.26499606360993533,0.3535665206208736,0
PROCESS-2_rec__179,0,2,0,0.3269806239404039,0.4270308639038263,0
PROCESS-2_rec__180,0,3,1,0.5409519501785561,0.5326160018033583,1
PROCESS-2_rec__181,1,5,1,0.9819389802433001,0.8553652418755333,1
PROCESS-2_rec__182,0,5,0,0.46770043051074256,0.4728430899465499,0
PROCESS-2_rec__183,0,5,0,0.25884811024783283,0.3640696826572655,0
PROCESS-2_rec__184,0,5,0,0.234638337739828,0.35216620604280785,0
PROCESS-2_rec__185,0,2,0,0.1858578334919219,0.3395625145400274,0
PROCESS-2_rec__186,1,4,0,0.2859247040745592,0.36498173132056927,0
PROCESS-2_rec__187,1,3,1,0.5683144616248985,0.493796574395408,0
PROCESS-2_rec__188,0,5,0,0.36867112308818045,0.4316214770432922,0
PROCESS-2_rec__189,1,1,1,0.6897585005728274,0.6011883963231042,1
PROCESS-2_rec__190,0,2,0,0.13955252053206285,0.3085511795864328,0
PROCESS-2_rec__191,0,3,0,0.15036324829347292,0.2564647843501103,0
PROCESS-2_rec__192,1,2,1,0.8078652543383684,0.691217992909683,1
PROCESS-2_rec__193,0,2,0,0.37451276599187366,0.436060824144211,0
PROCESS-2_rec__194,0,4,1,0.7119139634218362,0.6187184488855478,1
PROCESS-2_rec__195,0,4,0,0.2345489274853771,0.36077035540418617,0
PROCESS-2_rec__196,1,1,1,0.8086371977765239,0.6721571851731983,1
PROCESS-2_rec__197,0,4,1,0.6435745542498837,0.596806771641316,1
PROCESS-2_rec__198,1,4,0,0.24385833459265494,0.3498732187513088,0
PROCESS-2_rec__199,0,2,0,0.13658329368313996,0.3225408113329699,0
PROCESS-2_rec__200,0,5,0,0.4028111753178862,0.436904357823059,0
PROCESS-2_rec__201,0,5,0,0.3324773202307914,0.40181447211547444,0
PROCESS-2_rec__202,0,5,0,0.2317723462206838,0.3382721164723524,0
PROCESS-2_rec__203,1,5,1,0.9120908730456672,0.7698062560428113,1
PROCESS-2_rec__204,0,2,1,0.6380123586499835,0.566722904344965,1
PROCESS-2_rec__205,0,1,1,0.6286001284470673,0.5672750551260135,1
PROCESS-2_rec__206,1,2,1,0.6976767570035733,0.5969776396307588,1
PROCESS-2_rec__207,1,3,1,0.5353602441414425,0.5507982931233407,1
PROCESS-2_rec__208,0,5,0,0.4372608318834194,0.45830681857184513,0
PROCESS-2_rec__209,0,4,0,0.3472827682736828,0.40043571336576483,0
PROCESS-2_rec__210,1,4,0,0.23225099585659856,0.3320757915988433,0
PROCESS-2_rec__211,0,2,1,0.6459651050043762,0.5748964063928526,1
PROCESS-2_rec__212,1,3,1,0.9398300562469696,0.8033181706926005,1
PROCESS-2_rec__213,1,1,1,0.9709271192525769,0.8536691338525423,1
PROCESS-2_rec__214,0,2,0,0.3313329144645202,0.4323727663614568,0
PROCESS-2_rec__215,0,3,0,0.396863287759891,0.45638407330753233,0
PROCESS-2_rec__216,0,3,1,0.5505604224759955,0.5022413316742403,1
PROCESS-2_rec__217,0,2,0,0.2955303056121518,0.42384326545995604,0
PROCESS-2_rec__218,0,2,0,0.38115842227467667,0.41629327745669614,0
PROCESS-2_rec__219,0,1,0,0.47916070418971246,0.4916035208633504,0
PROCESS-2_rec__220,0,2,0,0.07233328503466875,0.22471175904741222,0
PROCESS-2_rec__221,1,3,1,0.9238166883204592,0.7931625053488053,1
PROCESS-2_rec__222,1,5,1,0.585570735079112,0.5778471458473528,1
PROCESS-2_rec__223,0,3,0,0.47678781926392516,0.47859286428789966,0
PROCESS-2_rec__224,1,2,1,0.8201256067887639,0.6527155163617838,1
PROCESS-2_rec__225,1,4,0,0.19191826448345967,0.31412613240382364,0
PROCESS-2_rec__226,1,1,0,0.31021183557273324,0.3981751784385379,0
PROCESS-2_rec__227,1,1,0,0.49810188375242936,0.48085324776084243,0
PROCESS-2_rec__228,1,4,1,0.5457310660830416,0.5306765128267158,1
PROCESS-2_rec__229,1,5,1,0.5768620806294175,0.5496183423139347,1
PROCESS-2_rec__230,1,5,1,0.813010068720386,0.6883148394843812,1
PROCESS-2_rec__231,1,3,1,0.5560758410930751,0.5246430460223624,1
PROCESS-2_rec__232,0,4,0,0.4026302185616282,0.46118712761164343,0
PROCESS-2_rec__233,1,2,1,0.6335546324958106,0.5904047272760379,1
PROCESS-2_rec__234,1,5,1,0.8884735355651695,0.7387874692476132,1
PROCESS-2_rec__235,1,4,1,0.7816057611661158,0.6780325966622529,1
PROCESS-2_rec__236,1,1,1,0.9106623303436642,0.7550330799583406,1
PROCESS-2_rec__237,1,5,1,0.6488281880332392,0.6017397176350888,1
PROCESS-2_rec__238,1,5,1,0.6089005120055664,0.591252746584456,1
PROCESS-2_rec__239,1,3,1,0.5482697465616388,0.5282755748710152,1
PROCESS-2_rec__240,1,2,1,0.694352921764028,0.5928404850160379,1
PROCESS-2_rec__241,1,5,1,0.5736075550416561,0.5453181897871777,1
PROCESS-2_rec__242,1,4,1,0.8327626041667608,0.7101427337637053,1
PROCESS-2_rec__243,0,4,0,0.1844820422374509,0.33045322206133204,0
PROCESS-2_rec__244,1,5,1,0.8980125483784025,0.7263230987944698,1
PROCESS-2_rec__245,0,3,0,0.15506596515780768,0.2637638543197102,0
PROCESS-2_rec__246,0,3,1,0.5863525852582243,0.5301458757242014,1
PROCESS-2_rec__247,1,5,0,0.4010887187380606,0.4313487818270823,0
PROCESS-2_rec__248,1,5,0,0.49161382926640307,0.49265339427545113,0
PROCESS-2_rec__249,1,2,1,0.5848835489499814,0.5606448154570881,1
PROCESS-2_rec__250,1,1,1,0.5505049249134526,0.5188238530012322,1
PROCESS-2_rec__251,0,5,0,0.4209010950950973,0.45122407443463725,0
PROCESS-2_rec__252,1,2,0,0.486380613090397,0.4938020220290906,0
PROCESS-2_rec__253,1,5,0,0.38207568705838924,0.46011083765455146,0
PROCESS-2_rec__254,1,4,0,0.3723015277421019,0.4139614021867531,0
PROCESS-2_rec__255,0,5,0,0.2906206571584519,0.3827576035506357,0
PROCESS-2_rec__256,1,3,1,0.7348507501639862,0.6466957039086907,1
PROCESS-2_rec__257,1,4,1,0.9533034725670316,0.8462823524637595,1
PROCESS-2_rec__258,1,2,0,0.4796611840291568,0.5117874124015348,1
PROCESS-2_rec__259,1,2,1,0.7243210562974424,0.620320902161844,1
PROCESS-2_rec__260,0,3,0,0.06814041749901571,0.2229092665807625,0
PROCESS-2_rec__261,0,1,0,0.39107172015223224,0.4488854929432056,0
PROCESS-2_rec__262,1,2,0,0.16358763177215102,0.34077186052028813,0
PROCESS-2_rec__263,0,4,1,0.622342590937056,0.5591051477330141,1
PROCESS-2_rec__264,0,1,1,0.5222212959529375,0.49886152378193444,0
PROCESS-2_rec__265,1,5,0,0.33707215201722607,0.40466125830137917,0
PROCESS-2_rec__266,0,2,1,0.6286494421210022,0.5806283457423055,1
PROCESS-2_rec__267,0,5,0,0.41497113679142955,0.4501286693142957,0
PROCESS-2_rec__268,0,1,1,0.5889224007189096,0.5342406100222975,1
PROCESS-2_rec__269,1,4,1,0.9379204954902303,0.8203926935847088,1
PROCESS-2_rec__270,0,1,0,0.16948596534340074,0.31971048168293,0
PROCESS-2_rec__271,0,2,0,0.32527472140104174,0.4132863455454803,0
PROCESS-2_rec__272,0,3,1,0.5042433510031462,0.4928836501638642,0
PROCESS-2_rec__273,0,5,1,0.5429392377656137,0.5227662949201526,1
PROCESS-2_rec__274,0,5,0,0.40687120599453663,0.468043631818182,0
PROCESS-2_rec__275,1,1,0,0.4400303249047721,0.47725041072097946,0
PROCESS-2_rec__276,1,4,1,0.8825488768570624,0.740816868118129,1
PROCESS-2_rec__277,0,2,0,0.1793159373904211,0.3131998090971878,0
PROCESS-2_rec__278,1,5,0,0.2917376117525091,0.3936649996712907,0
PROCESS-2_rec__279,0,2,0,0.4607870212121065,0.4802583787924684,0
PROCESS-2_rec__280,0,4,0,0.4346947526321584,0.47743218875691734,0
PROCESS-2_rec__281,1,1,0,0.35255338591722074,0.4219710794374428,0
PROCESS-2_rec__282,0,2,0,0.03458964585055609,0.18781206003317227,0
PROCESS-2_rec__283,1,4,0,0.39511202428322095,0.4570141131663921,0
PROCESS-2_rec__284,1,5,1,0.6301195301624858,0.5602085322782594,1
PROCESS-2_rec__285,1,3,1,0.5521499671877894,0.5488134897201203,1
PROCESS-2_rec__286,1,4,0,0.39707250052739,0.4332505097173107,0
PROCESS-2_rec__287,0,5,0,0.39663945679052803,0.41684487349762933,0
PROCESS-2_rec__288,0,2,0,0.44906473849156975,0.44110563895325194,0
PROCESS-2_rec__289,0,2,0,0.16440088099883388,0.3258498338973778,0
PROCESS-2_rec__290,0,3,1,0.5723292896596704,0.5688399809536197,1
PROCESS-2_rec__291,0,1,0,0.4397475445273809,0.4684544103887008,0
PROCESS-2_rec__292,0,2,0,0.23570002323956024,0.37075670212516537,0
PROCESS-2_rec__293,1,3,1,0.5710277219995389,0.5287385611880661,1
PROCESS-2_rec__294,0,5,0,0.46416099528475524,0.48346151390639297,0
PROCESS-2_rec__295,0,5,0,0.4517146689720161,0.4633372259800759,0
PROCESS-2_rec__296,1,1,1,0.6021039750658546,0.5602758259243631,1
PROCESS-2_rec__297,0,2,0,0.23610886438187298,0.3977157454240999,0
PROCESS-2_rec__298,0,5,0,0.446666471133905,0.4920486661468743,0
PROCESS-2_rec__299,1,3,0,0.18392145658161188,0.294214800032017,0
PROCESS-2_rec__300,0,1,1,0.6509052968205884,0.5746166141822493,1
PROCESS-2_rec__301,0,2,0,0.298883348577224,0.42159692507304736,0
PROCESS-2_rec__302,0,5,0,0.37272894063694234,0.4518846900992421,0
PROCESS-2_rec__303,1,2,0,0.35169887480417683,0.4268843963380209,0
PROCESS-2_rec__304,0,4,0,0.16616253056687005,0.3142528727393427,0
PROCESS-2_rec__305,0,4,0,0.469856301676647,0.501925480827255,1
PROCESS-2_rec__306,1,4,0,0.37157902906971074,0.4259746383045222,0
PROCESS-2_rec__307,0,4,0,0.1918403141517659,0.3227264645794327,0
PROCESS-2_rec__308,0,3,0,0.49811404619560246,0.4667999007230191,0
PROCESS-2_rec__309,1,5,0,0.45195837966529356,0.48804021866924324,0
PROCESS-2_rec__310,0,3,0,0.4360087521619438,0.4454278410906451,0
PROCESS-2_rec__311,0,4,1,0.9875446438492166,0.902196647263847,1
PROCESS-2_rec__312,0,5,0,0.3870202888269235,0.43268956306781586,0
PROCESS-2_rec__313,0,1,1,0.8152186020916292,0.6799617654021213,1
PROCESS-2_rec__314,0,3,1,0.5885158084738467,0.5554547046792732,1
PROCESS-2_rec__315,0,4,0,0.3465761553573792,0.399825386068068,0
PROCESS-2_rec__316,0,1,0,0.20522241666681534,0.3353150712779412,0
PROCESS-2_rec__317,0,3,0,0.2478681878169001,0.3525913580451061,0
PROCESS-2_rec__318,1,1,1,0.8327721305877512,0.6969818993513837,1
PROCESS-2_rec__319,1,5,1,0.6724456164029626,0.6300762707965687,1
PROCESS-2_rec__320,0,4,0,0.09900947074121073,0.250478129338553,0
