threshold,accuracy,balanced_accuracy,precision,sensitivity,recall,specificity,f1,youden_j
0.2,0.559375,0.5593750000000001,0.5331010452961672,0.95625,0.95625,0.1625,0.6845637583892618,0.11875000000000013
0.21,0.571875,0.571875,0.5406360424028268,0.95625,0.95625,0.1875,0.690744920993228,0.14375000000000004
0.22,0.58125,0.5812499999999999,0.5467625899280576,0.95,0.95,0.2125,0.6940639269406392,0.16249999999999987
0.23,0.584375,0.584375,0.5487364620938628,0.95,0.95,0.21875,0.6956521739130435,0.16874999999999996
0.24,0.596875,0.596875,0.5576208178438662,0.9375,0.9375,0.25625,0.6993006993006993,0.1937500000000001
0.25,0.6,0.6000000000000001,0.5606060606060606,0.925,0.925,0.275,0.6981132075471698,0.20000000000000018
0.26,0.603125,0.603125,0.5627376425855514,0.925,0.925,0.28125,0.6997635933806147,0.20625000000000004
0.27,0.609375,0.609375,0.5675675675675675,0.91875,0.91875,0.3,0.7016706443914081,0.21875
0.28,0.6125,0.6125,0.5708661417322834,0.90625,0.90625,0.31875,0.7004830917874396,0.2250000000000001
0.29,0.609375,0.609375,0.5691699604743083,0.9,0.9,0.31875,0.6973365617433414,0.21875
0.3,0.61875,0.61875,0.5766129032258065,0.89375,0.89375,0.34375,0.7009803921568627,0.23750000000000004
0.31,0.61875,0.6187499999999999,0.5772357723577236,0.8875,0.8875,0.35,0.6995073891625616,0.23749999999999982
0.32,0.625,0.625,0.5826446280991735,0.88125,0.88125,0.36875,0.7014925373134329,0.25
0.33,0.628125,0.628125,0.5864978902953587,0.86875,0.86875,0.3875,0.7002518891687658,0.2562500000000001
0.34,0.621875,0.621875,0.5844155844155844,0.84375,0.84375,0.4,0.690537084398977,0.2437499999999999
0.35,0.625,0.625,0.5877192982456141,0.8375,0.8375,0.4125,0.6907216494845361,0.25
0.36,0.6125,0.6125,0.5803571428571429,0.8125,0.8125,0.4125,0.6770833333333334,0.2250000000000001
0.37,0.625,0.625,0.591743119266055,0.80625,0.80625,0.44375,0.6825396825396826,0.25
0.38,0.625,0.625,0.5943396226415094,0.7875,0.7875,0.4625,0.6774193548387096,0.25
0.39,0.621875,0.621875,0.5942028985507246,0.76875,0.76875,0.475,0.670299727520436,0.2437499999999999
0.4,0.61875,0.6187499999999999,0.5969387755102041,0.73125,0.73125,0.50625,0.6573033707865169,0.23749999999999982
0.41,0.61875,0.61875,0.6,0.7125,0.7125,0.525,0.6514285714285715,0.23750000000000004
0.42,0.621875,0.621875,0.6042780748663101,0.70625,0.70625,0.5375,0.6512968299711815,0.2437499999999999
0.43,0.628125,0.628125,0.6120218579234973,0.7,0.7,0.55625,0.6530612244897959,0.2562500000000001
0.44,0.6375,0.6375,0.6235955056179775,0.69375,0.69375,0.58125,0.6568047337278107,0.2749999999999999
0.45,0.6375,0.6375,0.627906976744186,0.675,0.675,0.6,0.6506024096385542,0.2749999999999999
0.46,0.64375,0.64375,0.6369047619047619,0.66875,0.66875,0.61875,0.6524390243902439,0.2875000000000001
0.47,0.653125,0.653125,0.6521739130434783,0.65625,0.65625,0.65,0.6542056074766355,0.3062499999999999
0.48,0.659375,0.659375,0.6624203821656051,0.65,0.65,0.66875,0.6561514195583596,0.3187500000000001
0.49,0.6625,0.6625000000000001,0.6688311688311688,0.64375,0.64375,0.68125,0.6560509554140127,0.3250000000000002
0.5,0.6625,0.6625,0.6756756756756757,0.625,0.625,0.7,0.6493506493506493,0.32499999999999996
0.51,0.659375,0.659375,0.6758620689655173,0.6125,0.6125,0.70625,0.6426229508196721,0.3187500000000001
0.52,0.665625,0.6656249999999999,0.6879432624113475,0.60625,0.60625,0.725,0.6445182724252492,0.3312499999999998
0.53,0.66875,0.66875,0.6985294117647058,0.59375,0.59375,0.74375,0.6418918918918919,0.3374999999999999
0.54,0.6625,0.6625000000000001,0.6940298507462687,0.58125,0.58125,0.74375,0.6326530612244898,0.3250000000000002
0.55,0.66875,0.66875,0.7109375,0.56875,0.56875,0.76875,0.6319444444444444,0.3374999999999999
0.56,0.65625,0.65625,0.7049180327868853,0.5375,0.5375,0.775,0.6099290780141844,0.3125
0.57,0.653125,0.653125,0.7058823529411765,0.525,0.525,0.78125,0.6021505376344086,0.3062499999999999
0.58,0.64375,0.64375,0.7017543859649122,0.5,0.5,0.7875,0.583941605839416,0.2875000000000001
0.59,0.64375,0.64375,0.7129629629629629,0.48125,0.48125,0.80625,0.5746268656716418,0.2875000000000001
0.6,0.646875,0.646875,0.719626168224299,0.48125,0.48125,0.8125,0.5767790262172284,0.29374999999999996
0.61,0.640625,0.640625,0.7227722772277227,0.45625,0.45625,0.825,0.5593869731800766,0.28125
0.62,0.634375,0.6343749999999999,0.7171717171717171,0.44375,0.44375,0.825,0.5482625482625483,0.2687499999999998
0.63,0.6375,0.6375,0.7391304347826086,0.425,0.425,0.85,0.5396825396825397,0.2749999999999999
0.64,0.6375,0.6375,0.75,0.4125,0.4125,0.8625,0.532258064516129,0.2749999999999999
0.65,0.6375,0.6375,0.7619047619047619,0.4,0.4,0.875,0.5245901639344263,0.2749999999999999
0.66,0.640625,0.640625,0.7777777777777778,0.39375,0.39375,0.8875,0.5228215767634855,0.28125
0.67,0.64375,0.64375,0.7875,0.39375,0.39375,0.89375,0.525,0.2875000000000001
0.68,0.640625,0.640625,0.7922077922077922,0.38125,0.38125,0.9,0.5147679324894515,0.28125
0.69,0.6375,0.6375,0.7894736842105263,0.375,0.375,0.9,0.5084745762711864,0.2749999999999999
0.7,0.625,0.625,0.7857142857142857,0.34375,0.34375,0.90625,0.4782608695652174,0.25
0.71,0.628125,0.628125,0.8059701492537313,0.3375,0.3375,0.91875,0.47577092511013214,0.2562500000000001
0.72,0.628125,0.628125,0.8153846153846154,0.33125,0.33125,0.925,0.4711111111111111,0.2562500000000001
0.73,0.61875,0.61875,0.8064516129032258,0.3125,0.3125,0.925,0.45045045045045046,0.23750000000000004
0.74,0.60625,0.60625,0.7931034482758621,0.2875,0.2875,0.925,0.42201834862385323,0.2124999999999999
0.75,0.60625,0.60625,0.8035714285714286,0.28125,0.28125,0.93125,0.4166666666666667,0.2124999999999999
0.76,0.596875,0.596875,0.7924528301886793,0.2625,0.2625,0.93125,0.39436619718309857,0.1937500000000001
0.77,0.590625,0.590625,0.7843137254901961,0.25,0.25,0.93125,0.3791469194312796,0.1812499999999999
0.78,0.5875,0.5875,0.78,0.24375,0.24375,0.93125,0.37142857142857144,0.17500000000000004
0.79,0.58125,0.58125,0.7708333333333334,0.23125,0.23125,0.93125,0.3557692307692308,0.1625000000000001
0.8,0.58125,0.58125,0.782608695652174,0.225,0.225,0.9375,0.34951456310679613,0.1625000000000001
