experiment,model,fold,accuracy,balanced_accuracy,precision,recall,specificity,f1,roc_auc,training_f1,validation_f1,train_validation_f1_gap
SFT,logistic,1,0.484375,0.484375,0.4864864864864865,0.5625,0.40625,0.5217391304347826,0.603515625,0.6341463414634146,0.5217391304347826,0.11240721102863205
SFT,logistic,2,0.5625,0.5625,0.5714285714285714,0.5,0.625,0.5333333333333333,0.6533203125,0.6290322580645161,0.5333333333333333,0.0956989247311828
SFT,logistic,3,0.625,0.625,0.6666666666666666,0.5,0.75,0.5714285714285714,0.6484375,0.628099173553719,0.5714285714285714,0.05667060212514763
SFT,logistic,4,0.65625,0.65625,0.65625,0.65625,0.65625,0.65625,0.6181640625,0.631578947368421,0.65625,-0.024671052631578982
SFT,logistic,5,0.609375,0.609375,0.64,0.5,0.71875,0.5614035087719298,0.71484375,0.5934959349593496,0.5614035087719298,0.03209242618741981
SFT,linear_svm,1,0.546875,0.546875,0.5517241379310345,0.5,0.59375,0.5245901639344263,0.568359375,0.6097560975609756,0.5245901639344263,0.08516593362654934
SFT,linear_svm,2,0.5625,0.5625,0.5714285714285714,0.5,0.625,0.5333333333333333,0.658203125,0.6290322580645161,0.5333333333333333,0.0956989247311828
SFT,linear_svm,3,0.5625,0.5625,0.5769230769230769,0.46875,0.65625,0.5172413793103449,0.6376953125,0.6244725738396625,0.5172413793103449,0.10723119452931762
SFT,linear_svm,4,0.625,0.625,0.625,0.625,0.625,0.625,0.62109375,0.6276150627615062,0.625,0.0026150627615062483
SFT,linear_svm,5,0.609375,0.609375,0.6521739130434783,0.46875,0.75,0.5454545454545454,0.685546875,0.5853658536585366,0.5454545454545454,0.039911308203991136
SFT,rbf_svm,1,0.53125,0.53125,0.5277777777777778,0.59375,0.46875,0.5588235294117647,0.6318359375,0.6320346320346321,0.5588235294117647,0.07321110262286734
SFT,rbf_svm,2,0.671875,0.671875,0.7037037037037037,0.59375,0.75,0.6440677966101694,0.6708984375,0.6180257510729614,0.6440677966101694,-0.026042045537208014
SFT,rbf_svm,3,0.5625,0.5625,0.5625,0.5625,0.5625,0.5625,0.5478515625,0.8379446640316206,0.5625,0.2754446640316206
SFT,rbf_svm,4,0.609375,0.609375,0.6129032258064516,0.59375,0.625,0.6031746031746031,0.62109375,0.6984126984126984,0.6031746031746031,0.09523809523809523
SFT,rbf_svm,5,0.6875,0.6875,0.75,0.5625,0.8125,0.6428571428571429,0.7587890625,0.6106194690265486,0.6428571428571429,-0.03223767383059428
PFT,logistic,1,0.625,0.625,0.625,0.625,0.625,0.625,0.6416015625,0.6101694915254238,0.625,-0.014830508474576232
PFT,logistic,2,0.609375,0.609375,0.7058823529411765,0.375,0.84375,0.4897959183673469,0.5185546875,0.6497890295358649,0.4897959183673469,0.159993111168518
PFT,logistic,3,0.609375,0.609375,0.6296296296296297,0.53125,0.6875,0.576271186440678,0.6142578125,0.5975103734439834,0.576271186440678,0.021239187003305404
PFT,logistic,4,0.546875,0.546875,0.5555555555555556,0.46875,0.625,0.5084745762711864,0.533203125,0.6495726495726496,0.5084745762711864,0.14109807330146318
PFT,logistic,5,0.625,0.625,0.625,0.625,0.625,0.625,0.6904296875,0.5907172995780591,0.625,-0.034282700421940926
PFT,linear_svm,1,0.671875,0.671875,0.6896551724137931,0.625,0.71875,0.6557377049180327,0.6416015625,0.5929203539823009,0.6557377049180327,-0.06281735093573182
PFT,linear_svm,2,0.59375,0.59375,0.6875,0.34375,0.84375,0.4583333333333333,0.515625,0.6437768240343348,0.4583333333333333,0.18544349070100147
PFT,linear_svm,3,0.609375,0.609375,0.6129032258064516,0.59375,0.625,0.6031746031746031,0.6064453125,0.6052631578947368,0.6031746031746031,0.002088554720133695
PFT,linear_svm,4,0.546875,0.546875,0.56,0.4375,0.65625,0.49122807017543857,0.5361328125,0.6406926406926406,0.49122807017543857,0.14946457051720208
PFT,linear_svm,5,0.609375,0.609375,0.6206896551724138,0.5625,0.65625,0.5901639344262295,0.6708984375,0.5470085470085471,0.5901639344262295,-0.043155387417682434
PFT,rbf_svm,1,0.59375,0.59375,0.625,0.46875,0.71875,0.5357142857142857,0.6474609375,0.6504854368932039,0.5357142857142857,0.11477115117891823
PFT,rbf_svm,2,0.53125,0.53125,0.5625,0.28125,0.78125,0.375,0.486328125,0.6422018348623854,0.375,0.26720183486238536
PFT,rbf_svm,3,0.578125,0.578125,0.6086956521739131,0.4375,0.71875,0.509090909090909,0.6064453125,0.6607142857142857,0.509090909090909,0.15162337662337666
PFT,rbf_svm,4,0.578125,0.578125,0.6086956521739131,0.4375,0.71875,0.509090909090909,0.5009765625,0.6283185840707964,0.509090909090909,0.1192276749798874
PFT,rbf_svm,5,0.671875,0.671875,0.7037037037037037,0.59375,0.75,0.6440677966101694,0.7265625,0.6255506607929515,0.6440677966101694,-0.018517135817217922
CTD,logistic,1,0.625,0.625,0.6333333333333333,0.59375,0.65625,0.6129032258064516,0.6796875,0.6530612244897959,0.6129032258064516,0.04015799868334424
CTD,logistic,2,0.640625,0.640625,0.7142857142857143,0.46875,0.8125,0.5660377358490566,0.6884765625,0.656,0.5660377358490566,0.08996226415094344
CTD,logistic,3,0.578125,0.578125,0.5757575757575758,0.59375,0.5625,0.5846153846153846,0.59765625,0.6748971193415638,0.5846153846153846,0.09028173472617917
CTD,logistic,4,0.609375,0.609375,0.6060606060606061,0.625,0.59375,0.6153846153846154,0.599609375,0.6612903225806451,0.6153846153846154,0.04590570719602971
CTD,logistic,5,0.75,0.75,0.7666666666666667,0.71875,0.78125,0.7419354838709677,0.8037109375,0.6141078838174274,0.7419354838709677,-0.12782760005354032
CTD,linear_svm,1,0.609375,0.609375,0.6206896551724138,0.5625,0.65625,0.5901639344262295,0.6845703125,0.65,0.5901639344262295,0.059836065573770525
CTD,linear_svm,2,0.609375,0.609375,0.6842105263157895,0.40625,0.8125,0.5098039215686274,0.708984375,0.6613545816733067,0.5098039215686274,0.15155066010467932
CTD,linear_svm,3,0.5625,0.5625,0.5625,0.5625,0.5625,0.5625,0.59765625,0.6804979253112033,0.5625,0.11799792531120334
CTD,linear_svm,4,0.5625,0.5625,0.5588235294117647,0.59375,0.53125,0.5757575757575758,0.5908203125,0.6586345381526104,0.5757575757575758,0.08287696239503461
CTD,linear_svm,5,0.71875,0.71875,0.7333333333333333,0.6875,0.75,0.7096774193548387,0.8046875,0.6255144032921811,0.7096774193548387,-0.08416301606265764
CTD,rbf_svm,1,0.640625,0.640625,0.6451612903225806,0.625,0.65625,0.6349206349206349,0.64453125,0.7049180327868853,0.6349206349206349,0.06999739786625037
CTD,rbf_svm,2,0.640625,0.640625,0.68,0.53125,0.75,0.5964912280701754,0.7099609375,0.6956521739130435,0.5964912280701754,0.09916094584286805
CTD,rbf_svm,3,0.5625,0.5625,0.5666666666666667,0.53125,0.59375,0.5483870967741935,0.60546875,0.6521739130434783,0.5483870967741935,0.10378681626928477
CTD,rbf_svm,4,0.59375,0.59375,0.59375,0.59375,0.59375,0.59375,0.5947265625,0.6558704453441295,0.59375,0.06212044534412953
CTD,rbf_svm,5,0.75,0.75,0.75,0.75,0.75,0.75,0.8037109375,0.6693877551020408,0.75,-0.08061224489795915
ALL,logistic,1,0.59375,0.59375,0.5882352941176471,0.625,0.5625,0.6060606060606061,0.6640625,0.7155172413793104,0.6060606060606061,0.10945663531870431
ALL,logistic,2,0.578125,0.578125,0.5925925925925926,0.5,0.65625,0.5423728813559322,0.615234375,0.6831275720164609,0.5423728813559322,0.1407546906605287
ALL,logistic,3,0.578125,0.578125,0.5757575757575758,0.59375,0.5625,0.5846153846153846,0.6044921875,0.675,0.5846153846153846,0.0903846153846154
ALL,logistic,4,0.546875,0.546875,0.56,0.4375,0.65625,0.49122807017543857,0.5751953125,0.714859437751004,0.49122807017543857,0.22363136757556545
ALL,logistic,5,0.765625,0.765625,0.84,0.65625,0.875,0.7368421052631579,0.7802734375,0.6638297872340425,0.7368421052631579,-0.07301231802911534
ALL,linear_svm,1,0.546875,0.546875,0.5483870967741935,0.53125,0.5625,0.5396825396825397,0.650390625,0.7319148936170212,0.5396825396825397,0.19223235393448157
ALL,linear_svm,2,0.53125,0.53125,0.5357142857142857,0.46875,0.59375,0.5,0.5732421875,0.7166666666666667,0.5,0.21666666666666667
ALL,linear_svm,3,0.53125,0.53125,0.5333333333333333,0.5,0.5625,0.5161290322580645,0.5791015625,0.7166666666666667,0.5161290322580645,0.20053763440860217
ALL,linear_svm,4,0.578125,0.578125,0.6086956521739131,0.4375,0.71875,0.509090909090909,0.5625,0.7428571428571429,0.509090909090909,0.23376623376623384
ALL,linear_svm,5,0.71875,0.71875,0.7692307692307693,0.625,0.8125,0.6896551724137931,0.796875,0.6666666666666666,0.6896551724137931,-0.02298850574712652
ALL,rbf_svm,1,0.53125,0.53125,0.5333333333333333,0.5,0.5625,0.5161290322580645,0.63671875,0.8536585365853658,0.5161290322580645,0.33752950432730133
ALL,rbf_svm,2,0.640625,0.640625,0.6451612903225806,0.625,0.65625,0.6349206349206349,0.66796875,0.7551867219917012,0.6349206349206349,0.12026608707106634
ALL,rbf_svm,3,0.546875,0.546875,0.5454545454545454,0.5625,0.53125,0.5538461538461539,0.5751953125,0.8051948051948052,0.5538461538461539,0.25134865134865136
ALL,rbf_svm,4,0.546875,0.546875,0.5555555555555556,0.46875,0.625,0.5084745762711864,0.5576171875,0.7053941908713693,0.5084745762711864,0.19691961460018292
ALL,rbf_svm,5,0.734375,0.734375,0.7777777777777778,0.65625,0.8125,0.711864406779661,0.8193359375,0.6982758620689655,0.711864406779661,-0.013588544710695483
