participant_id,true_label,sft_logistic_fold,sft_logistic_prediction,sft_logistic_score,sft_linear_svm_fold,sft_linear_svm_prediction,sft_linear_svm_score,sft_rbf_svm_fold,sft_rbf_svm_prediction,sft_rbf_svm_score,pft_logistic_fold,pft_logistic_prediction,pft_logistic_score,pft_linear_svm_fold,pft_linear_svm_prediction,pft_linear_svm_score,pft_rbf_svm_fold,pft_rbf_svm_prediction,pft_rbf_svm_score,ctd_logistic_fold,ctd_logistic_prediction,ctd_logistic_score,ctd_linear_svm_fold,ctd_linear_svm_prediction,ctd_linear_svm_score,ctd_rbf_svm_fold,ctd_rbf_svm_prediction,ctd_rbf_svm_score,all_logistic_fold,all_logistic_prediction,all_logistic_score,all_linear_svm_fold,all_linear_svm_prediction,all_linear_svm_score,all_rbf_svm_fold,all_rbf_svm_prediction,all_rbf_svm_score
PROCESS-2_rec__001,0,4,1,0.5674675917591244,4,1,0.12748348446183405,4,1,0.5173652230421447,4,0,0.3527992809896358,4,0,-0.2875678330427259,4,0,-0.5045356325738892,4,1,0.5454442570203454,4,1,0.06302098060944698,4,0,-0.05310574533634271,4,0,0.3799588574453778,4,0,-0.31798028306217785,4,0,-0.15320087080939915
PROCESS-2_rec__002,0,4,1,0.8085181822089884,4,1,0.7510481156791805,4,1,0.6848178009891414,4,1,0.7686557687964819,4,1,0.4793494710901594,4,1,0.39041122399017275,4,1,0.8620362760149984,4,1,0.9332246257468756,4,1,1.7555180632740985,4,1,0.9251047970354465,4,1,1.4872186884725993,4,1,1.2410524572635033
PROCESS-2_rec__003,1,1,0,0.340105075667011,1,0,-0.4038989090681081,1,0,-0.6168337903645458,1,1,0.5378394507964229,1,1,0.087529076677512,1,0,-0.06705282323634518,1,0,0.4358436436274945,1,0,-0.10863351141354359,1,0,-0.9410098271430546,1,0,0.4568690450616495,1,0,-0.08889796807115458,1,0,-0.4587096250160757
PROCESS-2_rec__004,0,5,0,0.4220450091488646,5,0,-0.22678982420890584,5,0,-0.18288845950750912,5,0,0.4017137348521178,5,0,-0.29012148733044674,5,1,0.12834776854886273,5,1,0.6166721286808385,5,1,0.3048775989971929,5,1,0.2835371230869785,5,0,0.48797452023160215,5,0,-0.02441983504132432,5,1,0.11025833986330702
PROCESS-2_rec__005,0,2,0,0.2133387995110636,2,0,-0.5537211981240995,2,0,-0.7682216677774187,2,0,0.3094145583610133,2,0,-0.3552952161639139,2,0,-1.1495549491800523,2,0,0.3184755203376067,2,1,0.03989135546290289,2,0,-0.5164775520728412,2,0,0.37674626072452844,2,1,0.14124201648403023,2,0,-0.30561208435399245
PROCESS-2_rec__006,1,5,1,0.7243904069037269,5,1,0.4845016161054207,5,1,0.9921608869023688,5,0,0.4986950912714864,5,0,-0.06447464954078504,5,0,-0.3756704639941638,5,1,0.6069563526544192,5,1,0.05719364174751681,5,1,0.126142718527519,5,1,0.6975281599830587,5,0,-0.10031911436866837,5,1,0.6962182763967776
PROCESS-2_rec__007,1,4,1,0.5390383269648913,4,1,0.10080589585152988,4,0,-0.08195574655589426,4,0,0.2437632372910271,4,0,-0.5319354899466214,4,0,-1.2034346981543214,4,1,0.5228633016084118,4,1,0.11296643428660129,4,1,0.119772857114403,4,0,0.47989264005518606,4,0,-0.14978535485542122,4,0,-0.17924540496398322
PROCESS-2_rec__008,1,3,0,0.4065768960047361,3,0,-0.16830114581065725,3,1,0.25061049157164667,3,0,0.3503749394897739,3,0,-0.2587239853306153,3,0,-0.39362153166184133,3,0,0.40609530895088164,3,0,-0.364300977934954,3,0,-0.3458501140111284,3,0,0.39604434717276477,3,0,-0.29648559023870047,3,0,-0.44798751818917815
PROCESS-2_rec__009,1,2,1,0.8273070771380837,2,1,0.6782045237742443,2,1,0.8163354809946721,2,0,0.3128287945041088,2,0,-0.34136714484993147,2,0,-0.3289192657567124,2,1,0.5168030514125679,2,0,-0.0436509255974793,2,1,0.22082953860531185,2,0,0.39332007402850416,2,0,-0.4637609874293605,2,1,0.5962080347095184
PROCESS-2_rec__010,1,1,0,0.43270902551727075,1,0,-0.16425594681682734,1,0,-0.3706356064285022,1,1,0.514170798931159,1,1,0.011406016778007379,1,1,0.06317933349384065,1,0,0.48019981484014024,1,0,-0.028702224722106897,1,0,-0.17779630016494893,1,0,0.452058015308386,1,0,-0.24094926069708686,1,1,0.009101205727246903
PROCESS-2_rec__011,1,4,1,0.8689673309492008,4,1,1.0369100414262298,4,1,0.17737923828583244,4,1,0.9455445487906334,4,1,1.1561043417221342,4,1,1.1964774606927802,4,1,0.8281823474812401,4,1,0.6595252446048336,4,1,1.3351850503247187,4,1,0.9312898543602497,4,1,1.0927170247205655,4,1,0.7636419123507063
PROCESS-2_rec__012,1,5,0,0.472298319847663,5,0,-0.22944354442650844,5,1,0.6902135162107559,5,1,0.6182763101069245,5,1,0.32358114166220664,5,1,0.912061365803566,5,1,0.7317410158330037,5,1,0.5289043704750968,5,1,0.8637879649651848,5,1,0.7354817203112495,5,1,0.2926075957314169,5,1,0.6095028771067411
PROCESS-2_rec__013,0,3,0,0.4409226478518794,3,1,0.058877005581276134,3,1,1.6210135098286704,3,0,0.39379408773252744,3,0,-0.48470288214062573,3,0,-0.12125816015862889,3,0,0.26253217866279843,3,0,-0.5098667575688235,3,0,-1.0766753844855916,3,0,0.48515286862595497,3,0,-0.05433551868499345,3,1,0.2696562780612377
PROCESS-2_rec__014,0,1,1,0.507897810243953,1,1,0.08042048037782147,1,0,-0.44754457697370226,1,0,0.2639834224890301,1,0,-0.19310329309495053,1,0,-0.7568578494177742,1,0,0.16477598506616153,1,0,-0.9594542649397181,1,0,-0.9211835793149402,1,0,0.12564330377314087,1,0,-0.9677928072887868,1,0,-1.5235235437245624
PROCESS-2_rec__015,0,4,1,0.5083119189598619,4,1,0.05108013722105196,4,0,-0.0034621252465499713,4,0,0.4966508468653651,4,0,-0.025719431492351605,4,0,-0.1302538012654798,4,1,0.7293760339532198,4,1,0.5019527286402006,4,1,1.0599862505572077,4,1,0.6472868285071061,4,1,0.3787131061067345,4,1,0.5091773235371411
PROCESS-2_rec__016,1,1,1,0.523953927723677,1,1,0.04507802442210431,1,1,0.10948159328635504,1,1,0.5181713732903176,1,1,0.10842041986424969,1,0,-0.6877829046037114,1,1,0.8150969334352274,1,1,0.8336828018993738,1,1,1.3704193369716595,1,1,0.6145196437062,1,1,0.22955429721663564,1,1,0.09333163443503065
PROCESS-2_rec__017,0,2,0,0.41578599441801284,2,0,-0.15891534995278647,2,0,-0.39792857249306857,2,1,0.6552472146787667,2,1,0.2585410255827784,2,1,0.12932967767180448,2,1,0.5659865655646239,2,1,0.16746797987732295,2,1,0.10367928058356263,2,1,0.6252486374260025,2,1,0.16341271337590216,2,0,-0.11637726480165134
PROCESS-2_rec__018,1,2,1,0.8735802834877636,2,1,0.7905735228503497,2,1,1.3398411341255205,2,1,0.6302326240367773,2,1,0.2076233792069781,2,1,0.12972549451468862,2,1,0.9399730437136142,2,1,1.0605279200162723,2,1,0.8943708266900225,2,1,0.9133258457202862,2,1,0.6887023974272001,2,1,0.8420322502334259
PROCESS-2_rec__019,1,1,1,0.5427938138338151,1,1,0.10229678339631823,1,0,-0.0322536031773068,1,1,0.5415904582656704,1,1,0.1038981024398338,1,1,0.06479263335031418,1,0,0.48171594348696195,1,0,-0.03669558581085945,1,0,-0.4140277442390955,1,0,0.3974923849332742,1,0,-0.29468856136830324,1,0,-1.2848241781114507
PROCESS-2_rec__020,0,4,0,0.3013863201796155,4,0,-0.41659788460321917,4,0,-0.4920795839627481,4,0,0.31425246921987143,4,0,-0.34533119396644135,4,0,-0.6822311125554057,4,1,0.5281741874889255,4,1,0.06648463156961117,4,1,0.2065790940564125,4,0,0.4154431229149191,4,0,-0.056360042958901214,4,0,-0.3517106287743067
PROCESS-2_rec__021,0,5,1,0.8281072275828388,5,1,0.8318841715170764,5,1,0.22890704137261797,5,0,0.3680877440735485,5,0,-0.2511758169163608,5,0,-0.9633544991409903,5,0,0.40037167655091666,5,0,-0.23254699180834545,5,0,-0.44990414088234043,5,0,0.48329267276474425,5,0,-0.3274431763750837,5,1,0.11454680746538465
PROCESS-2_rec__022,0,1,0,0.18163498308957018,1,0,-0.7360804766020134,1,0,-1.494424375829201,1,0,0.2339836741632657,1,0,-0.6095375638951099,1,0,-1.2879021821745167,1,0,0.23743701458654184,1,0,-0.5015707034473609,1,0,-0.6142880826059607,1,0,0.09047846274431895,1,0,-0.9877862882765988,1,0,-1.3497191108153686
PROCESS-2_rec__023,1,4,1,0.6895324948457594,4,1,0.40199113648405793,4,1,0.9389513987971229,4,1,0.5086565964723897,4,0,-0.0027433949037369634,4,1,0.023915718065620317,4,0,0.4921517122355132,4,0,-0.04000920944627653,4,0,-0.108419462813241,4,1,0.5629436068254862,4,1,0.0004906724399829435,4,1,0.17038646430087562
PROCESS-2_rec__024,1,2,1,0.7385154775398265,2,1,0.4641036927498569,2,1,0.6241217234146896,2,1,0.7491444157998391,2,1,0.448845265409122,2,1,1.0640140266958096,2,0,0.363821557094516,2,0,-0.23142718806802387,2,0,-0.9602567780811548,2,1,0.6461912457426896,2,1,0.301802676732068,2,1,0.01358850506319409
PROCESS-2_rec__025,1,2,1,0.5255159027276167,2,1,0.04432774252981339,2,1,0.2543770471417422,2,0,0.37303597634074215,2,0,-0.21738899543330573,2,0,-1.0029602835754778,2,1,0.5784368329156231,2,1,0.33006471518290137,2,1,0.9603282680240219,2,1,0.5833648074487031,2,1,0.09678855460777686,2,1,0.37875501071358536
PROCESS-2_rec__026,1,4,0,0.3575157034632,4,0,-0.27020602991112086,4,0,-0.5161968819084118,4,1,0.6913912827126688,4,1,0.3560465795734699,4,1,0.11920634210122982,4,1,0.6151477758001304,4,1,0.2021387374100007,4,1,0.11386879251404913,4,1,0.6689009135542957,4,1,0.2758857449512253,4,0,-0.06987439873235513
PROCESS-2_rec__027,0,3,0,0.48392832538185165,3,1,0.0006898540025800102,3,1,0.4781765999541292,3,0,0.41777881832393443,3,0,-0.2404738603913733,3,0,-0.3178411250557429,3,0,0.4010299894804221,3,0,-0.1952206246720426,3,0,-0.5463067063238046,3,0,0.325592735237395,3,0,-0.2828367004459421,3,0,-1.1406893182432942
PROCESS-2_rec__028,0,1,1,0.5224897282802143,1,0,-0.006882705464804082,1,1,0.22502796517696205,1,1,0.5237769745557664,1,0,-0.0747263641435924,1,1,0.5145976537398868,1,1,0.6968593310745742,1,1,0.3430247796148326,1,1,0.7816742481838056,1,1,0.6257452688561127,1,1,0.0761284005889415,1,1,0.5505515704743752
PROCESS-2_rec__029,1,2,1,0.8044576571656129,2,1,0.5822354086722751,2,1,1.045787714958101,2,0,0.3832264058658307,2,0,-0.2251501083366907,2,0,-0.6030315885118485,2,1,0.8208896244056257,2,1,0.6782570636319334,2,1,0.7445212168787061,2,1,0.7416143913181363,2,1,0.37936504021087275,2,1,0.8272217317508355
PROCESS-2_rec__030,1,4,0,0.1802920036792918,4,0,-0.7330206776492068,4,0,-0.9981222288805202,4,0,0.14615204186949482,4,0,-0.7746428082741207,4,0,-1.6272018725748396,4,1,0.5980341383699381,4,1,0.10944528908775288,4,1,0.4430373655065417,4,0,0.2348459234024402,4,0,-0.46672508622112463,4,0,-0.8840515444117263
PROCESS-2_rec__031,0,3,1,0.5672445317251823,3,1,0.3256668549482228,3,1,0.7956372442026971,3,1,0.6808615534243364,3,1,0.2879244634900031,3,1,0.020966694209521075,3,1,0.7322791893404977,3,1,0.7114224129032669,3,1,0.9525996142480193,3,1,0.7366076604793355,3,1,0.4409183131917367,3,1,0.4788722665393703
PROCESS-2_rec__032,0,1,1,0.5186498473451684,1,0,-0.006574928807735338,1,1,0.03646027593874107,1,0,0.4949303993330768,1,0,-0.12576787239821596,1,0,-0.44302875019872634,1,0,0.3555234929249736,1,0,-0.34412865287135197,1,0,-1.1035875151221997,1,0,0.4388620820884957,1,0,-0.22929627804014932,1,0,-0.5795905129101114
PROCESS-2_rec__033,0,1,1,0.5826467080230913,1,1,0.22227917635481537,1,1,0.22704093289640798,1,0,0.4608851620658723,1,0,-0.15120528539720543,1,0,-0.7359977814314419,1,0,0.4019128698444126,1,0,-0.29219139774767966,1,0,-0.3077764439915579,1,0,0.3502328826930421,1,0,-0.41610770231186744,1,0,-1.5187834403555451
PROCESS-2_rec__034,0,5,1,0.5140311039959984,5,1,0.045760824877495485,5,1,0.04042159588216245,5,1,0.5487965102272235,5,1,0.11565295339331678,5,0,-0.3294123408309092,5,1,0.5297196735370603,5,1,0.04202808405528563,5,1,0.5860450394889833,5,1,0.5460341589913663,5,1,0.1403595791831995,5,1,0.05063162785159353
PROCESS-2_rec__035,0,5,0,0.4351862659980067,5,0,-0.16667158933950627,5,0,-0.5211919894875128,5,1,0.5969871830380892,5,1,0.2487990311746866,5,1,0.6220125210940982,5,1,0.5981331432189728,5,1,0.2988484022449824,5,1,0.07993752901056042,5,0,0.47702616220708804,5,1,0.05336956860781113,5,0,-0.09116810917219975
PROCESS-2_rec__036,1,4,0,0.36871695244232716,4,0,-0.29512148957533707,4,0,-0.6983514713163108,4,0,0.4382243519711125,4,0,-0.11711556101751905,4,0,-0.5760606471898024,4,1,0.5595204190683135,4,1,0.14705710572505887,4,0,-0.23606225732144792,4,0,0.37930742044056726,4,0,-0.18391348430468968,4,0,-0.6217172549738136
PROCESS-2_rec__037,0,4,0,0.48496010185122307,4,0,-0.03553930542199356,4,1,0.6033382686711372,4,0,0.47722312364916,4,0,-0.046060527724846125,4,0,-0.3045903039983575,4,1,0.6682158345592755,4,1,0.3579929716612021,4,1,0.8633998651837755,4,1,0.5276297108165989,4,1,0.06477286631220526,4,1,0.3947888990328205
PROCESS-2_rec__038,0,1,1,0.5094712271039259,1,0,-0.10303521746552609,1,1,0.44493489883330156,1,0,0.4500566831709278,1,0,-0.28529261624633384,1,1,0.1081888575417344,1,1,0.5196839160587869,1,0,-0.011329283071806766,1,0,-0.022628427834553294,1,0,0.44530707428952937,1,0,-0.4330900295758917,1,0,-0.05127356054267476
PROCESS-2_rec__039,1,2,0,0.2649667079069979,2,0,-0.45372220823225173,2,0,-1.0060658357069652,2,0,0.36862236926460684,2,0,-0.24188391132183573,2,0,-0.14681472221994718,2,0,0.2831827339184503,2,0,-0.39861082501667633,2,0,-1.1734299929393595,2,0,0.2325545494820461,2,0,-0.6856658988891373,2,0,-0.7206276175914192
PROCESS-2_rec__040,0,3,0,0.2855982258358432,3,0,-0.375430330817147,3,0,-0.9618739826437488,3,0,0.4042422159700177,3,0,-0.17035419116491457,3,0,-0.9666144342706182,3,1,0.563227705329795,3,0,-0.19958966860305208,3,1,0.07064720138127943,3,0,0.4637504893203013,3,0,-0.0899441898784146,3,0,-0.060345476360297357
PROCESS-2_rec__041,0,1,0,0.3792027385303289,1,0,-0.3172248693348162,1,0,-0.6008752719918435,1,1,0.522147039261755,1,0,-0.10952187120524595,1,1,0.4682210972859897,1,0,0.19979192194136955,1,0,-0.6893563909422793,1,0,-1.3228043252793311,1,0,0.21247003300618988,1,0,-0.8511815171167634,1,0,-0.8965136202416605
PROCESS-2_rec__042,0,1,0,0.3243510036860266,1,0,-0.5541161217286061,1,0,-0.5470086379331995,1,0,0.43976421348210964,1,0,-0.19744917526962777,1,0,-0.48410101656331284,1,0,0.4626690026961771,1,0,-0.06433052939604694,1,0,-0.05812371749647302,1,0,0.2643606886893944,1,0,-0.6830048579567389,1,0,-0.791586532112243
PROCESS-2_rec__043,1,5,0,0.4558229461217868,5,0,-0.12250438392546911,5,0,-0.3334456133976025,5,0,0.3919113364970578,5,0,-0.266252946129369,5,0,-0.5254038840582257,5,0,0.4680975016767391,5,0,-0.07412828777770139,5,0,-0.5725668829198638,5,0,0.37835706213210685,5,0,-0.31189512636381855,5,0,-0.7501602731516983
PROCESS-2_rec__044,1,5,0,0.47301190399116455,5,0,-0.07681214400053878,5,0,-0.16110095965148277,5,0,0.45459151766969214,5,0,-0.22089045507294197,5,1,0.42412748731591465,5,1,0.6104400587506023,5,1,0.26706828824234013,5,1,0.5842458590002705,5,0,0.46127172298570124,5,0,-0.1486531253525097,5,1,0.09453342873868598
PROCESS-2_rec__045,1,1,1,0.6859530364079892,1,1,0.5140783169920291,1,1,0.5120130340691458,1,1,0.6818850980270442,1,1,0.5343773056137688,1,1,0.17905524542635906,1,1,0.8157493668044332,1,1,0.8074197878640871,1,1,1.2407620599423008,1,1,0.8356201363615371,1,1,0.9257341846250623,1,1,1.5030912091948498
PROCESS-2_rec__046,0,1,1,0.5527582140967502,1,1,0.10196440205005934,1,1,0.21517537274389925,1,1,0.5984660614988827,1,1,0.21835877886824412,1,1,0.05525179656802879,1,0,0.43621649272653135,1,0,-0.10225151423711089,1,0,-0.18742131889101496,1,0,0.472029363257781,1,0,-0.12550361117084968,1,0,-0.12513520586945517
PROCESS-2_rec__047,0,1,0,0.36197890636231844,1,0,-0.39699057339670063,1,0,-0.36430404738231154,1,0,0.3057375601781281,1,0,-0.4222797994061896,1,0,-0.8928681056321613,1,0,0.331183876168235,1,0,-0.40184814639769084,1,0,-1.3074235426515264,1,0,0.2296279075423669,1,0,-0.5500887062532474,1,0,-1.3246922865736688
PROCESS-2_rec__048,1,1,1,0.5931384571932475,1,1,0.24341484161405164,1,1,0.3147914087474332,1,0,0.42820240941678434,1,0,-0.12888164908110508,1,0,-0.2533547862135475,1,1,0.5053344601453302,1,0,-0.14134687214163194,1,1,0.03422237826513019,1,1,0.5123943785126028,1,1,0.054264086600346303,1,0,-0.32990631120102754
PROCESS-2_rec__049,0,5,0,0.3219432203442843,5,0,-0.334129389701318,5,0,-1.177056717581476,5,0,0.3543349447374332,5,0,-0.08864661385469493,5,0,-0.7767664977166678,5,0,0.34762161009766196,5,0,-0.3473569120376238,5,0,-0.6901912910602935,5,0,0.3087009222382759,5,0,-0.24909599415050343,5,0,-1.0335765576820934
PROCESS-2_rec__050,0,4,1,0.7833560965247867,4,1,0.6140616973382561,4,1,0.2256308560206654,4,1,0.6749809945860724,4,1,0.33459251234145876,4,1,0.7504471703474995,4,0,0.10197224318847226,4,0,-0.6249664167561164,4,0,-1.8137703972696884,4,1,0.5084245537105079,4,1,0.6144573121204766,4,0,-0.22806653373112
PROCESS-2_rec__051,1,1,1,0.5876818827071789,1,1,0.1330341215821864,1,1,0.28128788599920124,1,1,0.515723428133735,1,1,0.04177281422903379,1,1,0.5139313308652216,1,0,0.4221005364717548,1,0,-0.23093750514970166,1,0,-0.41111554061665223,1,0,0.46485833157743406,1,0,-0.15467655972468744,1,1,0.19207055497217182
PROCESS-2_rec__052,0,2,1,0.6400801541785495,2,1,0.2317162028333979,2,1,0.48299845746217784,2,0,0.42698279514929544,2,0,-0.12865889603979122,2,0,-0.2859270703624446,2,1,0.6467510515856293,2,0,-0.6659222115761104,2,1,0.46677371321834527,2,1,0.6741005085822195,2,1,0.38614936797037264,2,1,0.5898485511836342
PROCESS-2_rec__053,1,5,0,0.39106036704039,5,0,-0.21276521418749583,5,0,-0.8472269325277156,5,0,0.42042978024474426,5,0,-0.192844773578724,5,0,-1.0285624493978625,5,0,0.47493339465513723,5,0,-0.052955226985507926,5,0,-0.4463526465293999,5,0,0.42148060439171525,5,0,-0.240868772914768,5,0,-0.887723544538521
PROCESS-2_rec__054,1,3,1,0.6343949982732231,3,1,0.1774381948215486,3,1,0.38688255330927446,3,0,0.4885405780654643,3,1,0.04996381451688767,3,0,-0.31895854898201503,3,0,0.3875308378513216,3,0,-0.21496357573516095,3,0,-0.7492714773719144,3,0,0.4624344566464908,3,0,-0.21996923059290524,3,0,-0.8015113713514803
PROCESS-2_rec__055,0,5,0,0.3468505296605905,5,0,-0.30361965922588025,5,0,-0.8160834072241583,5,1,0.5269595497859497,5,1,0.04670708652571058,5,0,-0.35173432011337447,5,0,0.33580120647106726,5,0,-0.2484046043985654,5,0,-0.44168734776575613,5,0,0.24712570668172887,5,0,-0.4159997701264508,5,0,-0.9803881565278545
PROCESS-2_rec__056,0,4,0,0.46986874200129936,4,0,-0.053471781012349895,4,0,-0.36146369234713827,4,0,0.3997737776621889,4,0,-0.1874155273634226,4,0,-0.5152625980560466,4,1,0.5464014945895744,4,1,0.17636708655231573,4,1,0.14667519771465998,4,0,0.4897023185350605,4,0,-0.0014482079151463406,4,0,-0.20683746290621952
PROCESS-2_rec__057,1,1,0,0.30730196421549644,1,0,-0.38044326095339565,1,0,-1.0730425167030393,1,0,0.4365910584207061,1,0,-0.12124959471141733,1,0,-0.4778873731491722,1,0,0.40743564913212466,1,0,-0.1407715437925844,1,0,-0.7907038954259321,1,0,0.4072656903203976,1,0,-0.07034821821865576,1,0,-0.5871605125495544
PROCESS-2_rec__058,0,5,0,0.3684132204657471,5,0,-0.2798804666105816,5,0,-0.7084410007811365,5,0,0.38676078313948237,5,0,-0.3221521945782092,5,0,-0.495630730528528,5,0,0.48846965443407264,5,0,-0.025584896988131968,5,0,-0.28928038019344116,5,0,0.3313551782223204,5,0,-0.5084207325835406,5,0,-0.973775788038105
PROCESS-2_rec__059,1,3,0,0.35663959142286406,3,0,-0.31429987854809566,3,0,-1.3104651016064726,3,0,0.4601854335555264,3,0,-0.11660421555987499,3,0,-0.955815659033042,3,0,0.33089910810417744,3,0,-0.40285179881600575,3,0,-0.5854784135945859,3,0,0.26448714068457196,3,0,-0.5804744463548211,3,0,-0.834851698849439
PROCESS-2_rec__060,0,3,0,0.357472117629802,3,0,-0.4341833239998609,3,1,0.7843533641007909,3,1,0.6774747010667557,3,1,0.418508966458472,3,1,0.21206626876851387,3,1,0.6315225622512551,3,1,0.17255986998590273,3,1,0.5169629594242819,3,1,0.5216448129118394,3,0,-0.059873289878353025,3,1,0.32233895429982384
PROCESS-2_rec__061,1,4,0,0.3522706205377489,4,0,-0.25881650320420535,4,0,-0.8532118869319177,4,0,0.455945045733571,4,0,-0.09143632093651782,4,0,-0.759038989433537,4,0,0.2765587822616004,4,0,-0.5752947091304962,4,0,-0.43947449308316455,4,0,0.27569129744189347,4,0,-0.48542178809823533,4,0,-0.5813560832702764
PROCESS-2_rec__062,1,4,1,0.5728144948703541,4,1,0.17248446018012514,4,1,0.21646838483221953,4,0,0.47999638799357225,4,0,-0.04827779373582385,4,0,-0.15146119852435602,4,0,0.33992195061555897,4,0,-0.349558294735818,4,0,-0.7679783590049664,4,0,0.4982155566927676,4,0,-0.05703526170335412,4,0,-0.22226760942150703
PROCESS-2_rec__063,0,2,0,0.38689747652677137,2,0,-0.21100519777485394,2,0,-0.35287606103803654,2,0,0.4457443717094239,2,0,-0.1041902347171988,2,0,-4.3116761173189744e-05,2,0,0.42232371445777306,2,0,-0.12409279499844625,2,0,-0.08888540635008446,2,0,0.2806072074761348,2,0,-0.4415389006021998,2,0,-0.04979766525887991
PROCESS-2_rec__064,0,4,0,0.454920301667493,4,0,-0.040894845088714916,4,0,-0.3393915346235761,4,0,0.37494609872525236,4,0,-0.2389089844402673,4,0,-0.6977910463203729,4,0,0.46687301210405163,4,1,0.05412288458231337,4,0,-0.21273883103174585,4,0,0.41428200340454624,4,0,-0.09981592091072264,4,0,-0.41281053674805257
PROCESS-2_rec__065,1,5,1,0.7040995877510362,5,1,0.4640840903742555,5,1,0.21070210408269743,5,1,0.6843468186914201,5,1,0.4026850267204957,5,1,0.9080807068415556,5,1,0.7787336287361649,5,1,0.7152139831751815,5,1,1.5674470609178601,5,1,0.8875601964675622,5,1,0.963340497415484,5,1,0.9998818211910294
PROCESS-2_rec__066,0,1,1,0.5166523464875841,1,1,0.06326239282154131,1,1,0.08562425836643167,1,0,0.4981485367283111,1,0,-0.01716386330172443,1,0,-0.6761103448741017,1,1,0.5818141359538657,1,1,0.14047380672429882,1,1,0.11864260924655814,1,1,0.6351892596562285,1,1,0.4011380748849429,1,1,0.551879812104015
PROCESS-2_rec__067,1,1,0,0.24560703997133687,1,0,-0.5719579190491901,1,0,-1.1690983887929032,1,1,0.8107114522197966,1,1,0.8510881123851955,1,1,0.1498986689124133,1,1,0.5192742928786853,1,1,0.006139229913459572,1,1,0.3557146507706208,1,1,0.6393291176325989,1,1,0.11373271917711458,1,0,-0.42719806543774397
PROCESS-2_rec__068,0,4,0,0.4931584199939352,4,1,0.014863649970588448,4,1,0.03260289861510697,4,1,0.5627531054954407,4,1,0.08512608288025969,4,0,-0.21721130717292658,4,0,0.3022468430409294,4,0,-0.4465835625859026,4,0,-0.9420218806248086,4,0,0.33146209776767416,4,0,-0.2744823397834574,4,0,-0.6629662659572579
PROCESS-2_rec__069,0,2,1,0.5112138496765074,2,1,0.029598943653763997,2,0,-0.06285758817574455,2,1,0.6217804031839688,2,1,0.18576521172996113,2,0,-0.3381112553862222,2,0,0.4621866911162591,2,0,-0.08616762023739745,2,0,-0.5497364360958072,2,1,0.6492382355651412,2,1,0.4656297493502011,2,0,-0.17391708787201077
PROCESS-2_rec__070,1,3,1,0.6695225172521176,3,1,0.34042183556448874,3,1,1.8324195846499984,3,1,0.5726252780235588,3,1,0.17305908588659838,3,1,0.6195786729268207,3,1,0.6099944798863229,3,1,0.2349135407733814,3,1,0.33601129529208906,3,1,0.7372356705054094,3,1,0.4803109665397385,3,1,0.8116220253289224
PROCESS-2_rec__071,0,2,0,0.4671500585574863,2,0,-0.0812517661325688,2,0,-0.7115539419341973,2,0,0.3796658197250176,2,0,-0.20801981386256305,2,0,-0.6574324458659377,2,1,0.5102613227259832,2,0,-0.08253820063546265,2,1,0.034823233465628156,2,1,0.5506287694625436,2,1,0.2142387811502038,2,0,-0.3087369060431858
PROCESS-2_rec__072,1,2,0,0.10900623416480174,2,0,-0.8488774179097871,2,0,-0.9826191007600911,2,0,0.042644970925899355,2,0,-1.181547988049509,2,0,-0.4286104247383469,2,0,0.10115073476794637,2,0,-0.43728382711170166,2,1,0.014491679757624942,2,0,0.08754663824468632,2,0,-1.0277237081458026,2,1,0.07119838132637074
PROCESS-2_rec__073,1,1,1,0.527293952853538,1,0,-0.0468436827663303,1,1,0.4507962177504989,1,1,0.6482795977371449,1,1,0.19951044504941493,1,1,0.813792328842821,1,1,0.5958363300741722,1,1,0.21540186692615065,1,1,0.2813265327688272,1,1,0.7712414962247006,1,1,0.5204286623441376,1,1,1.0822097689226908
PROCESS-2_rec__074,0,3,0,0.40205535975591133,3,1,0.2958119571244688,3,0,-0.5585294461391447,3,0,0.48808049094094896,3,1,0.32903924606436913,3,1,0.5577540086849713,3,0,0.16431273215107497,3,0,-0.5347635557213033,3,0,-1.4862993596752425,3,1,0.5509538835951133,3,1,0.2851723240631402,3,1,0.48708790227381255
PROCESS-2_rec__075,1,1,0,0.43309554065800576,1,0,-0.06986126869065565,1,0,-0.41198999062788205,1,1,0.535717221532221,1,1,0.10197106602749809,1,0,-0.28270816148276884,1,1,0.6374607976444706,1,1,0.23823140352250521,1,1,0.8451306165448559,1,1,0.6003506012559371,1,1,0.17215292851101172,1,0,-0.09005556694937158
PROCESS-2_rec__076,0,3,0,0.4342599441589596,3,0,-0.21334384704934295,3,1,0.15855118409869728,3,0,0.3582792885683709,3,0,-0.3824469411585607,3,0,-1.1849714735622023,3,0,0.48171797603198785,3,0,-0.05601624789184605,3,0,-0.3038898699192165,3,0,0.4996896495064642,3,1,0.18921049576669577,3,0,-1.0311305979416656
PROCESS-2_rec__077,1,3,0,0.3552903362488711,3,0,-0.31425786401591405,3,0,-1.5133129912774315,3,0,0.40731289670874093,3,0,-0.14139122005869065,3,0,-0.0471749768565205,3,0,0.48525443771423155,3,0,-0.060651187750655255,3,0,-0.16421979990068436,3,0,0.33854266755951534,3,0,-0.4531621690467593,3,0,-0.6948881869272725
PROCESS-2_rec__078,0,1,0,0.2911702099745655,1,0,-0.44433307084609897,1,0,-1.2730408082132176,1,0,0.38760121429984606,1,0,-0.2777413690180259,1,0,-1.0126679887441172,1,0,0.3788136156393436,1,0,-0.29235085227873875,1,0,-1.0320146421747034,1,0,0.3247291757549283,1,0,-0.37570189312296987,1,0,-1.2825637704775146
PROCESS-2_rec__079,0,5,0,0.4218920981346235,5,0,-0.12950619475412672,5,0,-0.7223282473979734,5,1,0.507187923241853,5,1,0.10313383625367427,5,0,-0.5665627370091432,5,0,0.4279151284658158,5,0,-0.1621823686521023,5,0,-0.8367318396504689,5,0,0.4260879064107362,5,0,-0.1375839266660162,5,0,-0.8519659412675942
PROCESS-2_rec__080,1,3,0,0.3101251417676337,3,0,-0.5162688773028233,3,1,0.21567235800031062,3,0,0.3724358792915772,3,0,-0.24413290449861097,3,0,-0.7955938495216748,3,1,0.556237618841749,3,1,0.07240378120530878,3,1,0.31620171808815667,3,0,0.41254102376585833,3,0,-0.19986503156362312,3,1,0.13142666038006548
PROCESS-2_rec__081,1,1,0,0.2900787723311094,1,0,-0.4974914029779569,1,0,-0.9228272188800077,1,0,0.24846551112514872,1,0,-0.6680851232174055,1,0,-0.7233729086025928,1,0,0.3009587227455891,1,0,-0.51610418860939,1,0,-1.0428656533605982,1,0,0.12401290524579701,1,0,-1.0566905553335884,1,0,-1.411837061661806
PROCESS-2_rec__082,1,2,0,0.4264434869900973,2,0,-0.13604940436712218,2,0,-0.6909559445414497,2,0,0.264445466160947,2,0,-0.39433606120879233,2,1,0.33025063045851066,2,0,0.2803285061813776,2,0,-0.28873229217224966,2,0,-0.768994805034231,2,0,0.2756045166537189,2,0,-0.45866253909402727,2,1,0.03970747865969637
PROCESS-2_rec__083,0,3,1,0.5827022752544861,3,1,0.07902959224537291,3,1,1.450515449838544,3,0,0.45784109812997237,3,0,-0.14493741976120583,3,0,-0.18368339039355752,3,0,0.45253526345182554,3,0,-0.1615305620663811,3,0,-0.1045790283167204,3,0,0.4428358219494846,3,0,-0.27100407317392505,3,1,0.5289256179402576
PROCESS-2_rec__084,1,3,1,0.7452300413056183,3,1,0.8650376865448467,3,1,0.31935508609941476,3,1,0.6892438035187683,3,1,0.4163467169779769,3,1,1.2496807387875237,3,1,0.8773344633685427,3,1,0.6222137036095677,3,1,1.4322256093306436,3,1,0.8889500990123469,3,1,0.7103040834026968,3,1,0.9561072288561899
PROCESS-2_rec__085,0,4,0,0.3977983560210291,4,0,-0.23990394089650444,4,0,-0.9058937871181126,4,1,0.7974846420571509,4,1,0.5245442245536408,4,1,0.9753042747373388,4,1,0.6091391624378459,4,1,0.2647323585174789,4,1,0.5909778182257874,4,1,0.7305401826284372,4,1,0.4719690935856409,4,1,0.4846524298966478
PROCESS-2_rec__086,1,3,0,0.4362309837975776,3,0,-0.09946828316244037,3,0,-1.175984987360904,3,0,0.40991770271171757,3,0,-0.1971155056985152,3,0,-0.9768958486026875,3,1,0.7751130681181775,3,1,0.7782272797968331,3,1,1.0354927363439015,3,1,0.6572143027243644,3,1,0.4439591393971585,3,1,0.11496005682232346
PROCESS-2_rec__087,0,5,0,0.3982911546916095,5,0,-0.24831047910419224,5,0,-0.6548266864166575,5,0,0.4507461976738144,5,0,-0.13793093741431292,5,0,-1.0004689659441595,5,0,0.4782210529501618,5,1,0.050860535279252404,5,0,-0.30164158795152585,5,0,0.36080790856039435,5,0,-0.27288572818935497,5,0,-1.024719529557414
PROCESS-2_rec__088,1,5,1,0.6556269489700618,5,1,0.355517833632498,5,1,0.062186222717103966,5,1,0.6353492691128142,5,1,0.2916170911693896,5,1,0.8138825824443361,5,1,0.5286301967090036,5,1,0.15065648706332888,5,1,0.43021548813697885,5,1,0.7544504393257067,5,1,0.7963282265040115,5,1,0.4006984861652867
PROCESS-2_rec__089,1,4,1,0.7649520384803338,4,1,0.5480687218233159,4,1,1.2404338270980657,4,1,0.8507244027553246,4,1,0.7054600619966994,4,1,0.8369044174175326,4,1,0.7701900813091472,4,1,0.6051250505144995,4,1,1.1660639082408046,4,1,0.8728205837818647,4,1,1.044688022541698,4,1,1.3070468202859604
PROCESS-2_rec__090,0,2,1,0.6219197060543916,2,1,0.22419996978110426,2,1,0.4744878995385094,2,1,0.5610811918633124,2,1,0.07943145709163742,2,1,0.03726827966239843,2,0,0.4256375836222944,2,0,-0.12275572314667488,2,0,-0.28200363089187475,2,0,0.37727054668652354,2,0,-0.33225754184840467,2,0,-0.09214251923564026
PROCESS-2_rec__091,0,3,0,0.46830777745054997,3,0,-0.03476915241250998,3,1,0.24659697323545204,3,1,0.6927907357192744,3,1,0.45489816621547463,3,1,1.0832012664687007,3,0,0.46916378685326565,3,1,0.014606629268119606,3,0,-0.5641908029950176,3,1,0.5365802893153215,3,1,0.36826462060733445,3,0,-0.04581504517748691
PROCESS-2_rec__092,1,1,0,0.273634425876439,1,0,-0.3799062252519692,1,0,-1.3012206807448607,1,0,0.32115911562855687,1,0,-0.39074906225849,1,0,-0.7019416510223443,1,0,0.36582089883451824,1,0,-0.2969528649293722,1,0,-1.0524287701704091,1,0,0.23815596677584808,1,0,-0.4243172811485182,1,0,-1.1270926653337263
PROCESS-2_rec__093,0,1,1,0.5451885187157873,1,0,-0.009910580449888509,1,1,0.11208915348261012,1,0,0.47143048660558334,1,0,-0.1375024112726416,1,1,0.11826429044098336,1,1,0.5312996233233228,1,1,0.051378529195260994,1,1,0.3999150875848173,1,1,0.5295174315128539,1,1,0.14039650660111627,1,1,0.15312053324384708
PROCESS-2_rec__094,1,4,1,0.6779053709594296,4,1,0.34826990770348343,4,1,0.7962824367715485,4,1,0.6667814465332234,4,1,0.26846557857529263,4,1,0.44121928787624665,4,0,0.28464111826226046,4,0,-0.4837583610739148,4,0,-0.9095583885829104,4,0,0.316569036173691,4,0,-0.6604656641807239,4,0,-0.3392533669271216
PROCESS-2_rec__095,0,5,0,0.29334198125872524,5,0,-0.30889938266880823,5,0,-0.9502394795365089,5,0,0.2767711724651633,5,0,-0.29425786437381074,5,0,-0.19890787686925177,5,0,0.4126129240066778,5,0,-0.1908387972023329,5,1,0.23082316572007508,5,0,0.4610491171004311,5,1,0.06116117074703201,5,1,0.09360514433204312
PROCESS-2_rec__096,0,3,0,0.3658997953660632,3,0,-0.17029189267363842,3,1,1.0027183315682666,3,0,0.2927721844273502,3,0,-0.3699182198443628,3,0,-0.7355225560058849,3,0,0.4667068797721659,3,0,-0.04154716167240456,3,0,-0.3485309060090852,3,1,0.5072043405772131,3,1,0.24917280302886177,3,1,0.04557042518141646
PROCESS-2_rec__097,0,4,0,0.4276127035610049,4,0,-0.12456979557762879,4,0,-0.06984958960262248,4,0,0.4649513768001563,4,0,-0.05722910563898179,4,1,0.4877917576523274,4,0,0.44452657081825336,4,0,-0.17551632358971372,4,0,-0.2166955001923052,4,0,0.3342091834273876,4,0,-0.38885250092965506,4,0,-0.26864574740396874
PROCESS-2_rec__098,1,2,0,0.3389472029867966,2,0,-0.3084475534436579,2,0,-0.98595155358876,2,0,0.4302133772346511,2,0,-0.13077853958676838,2,0,-0.702867646860122,2,0,0.3530459932191966,2,0,-0.22261798178571615,2,0,-0.40948417133157056,2,0,0.3360243776808892,2,0,-0.21960301798387938,2,0,-0.43023026749279947
PROCESS-2_rec__099,1,3,0,0.41995637092644866,3,0,-0.20994888712097215,3,0,-0.7447466949256207,3,0,0.31276387339460215,3,0,-0.4554243640744009,3,0,-1.2786687490008803,3,0,0.4513975127613934,3,0,-0.06809580621179509,3,0,-0.40885408231651854,3,0,0.3181356381537305,3,0,-0.2850497468418989,3,0,-1.0322024073574922
PROCESS-2_rec__100,0,1,1,0.6483980717176147,1,1,0.20252110929947612,1,1,0.7838034681372437,1,1,0.6041341242187737,1,1,0.30916978605337825,1,1,0.790531040578595,1,1,0.8502728974669793,1,1,0.8531289954970293,1,1,1.017906872369177,1,1,0.8626733750129977,1,1,1.0052678440362275,1,1,0.7637161476101578
PROCESS-2_rec__101,1,4,1,0.5547513094085728,4,1,0.14639916287361696,4,0,-0.1091064822055222,4,1,0.6122467932626338,4,1,0.1518598041783512,4,1,0.8069422620039006,4,1,0.5601052684153706,4,1,0.10941512569379766,4,1,0.09387076417262763,4,0,0.45757097488190374,4,0,-0.15706936930783522,4,1,0.042875319881186535
PROCESS-2_rec__102,0,3,0,0.4553101329689781,3,0,-0.28640380766500484,3,1,0.6139649587205208,3,1,0.5487318126159036,3,1,0.07082088079851845,3,0,-0.1767210262019535,3,1,0.7735152916677022,3,1,0.5083523789453557,3,1,0.9374095149319549,3,1,0.6905342803190744,3,1,0.15836983020616555,3,1,0.4944451543949474
PROCESS-2_rec__103,0,3,1,0.6181987573082482,3,1,0.2300584058155115,3,0,-0.26782225548147,3,1,0.5834588274315047,3,1,0.25192348511744844,3,0,-0.022217985020275444,3,1,0.7525806841307229,3,1,0.5700455065355483,3,1,0.9127895326775647,3,1,0.8274087500573645,3,1,0.7916243938830106,3,1,1.0254527468915802
PROCESS-2_rec__104,0,1,0,0.38291652969508705,1,0,-0.1852780711685066,1,0,-0.6779035472803308,1,0,0.4963419968107877,1,0,-0.08348468334922898,1,0,-0.7192869264502374,1,0,0.36162414862755315,1,0,-0.28166358450378526,1,0,-0.6772154959406061,1,0,0.19416815638587853,1,0,-0.8348219761020074,1,0,-1.5334156364772282
PROCESS-2_rec__105,0,1,0,0.27625225091837846,1,0,-0.4498449290418062,1,0,-1.1395235193578304,1,0,0.43847498713660626,1,0,-0.15865808812184445,1,0,-0.7848433049775215,1,0,0.3549413769103997,1,0,-0.2850337847292501,1,0,-1.2198358072537672,1,0,0.25183632103146236,1,0,-0.4868076422046277,1,0,-1.3975554516557247
PROCESS-2_rec__106,1,3,1,0.619334945828048,3,1,0.2680434953676021,3,1,1.9171219950370284,3,1,0.5477355167716426,3,1,0.06099165521766123,3,0,-0.12716434242607644,3,0,0.4344565653089766,3,0,-0.15970882802896164,3,0,-0.19965501095529015,3,1,0.5299611490179834,3,1,0.03316722716005843,3,0,-0.10315837884602996
PROCESS-2_rec__107,0,3,0,0.4300991715670095,3,0,-0.18025422370963629,3,0,-0.8960083061870048,3,0,0.41676848334207833,3,0,-0.12748822631149248,3,0,-1.093156386607847,3,0,0.19627132926253207,3,0,-0.7693073224541744,3,0,-1.4190485558699926,3,0,0.14825680939043978,3,0,-0.9532860364764071,3,0,-1.533231732155879
PROCESS-2_rec__108,0,5,0,0.3449593729044736,5,0,-0.3412030523143016,5,0,-0.9399845296775874,5,0,0.4620692207459818,5,0,-0.033270293792280255,5,0,-0.8191921284587488,5,0,0.4144391941065668,5,0,-0.14963648501187202,5,0,-0.5278870359438821,5,0,0.3632700239685351,5,0,-0.14334924568476382,5,0,-1.1128281953925625
PROCESS-2_rec__109,0,4,1,0.5721057651464724,4,1,0.07133048711825377,4,1,0.8464337227834567,4,1,0.6967017277881469,4,1,0.3221783033186238,4,1,0.7035835627362579,4,1,0.540347618909135,4,1,0.10161832479142524,4,1,0.27920565165230027,4,0,0.43711629153249004,4,0,-0.33821453996523737,4,1,0.44029662540335013
PROCESS-2_rec__110,1,3,0,0.4249136917397227,3,0,-0.08071289566012517,3,1,0.1026057083692395,3,0,0.4047569463548478,3,0,-0.1942446464485926,3,0,-1.2825922102207004,3,0,0.3695009520415837,3,0,-0.183132815451654,3,0,-0.8404652589603221,3,0,0.33692809877476404,3,0,-0.2573027256275612,3,0,-1.2190610170837703
PROCESS-2_rec__111,1,4,1,0.68430305911257,4,1,0.38387316536688854,4,1,0.5492061893235793,4,1,0.7720106212244633,4,1,0.4873008130506913,4,1,0.6718216630966973,4,1,0.5329855181353326,4,1,0.12761304649339866,4,0,-0.10738634918450263,4,1,0.6938420516916082,4,1,0.3388299348309623,4,1,0.29609835642651783
PROCESS-2_rec__112,0,2,0,0.3975700879137467,2,0,-0.1811206516183745,2,0,-0.29814794703825753,2,1,0.8317762756848863,2,1,0.6725907365175271,2,1,1.8913424470235942,2,0,0.4927561300575226,2,1,0.08877197539813082,2,0,-0.28645199859313053,2,1,0.8276221612162968,2,1,0.7046330407083812,2,1,0.6562351004347966
PROCESS-2_rec__113,1,2,1,0.6750888140454497,2,1,0.31652797527650606,2,1,0.001604459774272926,2,1,0.8397993332251108,2,1,0.6976041608911373,2,1,1.8971277905067458,2,0,0.3531442773817923,2,0,-0.33081773789272506,2,0,-0.784663729033471,2,1,0.7446677683966152,2,1,0.668968080603835,2,1,0.3136125103867429
PROCESS-2_rec__114,0,1,1,0.5771902151400491,1,1,0.1169305501231466,1,1,0.06227598368391679,1,1,0.5035410171820407,1,0,-0.20030756434420433,1,0,-0.2695414361223484,1,0,0.39257264674713666,1,0,-0.2552227939036525,1,0,-0.46365590252055255,1,1,0.561484121592983,1,1,0.2276965259971386,1,1,0.13231986826581585
PROCESS-2_rec__115,1,3,1,0.5249161940402205,3,0,-0.08721487422393337,3,0,-0.4611497621891303,3,0,0.4898319900692302,3,1,0.017410656021541335,3,0,-0.5671697956500212,3,1,0.5833347377352518,3,1,0.19356932850335762,3,1,0.6500764657239319,3,1,0.6378452810196494,3,0,-0.010935803990035381,3,1,0.5009702302842348
PROCESS-2_rec__116,1,2,0,0.4334345131756262,2,0,-0.12289745603554005,2,0,-0.7076449017873931,2,0,0.41319091944301695,2,0,-0.15147320804152556,2,0,-0.6827703377704724,2,0,0.38617329221874636,2,0,-0.32221296834856095,2,0,-0.8047526329487733,2,0,0.34943997256132614,2,0,-0.18613711930678345,2,0,-0.6767650772700422
PROCESS-2_rec__117,0,5,0,0.4627845249730465,5,0,-0.16568530697704456,5,0,-0.039512288276076425,5,0,0.4636026340476141,5,0,-0.1334790500503087,5,0,-0.5561699815581019,5,0,0.3938563549939133,5,0,-0.27862470106426684,5,0,-0.7233462021325532,5,0,0.36851736484593195,5,0,-0.2067216808366915,5,0,-0.3192213973459744
PROCESS-2_rec__118,1,2,1,0.6608151871792657,2,1,0.29676069714108505,2,1,0.21198268555596522,2,1,0.6823403230917708,2,1,0.3075653651605612,2,1,0.7204096206826718,2,0,0.4801325480876464,2,0,-0.0025734461287341033,2,0,-0.37686211282940507,2,1,0.7774439739708738,2,1,0.5614084550778841,2,1,0.48089593090249694
PROCESS-2_rec__119,1,1,1,0.6368418659309257,1,1,0.31523674784269606,1,1,0.5963818844744244,1,0,0.36474925623789217,1,0,-0.334665875033103,1,0,-1.2313489712379113,1,1,0.7465334919217832,1,1,0.5469267522830843,1,1,0.8600681148148599,1,1,0.7332907158495392,1,1,0.5970236393889349,1,1,1.2359494873924082
PROCESS-2_rec__120,0,2,1,0.7196931871986473,2,1,0.39580874042243636,2,1,0.6557249386005419,2,0,0.3124896977502502,2,0,-0.3493892387282899,2,0,-1.196531153454069,2,0,0.3485536369468344,2,0,-0.41958392451268595,2,0,-0.7025270236651291,2,0,0.34098248578737256,2,0,-0.43984355563587674,2,0,-0.34574170757826683
PROCESS-2_rec__121,0,4,1,0.6744804809826921,4,1,0.34623027896301994,4,1,0.4899922758190324,4,0,0.3913234502976798,4,0,-0.22085257227483523,4,0,-0.5600686452929289,4,0,0.4422720234045719,4,0,-0.023906313843658045,4,0,-0.5039696944779065,4,1,0.505606941006586,4,0,-0.0874977327711162,4,1,0.13276181325879713
PROCESS-2_rec__122,1,4,1,0.7824433397593746,4,1,0.5139836407886701,4,1,0.9016504334385435,4,1,0.9917766222129729,4,1,1.9165449251648279,4,1,1.7807468406061704,4,1,0.7587336845201074,4,1,0.5777739136657954,4,1,1.2026664104267244,4,1,0.9740598009182249,4,1,1.6641497417906994,4,1,1.683214999933107
PROCESS-2_rec__123,1,4,0,0.24321832286601444,4,0,-0.5098555293236804,4,0,-0.9948355068586842,4,0,0.1730822906543237,4,0,-0.7189529479145929,4,0,-1.1872644096261493,4,0,0.1874399257771864,4,0,-0.7684112822798794,4,0,-1.3687488008197741,4,0,0.11253342123800594,4,0,-0.917555213954263,4,0,-1.3220855385371755
PROCESS-2_rec__124,0,5,1,0.502942842503393,5,0,-0.05855926477372576,5,1,0.2382957131978609,5,1,0.535366235333444,5,0,-0.03273969044681116,5,1,0.27135857216932235,5,0,0.44125122682122686,5,0,-0.16263317709317968,5,0,-0.7179936120373004,5,0,0.4076106456439331,5,0,-0.35855017985776466,5,0,-0.1230594094388398
PROCESS-2_rec__125,0,3,0,0.3441372531073722,3,0,-0.2389492358129549,3,0,-0.4837751530578418,3,0,0.4329250321126208,3,0,-0.06959033641090771,3,0,-0.6620214302673795,3,1,0.6556400985893936,3,1,0.190049688929955,3,1,0.6748403295262183,3,1,0.6487206375465203,3,1,0.44171086884123645,3,1,0.28197665740919897
PROCESS-2_rec__126,0,1,1,0.6571198796428431,1,1,0.27769603994496145,1,1,0.4997361231308222,1,1,0.5439983856063451,1,1,0.17488412680733265,1,1,0.08389164356631715,1,0,0.313414889204956,1,0,-0.33313737423799406,1,0,-0.9664978078061203,1,1,0.5342011731284888,1,1,0.16284550648206794,1,1,0.46879536250869414
PROCESS-2_rec__127,1,2,0,0.439932252215254,2,0,-0.08278189442844311,2,1,0.3937238145410738,2,0,0.3461529157690023,2,0,-0.27213392601158926,2,0,-0.9797566058144758,2,1,0.6540229904786503,2,1,0.43850251801744317,2,1,0.6338657013079501,2,1,0.5345205319607781,2,0,-0.04069541687140494,2,1,0.30075447286760304
PROCESS-2_rec__128,1,1,0,0.2982454642818011,1,0,-0.49899102714161536,1,0,-0.6705682726205764,1,0,0.4872765280069625,1,0,-0.07285550450306683,1,0,-0.6714244740559753,1,1,0.6854341090313507,1,1,0.3548510881833142,1,1,1.2408608948362303,1,0,0.4339841976439679,1,0,-0.2706763091649743,1,0,-0.09667897540031292
PROCESS-2_rec__129,1,5,0,0.4618218489192143,5,0,-0.08760558927810698,5,0,-0.5730272302606231,5,1,0.6304516114825451,5,1,0.2868700508031949,5,1,0.5226188364533892,5,0,0.45094931933840593,5,0,-0.08620331509716044,5,0,-0.8216749785430414,5,1,0.5444940984107609,5,1,0.011100301061159919,5,0,-0.6867074660257748
PROCESS-2_rec__130,0,3,0,0.3853998738787399,3,0,-0.2636626021839759,3,0,-0.14427540760168686,3,1,0.5317502720579305,3,1,0.0334810469801361,3,0,-0.024741714598703668,3,0,0.24704723045525318,3,0,-0.6735141716207321,3,0,-1.0925246283717673,3,0,0.1793961245552848,3,0,-0.8439386752853554,3,0,-0.7977641091696401
PROCESS-2_rec__131,0,4,0,0.41515133573378504,4,0,-0.1645010296445499,4,0,-0.224529459633787,4,0,0.30923009624218883,4,0,-0.374736913126103,4,0,-0.916802230258859,4,0,0.38455559251918564,4,0,-0.2360288147569296,4,0,-0.6327110996339368,4,0,0.33916030541914577,4,0,-0.19308107720924828,4,0,-0.601465407007531
PROCESS-2_rec__132,1,5,1,0.8368268930649848,5,1,0.8857391914002363,5,1,1.247336050992458,5,1,0.9056096588666193,5,1,1.838614954766918,5,1,0.8957010685349568,5,1,0.9321947625083525,5,1,1.090322753736391,5,1,0.43888375826356346,5,1,0.9899705203160782,5,1,2.1740419805531346,5,1,0.4720863040029629
PROCESS-2_rec__133,0,1,1,0.5890158056832864,1,1,0.26028180502307535,1,1,0.18476148864918324,1,1,0.5757665264315937,1,1,0.15339081771877525,1,0,-0.23841568696613444,1,1,0.6117879218228447,1,1,0.25979705921173407,1,1,0.37488810934967254,1,1,0.7232918672356923,1,1,0.6713749080151515,1,1,0.7355109869938964
PROCESS-2_rec__134,1,2,0,0.3749850813525184,2,0,-0.24863402035588988,2,0,-0.7608976432209825,2,0,0.499343140516502,2,0,-0.011237539061437514,2,0,-0.13118710113602972,2,1,0.631724914026896,2,1,0.2622355691095845,2,1,0.6531982892885522,2,1,0.5474055359304366,2,1,0.009161856813424737,2,1,0.07958307645342028
PROCESS-2_rec__135,0,4,1,0.6589262726108212,4,1,0.41167264783170315,4,1,0.8583848455817773,4,0,0.39619279260557577,4,0,-0.1779685276780677,4,0,-0.23437546083064453,4,0,0.3323612872512422,4,0,-0.30726258229493875,4,0,-0.7837777378242032,4,0,0.33112004484252333,4,0,-0.06847470089161703,4,0,-0.3814493604411183
PROCESS-2_rec__136,1,3,1,0.8488281008880308,3,1,0.984512868325152,3,1,1.6103357716942304,3,1,0.8822276279525,3,1,1.1510653214231792,3,1,0.9680177689128349,3,1,0.663229069104638,3,1,0.5467160783958976,3,1,0.42321552367713866,3,1,0.9148548613320919,3,1,1.1917952483654273,3,1,1.0406618857740841
PROCESS-2_rec__137,1,4,1,0.6169005136120014,4,1,0.27258163110456624,4,1,0.5200798420264882,4,1,0.6763928094988654,4,1,0.28809066138178335,4,1,0.3462804732980532,4,0,0.2919725870368625,4,0,-0.4791228014180262,4,0,-0.9366212299973098,4,0,0.39898583052498304,4,0,-0.35334502178556004,4,0,-0.41160205305855213
PROCESS-2_rec__138,1,2,1,0.5442434956940791,2,1,0.05971438114733222,2,1,0.1859208095617022,2,1,0.5027216508286843,2,0,-0.013666691175403924,2,0,-0.27401691504561465,2,0,0.4101210460552585,2,0,-0.1615951216692904,2,0,-0.6561008245033648,2,0,0.3716150325273648,2,0,-0.2032518562195759,2,0,-0.26327011935462796
PROCESS-2_rec__139,1,3,1,0.7485727758106503,3,1,0.6704134088105898,3,1,1.203794065728982,3,1,0.6719929414409243,3,1,0.40742030187315803,3,1,0.9099238229305402,3,1,0.733010267939265,3,1,0.7981908513488208,3,1,0.4753109939298309,3,1,0.87279695645679,3,1,0.9519314262977304,3,1,0.7550437870449274
PROCESS-2_rec__140,0,4,0,0.40618700745423525,4,0,-0.14816829394803752,4,0,-0.8680406247357085,4,1,0.5647661013939984,4,1,0.09854806869806434,4,0,-0.18061751609572463,4,1,0.66233712136361,4,1,0.04289349652277765,4,1,0.8190259105842934,4,1,0.647546685132031,4,0,-0.03224562834064267,4,1,0.43753383284891667
PROCESS-2_rec__141,0,3,1,0.5408341709770929,3,1,0.029632572985093995,3,1,0.466692181327368,3,1,0.7084640022294912,3,1,0.45783596210389943,3,1,1.0824120227420182,3,0,0.39748137281671003,3,0,-0.1527171150620828,3,0,-0.7172043118524151,3,0,0.4966237344971187,3,0,-0.03759386963228445,3,0,-0.4559966712178082
PROCESS-2_rec__142,0,2,1,0.5143811982781192,2,1,0.014542846891446963,2,0,-0.3256316799694729,2,0,0.42565529349420766,2,0,-0.13199505074539047,2,0,-0.28983252492611666,2,0,0.3376330247500615,2,0,-0.20351547942569972,2,0,-1.113573291277351,2,0,0.36471780116062913,2,0,-0.20309724339827104,2,0,-0.49425783242195553
PROCESS-2_rec__143,1,1,0,0.4230742845886465,1,0,-0.4706626245692733,1,1,0.4275572762113789,1,0,0.3380408011073964,1,0,-0.4997903089586972,1,0,-0.7641009813086946,1,0,0.45874984255654944,1,0,-0.11640210081299497,1,0,-0.3557511683391462,1,0,0.2728004085512951,1,0,-0.9272985544829115,1,0,-0.8447686992061337
PROCESS-2_rec__144,1,2,1,0.6420359419403721,2,1,0.25815842425800606,2,1,0.5699263216934212,2,1,0.6003711083983229,2,1,0.14055239125057303,2,1,0.956771240518208,2,1,0.6211566446064942,2,1,0.3880732311725309,2,1,0.47965156601454284,2,1,0.5789078731028507,2,1,0.03999367550077842,2,1,0.5213529962137315
PROCESS-2_rec__145,1,1,1,0.7074201489147666,1,1,0.43604192484130005,1,1,0.8390879072920048,1,1,0.858747691503416,1,1,0.8164722566933884,1,1,0.6774253396106112,1,1,0.8272680762768299,1,1,0.9167013937180604,1,1,1.323785509366579,1,1,0.9477879823602753,1,1,1.356524132569262,1,1,2.012263765754676
PROCESS-2_rec__146,1,1,1,0.7044958855270166,1,1,0.46974243968578794,1,1,0.7285530097672686,1,1,0.8838448121670618,1,1,1.1970756244321588,1,1,1.3345190639913713,1,1,0.7333255480219435,1,1,0.5786929696764105,1,1,1.1272112070895344,1,1,0.9203456919712094,1,1,1.0910992776139035,1,1,1.7133943722979967
PROCESS-2_rec__147,1,2,1,0.6354785375674794,2,1,0.241808365749598,2,1,0.5849685981626584,2,1,0.5137706559719096,2,1,0.037285553344759644,2,0,-0.49941981280348924,2,1,0.6541151057114455,2,1,0.35811894870470645,2,1,0.8911291974493616,2,1,0.6907519734037526,2,1,0.36063174426807487,2,1,0.5128592589756972
PROCESS-2_rec__148,1,2,1,0.6704692403199513,2,1,0.3150796602112281,2,1,0.36594710032343447,2,0,0.3076736249784959,2,0,-0.3473035891986386,2,0,-1.1864051356923067,2,0,0.4490992294260481,2,0,-0.12351380894034678,2,1,0.03798992552567926,2,0,0.4477447392789095,2,0,-0.2615852017803383,2,0,-0.13766081185610002
PROCESS-2_rec__149,1,3,0,0.42104498987530625,3,0,-0.21068530643581485,3,0,-0.9939647868633348,3,0,0.4506983541000926,3,0,-0.16357493533741568,3,0,-0.7135553367731,3,1,0.5618549866397216,3,1,0.0968511160583408,3,1,0.15484561086940307,3,1,0.5238184514014743,3,0,-0.07719666604446365,3,0,-0.5531686039154218
PROCESS-2_rec__150,1,4,0,0.34471213563150416,4,0,-0.2314925270952802,4,0,-0.7375235765135605,4,0,0.30353427496516366,4,0,-0.3702232621564373,4,0,-0.8457063953173696,4,0,0.35752296582545634,4,0,-0.2493209551846967,4,0,-0.7715933079045398,4,0,0.3011072577251144,4,0,-0.1604397535679264,4,0,-0.935967012820347
PROCESS-2_rec__151,1,5,1,0.5648091036011368,5,1,0.08372716262107543,5,1,0.5142450737821755,5,1,0.7590850908919063,5,1,0.9311801671230462,5,1,0.9439666361979057,5,1,0.6480054758855759,5,1,0.28674738819039897,5,1,0.8282756252108365,5,1,0.738926683299686,5,1,0.8061590576000207,5,1,1.012708961292447
PROCESS-2_rec__152,1,2,1,0.6435958150790522,2,1,0.2507597707245349,2,1,0.1496381367402999,2,1,0.6807979130348742,2,1,0.2860210906101729,2,1,0.4993690587564512,2,1,0.5217723488077948,2,0,-0.03856845780766167,2,0,-0.539300297586218,2,1,0.5995577031537874,2,1,0.18479058412910107,2,0,-0.06321082688302943
PROCESS-2_rec__153,0,3,1,0.7349554597388689,3,1,0.6346519553413797,3,1,0.7840983091912512,3,0,0.4738872081999258,3,0,-0.022885711242905393,3,0,-0.8358146190868212,3,1,0.6377137175437194,3,1,0.28427000529300467,3,1,0.625536231953842,3,1,0.7134691646069509,3,1,0.7975638322027564,3,1,1.3517267322867426
PROCESS-2_rec__154,1,2,0,0.49130238609294874,2,0,-0.029532992670021865,2,0,-0.2924587787496307,2,1,0.5469548371810985,2,1,0.07448933928947724,2,0,-0.07497195619536234,2,0,0.4592573709275634,2,0,-0.27249950833097514,2,1,0.24721395584051836,2,0,0.4284127370848491,2,0,-0.18876369050282174,2,1,0.08087075972435676
PROCESS-2_rec__155,0,1,0,0.3697616361835834,1,0,-0.2481381251514493,1,0,-0.7414933951179743,1,0,0.45761348847474514,1,0,-0.09385575645095315,1,0,-0.7305510006521231,1,0,0.36241679278006966,1,0,-0.3285113273805153,1,0,-1.0728281426138113,1,0,0.3380525248092393,1,0,-0.3575277314680576,1,0,-1.0956272823112105
PROCESS-2_rec__156,1,5,1,0.706078587742663,5,1,0.50282570692422,5,1,0.8176047408111585,5,1,0.5369458933792396,5,1,0.120128262750162,5,0,-0.29371559634239586,5,1,0.6490817102433281,5,1,0.4146307826362539,5,1,0.8378049087630943,5,1,0.7652190969224668,5,1,0.919054938320667,5,1,0.9598200306543343
PROCESS-2_rec__157,1,3,1,0.6744468567579204,3,1,0.39532492255766666,3,1,0.433734134850843,3,0,0.46631334160619053,3,0,-0.058585406367552995,3,0,-0.05008647568589414,3,1,0.5412116602101872,3,1,0.07659533660098632,3,1,0.3082292647628253,3,1,0.5042996446382674,3,0,-0.1634988146022477,3,1,0.09001144251242552
PROCESS-2_rec__158,1,3,0,0.3350071257264213,3,0,-0.3453690728734142,3,1,0.19326573511193082,3,1,0.5813365343161154,3,1,0.18812350588518895,3,1,0.6010435291770126,3,0,0.3109899026884922,3,0,-0.3581972867115243,3,0,-1.073766310832258,3,0,0.1855644384093881,3,0,-0.6910344189576525,3,0,-0.7149920489118575
PROCESS-2_rec__159,0,2,1,0.6882434149825172,2,1,0.3163197453442102,2,1,1.0146224977495906,2,0,0.45636802593257025,2,0,-0.08147502942019222,2,0,-0.4115543533343,2,0,0.4295027895560746,2,0,-0.06549151051615396,2,0,-0.6693509923981311,2,0,0.4255661816967575,2,0,-0.1511600957697513,2,1,0.463370347555278
PROCESS-2_rec__160,1,3,0,0.4961272204867587,3,0,-0.005407035313962583,3,1,0.2550778512268279,3,0,0.47740586199323815,3,0,-0.18893456680719795,3,0,-0.4955920956418056,3,0,0.38203794882938963,3,0,-0.09453101900193657,3,0,-0.4573766777403906,3,1,0.6116409548595136,3,1,0.21738169609158423,3,1,0.11478232065668986
PROCESS-2_rec__161,1,3,1,0.5686194225858202,3,1,0.1268262458992151,3,0,-0.6141030710260349,3,1,0.6506471066236158,3,1,0.3702277802270616,3,1,0.25854254264382387,3,1,0.8347696294595625,3,1,0.6195668313476508,3,1,1.4401942613371592,3,1,0.8346958234102587,3,1,0.8362519694300792,3,1,0.7628571209591835
PROCESS-2_rec__162,1,4,0,0.34802525559033193,4,0,-0.2979919499447949,4,0,-1.1966352765798953,4,0,0.41348232238247357,4,0,-0.1544471161681212,4,0,-0.3741209012928366,4,1,0.5930592904095839,4,1,0.17761264490012543,4,1,0.43659771358895316,4,0,0.4607585162596046,4,0,-0.06694318924966972,4,0,-0.1671332490760437
PROCESS-2_rec__163,0,4,0,0.3593651236895837,4,0,-0.33465085381237863,4,0,-1.0967223302276576,4,1,0.5093777038569755,4,0,-0.003858120028487906,4,0,-0.4904260012956545,4,1,0.7290376900478661,4,1,0.39702471808044465,4,1,1.0780349252942827,4,1,0.6439797642626277,4,1,0.18840659969503726,4,1,0.3961870998296988
PROCESS-2_rec__164,1,2,0,0.4497400584053249,2,0,-0.07676742295966614,2,0,-0.4154532812794488,2,0,0.2954396761897102,2,0,-0.35735812646883275,2,0,-0.8632743704272599,2,0,0.4801041260883976,2,0,-0.16802856096737948,2,0,-0.2722182298186703,2,0,0.3944527134397988,2,0,-0.20945871967047397,2,0,-0.49904359757982375
PROCESS-2_rec__165,1,5,0,0.49452148266839147,5,0,-0.0552242935735379,5,0,-0.04736031296230051,5,1,0.5615315382201382,5,1,0.2303690923211056,5,1,0.016822449159428876,5,1,0.5148068099617135,5,0,-0.11262319641873149,5,1,0.4912824586195115,5,1,0.7134682628315406,5,1,0.9108404140851188,5,1,0.18590575387738026
PROCESS-2_rec__166,0,1,1,0.8326999107883705,1,1,1.0122366707877757,1,1,1.3659199116041314,1,0,0.43191250542957504,1,0,-0.09594540206377875,1,1,0.1179329876156186,1,1,0.652094553470705,1,1,0.3203029656069811,1,1,0.7708087280868835,1,1,0.7873177660987836,1,1,0.8082114340023144,1,1,0.9374653364542865
PROCESS-2_rec__167,1,1,0,0.47904578696940275,1,0,-0.10865752755100237,1,0,-0.20963867389318985,1,1,0.641729222568432,1,1,0.33157706596526315,1,1,0.3096963606952642,1,1,0.5175244439108723,1,1,0.023521529886050243,1,1,0.09981749906513127,1,1,0.57347629013013,1,1,0.0072694285459314195,1,0,-0.20295974642678863
PROCESS-2_rec__168,1,5,0,0.4168979368069068,5,0,-0.20034926304957332,5,0,-0.433835424394834,5,0,0.4353980021677023,5,0,-0.1671159198629686,5,0,-0.5693379886165221,5,1,0.5446250815445722,5,1,0.12181175910265002,5,1,0.18555461948941745,5,0,0.4509948104858861,5,0,-0.15185756756642946,5,0,-0.2483434774517017
PROCESS-2_rec__169,1,3,1,0.61784253619639,3,1,0.1498157735160302,3,0,-1.5263817092745644,3,1,0.6907267192498248,3,1,0.3934686900520181,3,1,1.5268485622120018,3,1,0.8461348561747666,3,1,0.9183980223745937,3,1,1.5137551608311137,3,1,0.9136298893222755,3,1,1.2128198510477048,3,1,0.7062358815588838
PROCESS-2_rec__170,0,1,1,0.5344692712092484,1,1,0.18333170215480996,1,0,-0.16739272542267664,1,1,0.5286391003061914,1,1,0.04881258817153674,1,0,-0.2756013030766589,1,1,0.56899329591959,1,1,0.12754151354641483,1,1,0.402758153091473,1,1,0.6469977128830339,1,1,0.448148677770969,1,1,0.09571652930980776
PROCESS-2_rec__171,1,5,0,0.314815593578567,5,0,-0.43399802199952925,5,0,-1.0067350765418448,5,1,0.5509372435482495,5,1,0.1380382706259148,5,0,-0.5254788689106639,5,0,0.33797701456976376,5,1,0.12709682967669556,5,1,0.23139913552744984,5,0,0.2977505809122994,5,1,0.20093551782188793,5,0,-0.3122166649525772
PROCESS-2_rec__172,1,4,0,0.3287139424296299,4,0,-0.3225249974292241,4,0,-0.7226205508829321,4,0,0.32906505643576084,4,0,-0.33890409509517705,4,0,-0.9490364064120276,4,0,0.21387280959053998,4,0,-0.5375096915382978,4,0,-1.5404696483377522,4,0,0.2146215741560903,4,0,-0.41976401761999393,4,0,-1.0960907245549658
PROCESS-2_rec__173,1,3,0,0.448690898686125,3,0,-0.23591085165882109,3,1,0.12967335597292975,3,1,0.5182513131281887,3,1,0.03423088231338918,3,0,-0.5348985179836914,3,0,0.4601264147835054,3,0,-0.06544627052803055,3,0,-0.15434539792906354,3,0,0.39789639961020884,3,0,-0.3444219978086407,3,0,-0.061361367709556136
PROCESS-2_rec__174,1,1,0,0.4003278468489483,1,0,-0.3170140292845363,1,0,-0.5575293832670376,1,0,0.44172074737224565,1,0,-0.18123998618176876,1,0,-0.7386698959864972,1,0,0.3144741791014827,1,0,-0.2756159673704164,1,0,-0.9720735186214323,1,0,0.41541215012821553,1,0,-0.008377593956248555,1,0,-0.610911916903763
PROCESS-2_rec__175,1,1,0,0.47558458834844,1,0,-0.12420290657841919,1,1,0.11262732382048796,1,0,0.3660481958232398,1,0,-0.28498102986840573,1,0,-0.7520796181771516,1,1,0.7533895856285759,1,1,0.6140680207459219,1,1,0.7699977938464918,1,1,0.6579431239556895,1,1,0.5191812927878594,1,1,0.5147922491337725
PROCESS-2_rec__176,0,4,0,0.3623401564913569,4,0,-0.28806106230952505,4,0,-0.8494270126982167,4,0,0.30766339809445237,4,0,-0.37268631268884994,4,0,-0.6513853332284818,4,0,0.3643047700592593,4,0,-0.2700437249104338,4,0,-0.8083789422376185,4,0,0.2309920418656017,4,0,-0.6367974705566162,4,0,-0.8579208731838681
PROCESS-2_rec__177,1,3,0,0.4982934897062179,3,0,-0.023738028526944302,3,0,-0.5109636820884285,3,1,0.655793136405036,3,1,0.28583214511708976,3,1,0.8915691232240907,3,1,0.6074696005493702,3,1,0.29431419317039026,3,0,-0.0065523566305358966,3,1,0.7010565860364014,3,1,0.28224143772278043,3,0,-0.04726471242450847
PROCESS-2_rec__178,0,3,0,0.4906126556751908,3,1,0.7483822896026556,3,0,-0.4327621229731996,3,1,0.5670240961232276,3,0,-0.06774964274978705,3,1,0.39422888176131343,3,0,0.16135718229433746,3,0,-0.638192425229245,3,0,-1.4401507228550166,3,1,0.7405502042561947,3,1,0.32208230737708177,3,1,0.33553550663520587
PROCESS-2_rec__179,0,2,0,0.2546856532855911,2,0,-0.49754981936846826,2,0,-1.2031497643617184,2,0,0.3553031141991345,2,0,-0.2541950695102131,2,0,-0.017461768594895455,2,0,0.22553164741822768,2,0,-0.6963774960514981,2,0,-1.3037350982679563,2,0,0.29824270989509233,2,0,-0.34494131196444516,2,0,-0.10607814905677049
PROCESS-2_rec__180,0,3,0,0.3906480185131001,3,0,-0.5700239119604636,3,0,-1.664218280776744,3,0,0.431044049449972,3,0,-0.08915815227012794,3,0,-0.5799845018276572,3,1,0.5108600710881682,3,0,-0.06236874389336035,3,0,-0.04519742063299238,3,0,0.35847367519261575,3,0,-0.4817507747472408,3,0,-0.18225885469662328
PROCESS-2_rec__181,1,5,1,0.8235778550859102,5,1,0.7723484122994742,5,1,0.9346227740734286,5,1,0.723582475066496,5,1,0.6116775304773748,5,1,1.0152307319782143,5,1,0.8911381987639955,5,1,0.9977182259567083,5,1,0.6160202213343143,5,1,0.9603132716480317,5,1,1.1807076111370982,5,1,0.6420524331243482
PROCESS-2_rec__182,0,5,1,0.6689877025496103,5,1,0.39917307994296297,5,1,0.7268950796293895,5,1,0.7540473055539203,5,1,0.5777996112976692,5,1,0.15448828374203566,5,1,0.5413198315244188,5,1,0.13838511811075374,5,1,0.23065721091964078,5,1,0.7333832022295614,5,1,0.3398768067460861,5,1,0.5510890651453073
PROCESS-2_rec__183,0,5,0,0.34915934610834853,5,0,-0.3344075754612143,5,0,-0.7926157408947484,5,1,0.5097116035373357,5,1,0.04958724866694346,5,0,-0.6026665571737554,5,0,0.2745503736189564,5,0,-0.5116512106580835,5,0,-1.147983958666745,5,0,0.30153444879983615,5,0,-0.5765775606114079,5,0,-0.9305367122896118
PROCESS-2_rec__184,0,5,0,0.35257255266693066,5,0,-0.39146310408944124,5,0,-0.4592554033720079,5,0,0.42165335144857163,5,0,-0.1689303484588755,5,0,-1.0377489136704803,5,0,0.41496988017083736,5,0,-0.22787196631181425,5,0,-0.6676278851989547,5,0,0.34247549661264354,5,0,-0.358104099664533,5,0,-0.9463448124066094
PROCESS-2_rec__185,0,2,1,0.5516980998505409,2,1,0.08720437119257897,2,1,0.0712928386200884,2,0,0.38771987878346825,2,0,-0.1954413641659778,2,0,-0.7283588847287212,2,0,0.4628689853613389,2,1,0.13164805061493276,2,0,-0.4524484415125395,2,0,0.4535508573699295,2,0,-0.08576419523305354,2,0,-0.5794485484502768
PROCESS-2_rec__186,1,4,1,0.55599574270565,4,1,0.08867215006717165,4,1,0.2622617632007594,4,1,0.8254248194779591,4,1,0.6254545362104699,4,1,0.31986681318557114,4,1,0.75527529785035,4,1,0.573769970981552,4,1,1.1956553046275948,4,1,0.8161541415680245,4,1,0.8402143029868417,4,1,1.0431998101567654
PROCESS-2_rec__187,1,3,0,0.42259515545732335,3,0,-0.2519830531540589,3,0,-0.5293956724080606,3,1,0.6237076838119803,3,1,0.3004281426472209,3,1,0.11869986869637178,3,1,0.6764393642296885,3,1,0.4071310114640265,3,1,0.4669126327644665,3,1,0.6200862778459405,3,1,0.2970994400107536,3,1,0.40622382491598574
PROCESS-2_rec__188,0,5,0,0.4260372810746606,5,0,-0.14472476491262626,5,0,-0.7272603038076576,5,1,0.6404205930869877,5,1,0.31731241213452804,5,0,-0.15261535777914093,5,0,0.3356040081231157,5,0,-0.316358559624443,5,0,-1.0775977704131035,5,0,0.40903877741461225,5,0,-0.2626692388069019,5,0,-0.9839493261751442
PROCESS-2_rec__189,1,1,1,0.531664609712904,1,1,0.0490892890016463,1,1,0.09399489425355795,1,1,0.6529936398313665,1,1,0.2542144941163384,1,1,0.5951797860831848,1,1,0.5371214190848749,1,1,0.055281523327346906,1,1,0.35104456095026465,1,1,0.5238507298082762,1,0,-0.1311874514884604,1,1,0.29829486086911305
PROCESS-2_rec__190,0,2,1,0.5310541412226154,2,1,0.04565025859419993,2,0,-0.40408537140242373,2,0,0.4613371904191959,2,0,-0.07391840308444049,2,0,-0.26402516293124223,2,0,0.49156832717673127,2,0,-0.17531689526927335,2,1,0.455007139766775,2,1,0.5244791598825199,2,1,0.02198287271587848,2,1,0.10947379905347981
PROCESS-2_rec__191,0,3,0,0.37145826453280056,3,0,-0.3324424690509132,3,0,-0.8235003174367791,3,0,0.4163755590344356,3,0,-0.19307755378084399,3,1,0.11775705807853487,3,0,0.2776800294842443,3,0,-0.3527249371263565,3,0,-1.2558694697981367,3,0,0.18281754972398007,3,0,-0.6196436609127314,3,0,-1.2105893854240928
PROCESS-2_rec__192,1,2,1,0.6162741799336238,2,1,0.2017502045760831,2,1,0.16896003088692768,2,1,0.9987262868775642,2,1,2.6451079467308602,2,1,2.4214847224351246,2,1,0.5949585425938136,2,1,0.2188435635430023,2,1,0.6119356933990789,2,1,0.920932397264314,2,1,1.800607082522664,2,1,0.6609870405898255
PROCESS-2_rec__193,0,2,1,0.5028660847906813,2,1,0.009688740994979343,2,0,-0.2214782620628049,2,0,0.25358899992596373,2,0,-0.4642177144527297,2,0,-1.049646139984979,2,1,0.7022888003319973,2,1,0.3113656157276587,2,1,0.9392231846693303,2,0,0.47530252256186956,2,0,-0.22456122422435618,2,1,0.1275576305078987
PROCESS-2_rec__194,0,4,0,0.34551565218801067,4,0,-0.3507043981371536,4,0,-1.0039404606682776,4,1,0.7508740327558164,4,1,0.40217474415186494,4,1,0.9533058316765597,4,0,0.46357221347589295,4,0,-0.06233235148089109,4,1,0.05119858112502984,4,0,0.4189786155621191,4,0,-0.2232266584290437,4,1,0.2622713629612674
PROCESS-2_rec__195,0,4,1,0.5283457522046926,4,1,0.0697697208834894,4,0,-0.3059143673272773,4,0,0.2515622899297402,4,0,-0.47147238685882636,4,0,-0.5365702323324879,4,0,0.4597204884486744,4,1,0.017946053131548977,4,0,-0.017922133475167135,4,0,0.33462157017286975,4,0,-0.5056908067420607,4,0,-0.3464119026372665
PROCESS-2_rec__196,1,1,1,0.7345170612635972,1,1,0.6056934143399172,1,1,0.9577839537842165,1,1,0.5770256509308863,1,1,0.1183323436327951,1,0,-0.11240866205555558,1,0,0.4975612917008093,1,0,-0.07034794875536925,1,1,0.07549108314793948,1,1,0.6746808946644692,1,1,0.08612866960717154,1,1,0.6956252244879425
PROCESS-2_rec__197,0,4,0,0.49949912753702114,4,0,-0.012306889296754468,4,1,0.3439734787610369,4,1,0.6116390917167351,4,1,0.1818965627118486,4,0,-0.11492661712949515,4,1,0.6935022939315834,4,1,0.26336900695222015,4,1,0.8765580605770658,4,1,0.7184861997029124,4,1,0.2096857327455826,4,1,0.6377137982767161
PROCESS-2_rec__198,1,4,0,0.4474980086988798,4,0,-0.10685327254928886,4,1,0.18792013166909033,4,0,0.25531522620738134,4,0,-0.4726855876738416,4,0,-1.1037066460024927,4,0,0.49931784209319063,4,0,-0.1569125022738834,4,1,0.16549499340244112,4,0,0.35382729688302067,4,0,-0.33240322794587834,4,0,-0.36979117425865515
PROCESS-2_rec__199,0,2,0,0.33781045708378743,2,0,-0.3094966470608316,2,0,-0.9715594246650345,2,0,0.24943704771547137,2,0,-0.4797077855070434,2,0,-0.643483500871749,2,0,0.24685062886686707,2,0,-0.6408838434698453,2,0,-1.2293146274515763,2,0,0.11498536344070268,2,0,-0.9894313756142109,2,0,-0.9436058397379989
PROCESS-2_rec__200,0,5,0,0.3728301642786403,5,0,-0.37785866874475554,5,0,-0.0690790129021652,5,0,0.3851215077477511,5,0,-0.33801625832843796,5,0,-0.7955801686675338,5,0,0.3790088842374192,5,0,-0.2520309453129533,5,0,-0.6067600381285748,5,0,0.2263759940845242,5,0,-0.6566383149530152,5,0,-0.8423924347376686
PROCESS-2_rec__201,0,5,1,0.5974642410157917,5,1,0.2270246794365751,5,0,-0.058128250145991246,5,1,0.5954257401208047,5,1,0.23332720976778398,5,1,0.09972440292618873,5,0,0.42760463601992105,5,0,-0.13819695356914732,5,0,-0.8596390316712036,5,1,0.5376913949027787,5,0,-0.021752758956002857,5,0,-0.3129209939086139
PROCESS-2_rec__202,0,5,0,0.32634048349099953,5,0,-0.4526234991928975,5,0,-0.7099975186551383,5,0,0.38500703896139,5,0,-0.3369981208315621,5,0,-0.7162592517471861,5,0,0.44950557656709184,5,0,-0.04575402715946013,5,0,-0.5012939135009339,5,0,0.3035852330910582,5,0,-0.45311359856340716,5,0,-0.557798697177033
PROCESS-2_rec__203,1,5,1,0.6971145405254596,5,1,0.449398268701796,5,1,0.41192555767510336,5,1,0.5938991914506476,5,1,0.2221250229670083,5,1,0.038100521675677124,5,1,0.5634041031017905,5,1,0.18977813136146743,5,1,0.38418980090416405,5,1,0.7410250084431643,5,1,0.5424676215376797,5,1,0.3587157479647384
PROCESS-2_rec__204,0,2,1,0.516747860603476,2,1,0.00781504535981569,2,0,-0.34799681009727157,2,0,0.4987832762658009,2,0,-0.03316470981205155,2,1,0.3332133544117484,2,0,0.3981079437009132,2,0,-0.18831186370038688,2,0,-0.8130733250010582,2,1,0.5048762645784399,2,1,0.03644974762113102,2,1,0.4605133448298949
PROCESS-2_rec__205,0,1,0,0.32538444621526,1,0,-0.37847216859316446,1,0,-0.8750515764356297,1,0,0.30844454022469103,1,0,-0.4845784241199505,1,0,-0.8866910855942484,1,0,0.49725142672360056,1,0,-0.09184113029030108,1,1,0.16893029284506964,1,0,0.28383411656786434,1,0,-0.576923670961326,1,0,-1.1104452809035121
PROCESS-2_rec__206,1,2,0,0.3736346978622168,2,0,-0.23626957750191765,2,0,-0.6530381661797668,2,0,0.3626240295141131,2,0,-0.23257200448575477,2,0,-1.1533915411314417,2,0,0.4316205326327017,2,0,-0.14584339150317538,2,0,-0.23202714516386747,2,0,0.267246786027664,2,0,-0.5519267265056311,2,0,-0.9424801696093676
PROCESS-2_rec__207,1,3,0,0.3599238203939237,3,0,-0.23633381431647504,3,0,-0.04672765456340183,3,0,0.42435480710737217,3,0,-0.13562361886943106,3,0,-1.0078965035947216,3,0,0.42691405729687676,3,0,-0.00966719844314591,3,0,-0.6021421722393518,3,0,0.3661290246246633,3,0,-0.1900343218385165,3,0,-0.8373973581238914
PROCESS-2_rec__208,0,5,0,0.33439120417099877,5,0,-0.38009314719756815,5,0,-0.8987548368036743,5,0,0.4040688606313973,5,0,-0.03839297241719468,5,0,-0.7495569995961614,5,0,0.3236148656975087,5,0,-0.2731015890253909,5,0,-1.2065764617227779,5,0,0.22597492484536577,5,0,-0.5162672002613412,5,0,-1.1428379393336912
PROCESS-2_rec__209,0,4,0,0.3711548854630135,4,0,-0.23654276313581488,4,0,-0.05273335411869613,4,0,0.35846838616454646,4,0,-0.26447758350912043,4,0,-0.6729290235196832,4,0,0.37397841457477465,4,0,-0.24907114329329316,4,0,-0.8001067504401127,4,0,0.3515287859309318,4,0,-0.22071933156295875,4,0,-0.6293863042406515
PROCESS-2_rec__210,1,4,0,0.2976572394428886,4,0,-0.3446849388784938,4,0,-0.8940303540050349,4,0,0.31535454807987745,4,0,-0.32736911044459394,4,0,-0.6684818677898432,4,0,0.3470197148769393,4,0,-0.36455238939555673,4,0,-0.5686345188799419,4,0,0.27919144571435744,4,0,-0.34124410866601196,4,0,-1.0411504496492219
PROCESS-2_rec__211,0,2,0,0.3022504139549629,2,0,-0.3709188770714906,2,0,-0.5919715406231438,2,0,0.39773804944606334,2,0,-0.1811075327142178,2,0,-0.7336342600073305,2,1,0.610985622346648,2,0,-0.06476631685442501,2,1,0.8727432491944302,2,1,0.5583025001227898,2,1,0.04156894168268715,2,1,0.19968960208638997
PROCESS-2_rec__212,1,3,0,0.2616266433685773,3,0,-0.5721007564062583,3,0,-1.1793469317911929,3,1,0.5686866119701797,3,1,0.12849030529681374,3,0,-0.11967603999761134,3,1,0.661725385920831,3,1,0.21868944232502033,3,1,0.8353465323070706,3,0,0.4588484676078888,3,0,-0.17079653123402586,3,1,0.090561080181248
PROCESS-2_rec__213,1,1,1,0.5526302877963206,1,0,-0.1337035988435116,1,1,0.16718633433364155,1,1,0.7331438251475014,1,1,0.3989878463487458,1,1,0.2897845754317262,1,1,0.8121534071782538,1,1,0.7952802110872244,1,1,0.785297427397112,1,1,0.8537221527982866,1,1,0.7257948700883747,1,0,-0.00025607627443582914
PROCESS-2_rec__214,0,2,0,0.2850405954555857,2,0,-0.40749847734488936,2,1,0.07639668311081083,2,0,0.4273051628057626,2,0,-0.14347709894668645,2,1,0.12030099136699168,2,0,0.18519246796382816,2,0,-0.7858085522830494,2,0,-0.32570811696951163,2,0,0.16124071881124627,2,0,-0.777958316996173,2,1,0.05629881880520249
PROCESS-2_rec__215,0,3,0,0.3353908163164896,3,0,-0.4744989744963361,3,0,-1.193963315595927,3,0,0.47550641226365103,3,0,-0.030718414501746186,3,0,-0.564657604532856,3,0,0.2898740009179534,3,0,-0.40105332500148555,3,0,-1.0637395225786752,3,0,0.21786267407802745,3,0,-0.7934831159196426,3,0,-1.0319886863415546
PROCESS-2_rec__216,0,3,1,0.6024547842194903,3,1,0.10746878751219999,3,0,-0.18592110013017124,3,0,0.46040568407257326,3,0,-0.07711420572119079,3,0,-0.1629842863868971,3,1,0.6282583852715888,3,1,0.3318993165535058,3,1,0.33109805173851026,3,1,0.5728365015879137,3,1,0.12476081443457918,3,1,0.385562838314169
PROCESS-2_rec__217,0,2,0,0.35590641712885984,2,0,-0.2484350656869969,2,1,0.033269562237062456,2,0,0.4752724718656063,2,0,-0.054130727426784375,2,0,-0.19411337836763365,2,0,0.39757334433085884,2,0,-0.2528803606174108,2,0,-0.8712522797807096,2,0,0.24709843261686718,2,0,-0.47487298210918605,2,0,-0.2583376375325014
PROCESS-2_rec__218,0,2,0,0.44819879486659314,2,0,-0.10352248113239666,2,0,-0.597997985217306,2,1,0.5351425047296501,2,1,0.04931700114645156,2,0,-0.30606355324529155,2,0,0.4119033501888171,2,0,-0.1392247189160718,2,0,-0.8452431276380732,2,1,0.5113004058999702,2,1,0.12060869798722282,2,0,-0.47283715573841656
PROCESS-2_rec__219,0,1,1,0.5105281812457543,1,0,-0.02915437273172205,1,1,0.06875782785349677,1,0,0.4899469337719378,1,0,-0.03563838253772177,1,0,-0.7599616994636174,1,1,0.6184788900104661,1,1,0.21635698609390316,1,1,0.5848312422632158,1,1,0.5709599843881663,1,1,0.040075361379322355,1,1,0.16509384983703898
PROCESS-2_rec__220,0,2,0,0.4728172993556324,2,0,-0.06421277712565938,2,0,-0.8933183564652325,2,0,0.42123369864345495,2,0,-0.1453599879456205,2,1,0.08005484781259997,2,0,0.28506867304953637,2,0,-0.2704121988285373,2,0,-0.8534365991489776,2,1,0.5030067539784834,2,1,0.1565159524437601,2,1,0.014779832716123431
PROCESS-2_rec__221,1,3,1,0.7539877660742255,3,1,0.6366778206544321,3,1,1.7595289963504976,3,1,0.7269852461540451,3,1,0.5172282132058857,3,1,1.4368276619793552,3,1,0.7969068000700897,3,1,0.9116829103826838,3,1,1.2017801330086886,3,1,0.9265849149389619,3,1,1.4403972458487873,3,1,1.8742578030076158
PROCESS-2_rec__222,1,5,1,0.5692505879433878,5,1,0.1614889261837684,5,1,0.13996139866051296,5,1,0.6834961155749414,5,1,0.5263083490654374,5,1,0.40476607047637375,5,1,0.5599740802501967,5,1,0.14301958491805253,5,1,0.2031080805386704,5,1,0.6424752689158935,5,1,0.2578194467835885,5,1,0.31132739988513836
PROCESS-2_rec__223,0,3,0,0.43495659243003437,3,0,-0.28376596979762503,3,0,-1.0294828414996646,3,0,0.49022833555740464,3,0,-0.04155228108884837,3,0,-0.6675791634910682,3,0,0.48567144309654603,3,0,-0.08082202227007332,3,1,0.18010824963095806,3,0,0.4990336095074905,3,0,-0.19988242954906793,3,1,0.2166399776590741
PROCESS-2_rec__224,1,2,1,0.9240877234330243,2,1,1.0465606548931823,2,1,1.3729209870870367,2,0,0.3678178454440878,2,0,-0.23496437693932504,2,0,-0.5478921763851596,2,1,0.7621002133943892,2,1,0.7289346300537951,2,1,0.9547242564328299,2,1,0.8800601407807579,2,1,1.1186587651503523,2,1,1.2067191543150686
PROCESS-2_rec__225,1,4,1,0.5283094002510347,4,1,0.13726882940102392,4,1,0.13638788787581685,4,0,0.2772311319560693,4,0,-0.4075335240999569,4,0,-0.9146529812917958,4,0,0.4110177603738724,4,0,-0.25621705149695584,4,0,-0.2359808848496192,4,0,0.2614582170178065,4,0,-0.4346431611863638,4,0,-0.6073407403249598
PROCESS-2_rec__226,1,1,0,0.39046780053183194,1,0,-0.3861658554009589,1,0,-0.3737417635076166,1,0,0.43030248479722905,1,0,-0.2006723943684335,1,0,-0.6687098250305858,1,0,0.3329258043321889,1,0,-0.33984995750380353,1,0,-0.9604418062538363,1,0,0.27926532411595034,1,0,-0.49019495789620093,1,0,-1.3928811050339862
PROCESS-2_rec__227,1,1,1,0.7477946731396803,1,1,0.4167158717046956,1,1,0.41891142807944953,1,1,0.5368423869411073,1,1,0.06295641817738337,1,1,0.7558109201288812,1,0,0.4157336941220537,1,0,-0.14441523529375655,1,0,-0.02219258633167151,1,1,0.6408238881281648,1,1,0.5164317549776939,1,1,1.0771786002914265
PROCESS-2_rec__228,1,4,0,0.35104025284434676,4,0,-0.22817413589659657,4,0,-0.5754320600451927,4,0,0.353081330510596,4,0,-0.2677748187716261,4,0,-0.6161458813731853,4,1,0.5366432231821107,4,0,-0.030867706534940607,4,1,0.21341004128529506,4,0,0.42427056408864994,4,0,-0.12435893087007,4,0,-0.32194321785361213
PROCESS-2_rec__229,1,5,0,0.486425399720252,5,0,-0.06005544476939675,5,1,0.04335127359658405,5,1,0.784411115520379,5,1,0.9398481671017815,5,1,1.2976568652850577,5,1,0.6601438799044936,5,1,0.39679094392906045,5,1,0.6952536885796092,5,1,0.6941301369878033,5,1,0.380253225066372,5,1,0.6094344763245316
PROCESS-2_rec__230,1,5,1,0.5661035524432234,5,1,0.06202802904318857,5,1,0.7149415210690556,5,1,0.7613447311734909,5,1,0.7927728851733764,5,1,1.1514733085762858,5,1,0.5375615352976669,5,1,0.07368082907028271,5,1,0.5534142085767813,5,1,0.7419923971066317,5,1,0.5298143834383184,5,1,0.7979987610823187
PROCESS-2_rec__231,1,3,1,0.5446621900942142,3,1,0.161175218357198,3,0,-0.5738227101654043,3,1,0.6076314532708741,3,1,0.198096675006657,3,1,0.021411787712790953,3,0,0.3273642041005536,3,0,-0.28813683559698916,3,0,-0.9940925894795872,3,0,0.4526767226595532,3,0,-0.01369643336962148,3,0,-0.8684488085815942
PROCESS-2_rec__232,0,4,0,0.42908437453332865,4,0,-0.12485917420085954,4,1,0.30038855697104466,4,0,0.3605039312746128,4,0,-0.23710626580166355,4,1,0.25323837819035655,4,0,0.45670332563640104,4,0,-0.27971303814417386,4,0,-0.08163970360004214,4,0,0.3406174125317329,4,0,-0.4444286539960136,4,0,-0.03631517773902376
PROCESS-2_rec__233,1,2,0,0.4733928056727822,2,0,-0.06652700211071934,2,1,0.521840298644967,2,0,0.15179571224947325,2,0,-0.7288708538401003,2,0,-1.7159894693520517,2,0,0.365771745408035,2,0,-0.3311539786088744,2,0,-0.40403515888158004,2,0,0.2545788101901379,2,0,-0.6186163072658337,2,0,-0.008693527102060727
PROCESS-2_rec__234,1,5,1,0.6804374708933613,5,1,0.28225446706650076,5,1,0.2407884825756094,5,1,0.8826954422973795,5,1,1.2525835628806052,5,1,0.8143263769421895,5,1,0.609078535084452,5,1,0.31839136136909874,5,1,0.4915701655324104,5,1,0.8988835918925318,5,1,1.2930957711798934,5,1,0.6357056915352249
PROCESS-2_rec__235,1,4,1,0.5382367568933603,4,1,0.11489630682834476,4,1,0.4672428872799632,4,0,0.44472941501707397,4,0,-0.11882677670254174,4,0,-0.27820586082774146,4,1,0.8916553453592005,4,1,1.0493336964390427,4,1,1.9920288691207682,4,1,0.7968073421646741,4,1,0.6530469933592544,4,1,1.0893089111707956
PROCESS-2_rec__236,1,1,1,0.7692523544973394,1,1,0.6763550948177973,1,1,1.3332341616287438,1,1,0.810771758759795,1,1,0.9341376291612076,1,1,1.4936854913477966,1,1,0.52978049345189,1,1,0.06597110272276784,1,1,0.14050942375281486,1,1,0.8595376148187345,1,1,1.0015895715868475,1,1,1.7078450407364114
PROCESS-2_rec__237,1,5,0,0.4316446982199301,5,0,-0.20131291042460023,5,0,-0.4506623079661418,5,0,0.40607274931226434,5,0,-0.31523766763240224,5,0,-0.13478899526247445,5,1,0.5601961417863242,5,1,0.18342581857638646,5,1,0.12513898527849351,5,0,0.35172373039830357,5,0,-0.424061720489095,5,0,-0.3790148854334418
PROCESS-2_rec__238,1,5,1,0.6912145771934235,5,1,0.4315126286879358,5,1,0.8536387133693538,5,1,0.7966326499323012,5,1,1.118169196937099,5,1,0.7907708137387148,5,1,0.7851204710796649,5,1,0.7864195156126574,5,1,1.1564180062426723,5,1,0.9192984137776423,5,1,1.7080144900453451,5,1,0.9174881539109956
PROCESS-2_rec__239,1,3,1,0.5113307645383903,3,1,0.11902515950382435,3,1,1.1527012586785994,3,1,0.6931282580768343,3,1,0.42423402583871084,3,1,0.8361195604679391,3,1,0.5260436218235314,3,0,-0.17000156767191843,3,1,0.054133272857133416,3,1,0.6284201563221615,3,1,0.14499176183344045,3,1,0.221286063699883
PROCESS-2_rec__240,1,2,0,0.38339932908043817,2,0,-0.20934968269869902,2,0,-0.2363578176725487,2,1,0.5589666384604697,2,1,0.0813286986814968,2,1,0.10045249713647153,2,1,0.7561243316672611,2,1,0.7840172365279457,2,1,1.001927679420313,2,1,0.654550109687201,2,1,0.38818979533353803,2,1,0.586529805558962
PROCESS-2_rec__241,1,5,0,0.48922804170786754,5,0,-0.09205778519218086,5,1,0.383412600431755,5,0,0.38405425461533144,5,0,-0.39993430527476176,5,0,-0.6954042698590007,5,1,0.5054903635310977,5,0,-0.05188764635760862,5,1,0.18590566311406997,5,0,0.39585521575347615,5,0,-0.17478293548233703,5,1,0.14907567200541255
PROCESS-2_rec__242,1,4,1,0.5665321833828636,4,1,0.0916928508123237,4,1,0.20089933889326844,4,1,0.8964879538710848,4,1,0.860084470075809,4,1,1.111540804981737,4,1,0.7690953281402922,4,1,0.6716082963861317,4,1,1.0009460393092138,4,1,0.821014390532263,4,1,0.6775584406497143,4,1,0.8789872132659826
PROCESS-2_rec__243,0,4,0,0.29936661919755947,4,0,-0.37221459851596445,4,0,-1.052433449637625,4,0,0.40029287565048466,4,0,-0.17989726467509823,4,0,-0.7129068539642416,4,0,0.3394482052754307,4,0,-0.18677152532768332,4,0,-0.8194143227994599,4,0,0.2679581628898884,4,0,-0.3367756949802946,4,0,-1.0813505063820836
PROCESS-2_rec__244,1,5,1,0.5064627063211601,5,1,0.04382292309709386,5,0,-0.23560557645041394,5,1,0.8162468081134234,5,1,1.0040265547228977,5,1,1.5097641805724162,5,1,0.6848117957890534,5,1,0.44236443936569736,5,1,0.871584437452974,5,1,0.7913340211547124,5,1,0.8052145874923503,5,1,0.8566482154580328
PROCESS-2_rec__245,0,3,0,0.4020912316226921,3,0,-0.24461774543166892,3,0,-1.4743143511020007,3,0,0.3101037545083389,3,0,-0.42845283046909755,3,0,-1.4799274049037558,3,0,0.444167623228431,3,0,-0.05171217255479875,3,0,-0.49201223953886775,3,0,0.2823565118412315,3,0,-0.500227116230234,3,0,-1.316648595593582
PROCESS-2_rec__246,0,3,1,0.5577285650597116,3,0,-0.03800059933919271,3,1,0.21233082172816034,3,0,0.4986044750234714,3,0,-0.006442194795254172,3,1,0.06282948693553791,3,1,0.7600859488746526,3,1,0.6087107153073891,3,1,1.0030867667553645,3,1,0.6709805163313073,3,1,0.36367572986540886,3,1,0.6168985171844033
PROCESS-2_rec__247,1,5,0,0.3991479651870835,5,0,-0.2463891560938158,5,0,-0.29211177668884497,5,0,0.38156888537884415,5,0,-0.1851834592628333,5,0,-0.7302404075763836,5,1,0.5813898837155524,5,1,0.19907877347881395,5,1,0.25842708599184694,5,0,0.41152416530075603,5,0,-0.021180316928642154,5,0,-0.42794793840913775
PROCESS-2_rec__248,1,5,1,0.5119561456659619,5,0,-0.0651899374346011,5,1,0.5275379326270652,5,0,0.38944600756197406,5,0,-0.3451781620987506,5,0,-0.8853398069042139,5,1,0.621794975360531,5,1,0.30614474166665645,5,1,0.9899799903122186,5,1,0.5203672866622934,5,0,-0.15060405037678704,5,1,0.8382107628194233
PROCESS-2_rec__249,1,2,0,0.4219197081878262,2,0,-0.14751437395274916,2,0,-0.16383630139460675,2,1,0.5393453255104785,2,1,0.047345467897216484,2,0,-0.4592603431285329,2,1,0.6494818394999087,2,1,0.35517036349400627,2,1,0.6731125515749641,2,1,0.561029612314275,2,1,0.158791564374257,2,1,0.32658724870601263
PROCESS-2_rec__250,1,1,1,0.8111315514544012,1,1,0.9256880766944106,1,1,1.310708837217479,1,1,0.5723976890349018,1,1,0.08136961883439436,1,1,0.0055489545864543036,1,1,0.6046321338814961,1,1,0.2572472982663913,1,1,0.35412977876014506,1,1,0.7891642514786961,1,1,0.9415291708404722,1,1,1.4216066190039809
PROCESS-2_rec__251,0,5,0,0.41204251386593677,5,0,-0.17401444436041685,5,0,-0.7421993351885571,5,0,0.33635717097066015,5,0,-0.2526787469092044,5,0,-0.5036183551929336,5,0,0.48295119864989544,5,0,-0.07477412690099358,5,0,-0.3300316987496378,5,0,0.4435265791706006,5,0,-0.2501206138767195,5,0,-0.6642562436608184
PROCESS-2_rec__252,1,2,1,0.700565781261627,2,1,0.33767566422152845,2,1,0.9360114905353794,2,0,0.19145730908002714,2,0,-0.6089835286898444,2,0,-1.2730469052628257,2,0,0.32749071523035417,2,0,-0.4270039340316906,2,0,-0.7476034772938147,2,0,0.3268464573563905,2,0,-0.2751322851376274,2,0,-0.03167167219951911
PROCESS-2_rec__253,1,5,0,0.4098390427286148,5,0,-0.22681802069849638,5,0,-0.6629227672126708,5,0,0.4194433962889397,5,0,-0.2584156641035581,5,0,-0.8348850804025841,5,0,0.3811133565814443,5,0,-0.29780042801797163,5,0,-0.6806729169791297,5,0,0.40112032828096394,5,0,-0.2380735948290365,5,0,-0.9493834363021165
PROCESS-2_rec__254,1,4,1,0.7433365995423734,4,1,0.5960732951954678,4,1,0.9160350074049508,4,0,0.3728959599977521,4,0,-0.23309209555458915,4,0,-0.6557633880291054,4,0,0.37838846634088846,4,0,-0.2770631676826207,4,0,-0.6489913818422182,4,0,0.3797569815604892,4,0,-0.3297302135347324,4,0,-0.45341532640726956
PROCESS-2_rec__255,0,5,1,0.5690459305790219,5,1,0.14085962198913526,5,1,0.11416777825274929,5,0,0.4378558894298488,5,0,-0.18977387287214253,5,0,-1.0843961530506085,5,1,0.5602808649411261,5,1,0.18671050257874974,5,1,0.001502839437359127,5,0,0.4014759309048011,5,0,-0.2403304959145212,5,0,-0.4589198157175585
PROCESS-2_rec__256,1,3,1,0.7951725293648957,3,1,0.8256583295364458,3,1,0.4821291065168093,3,1,0.8039222042265698,3,1,0.7774940377965912,3,1,1.1519695137755224,3,1,0.671190791985338,3,1,0.17014883578347842,3,1,0.8407923822277386,3,1,0.9106604117285061,3,1,1.4586225058737539,3,1,1.0570662176465118
PROCESS-2_rec__257,1,4,1,0.8317945166412664,4,1,0.91687693299112,4,1,1.1299116191858551,4,1,0.6553694585297322,4,1,0.2287977318090135,4,1,0.7808375579343128,4,1,0.9324853733428585,4,1,1.0509823891966839,4,1,1.3652046868619587,4,1,0.9341866098848413,4,1,1.0515791063079716,4,1,1.073939018791596
PROCESS-2_rec__258,1,2,1,0.6632824933763156,2,1,0.2758107579373841,2,1,0.1888734932437432,2,0,0.37052722544750377,2,0,-0.23445135221910063,2,0,-0.3499153895995819,2,1,0.6217691144322511,2,1,0.27321500679963245,2,1,0.4887201578905605,2,1,0.7197887468647914,2,1,0.6151306174861287,2,1,0.4226368649289261
PROCESS-2_rec__259,1,2,0,0.4646755857487832,2,0,-0.0729062027560855,2,1,0.07595866533294302,2,0,0.21080269981616342,2,0,-0.5607793493087435,2,0,-1.3382033789511574,2,1,0.7054886733474063,2,1,0.36455631938436744,2,1,0.6549594500941582,2,0,0.34665525118496593,2,0,-0.5433188717503875,2,1,0.10214908630941477
PROCESS-2_rec__260,0,3,0,0.4850263607983179,3,0,-0.09907170913273206,3,1,0.6954199086262827,3,1,0.5814305542227259,3,1,0.16673191273288793,3,1,0.36674337386967515,3,1,0.6163837378698863,3,1,0.09854275120619517,3,1,0.651703578278141,3,1,0.5483295993856744,3,0,-0.18336283886495122,3,1,0.07615300380759138
PROCESS-2_rec__261,0,1,0,0.32189460678967446,1,0,-0.3545551930541021,1,0,-1.0402037585732964,1,1,0.5467463019404453,1,1,0.05108475425554302,1,0,-0.5859285085154491,1,0,0.36245726040723064,1,0,-0.3101486406556836,1,0,-0.23444400919134792,1,0,0.3845025410371736,1,0,-0.4329227445577045,1,0,-0.6514782275981471
PROCESS-2_rec__262,1,2,0,0.39270903488245573,2,0,-0.22409177634013208,2,0,-0.8372535857503354,2,0,0.39505997687261885,2,0,-0.18450884127448505,2,0,-0.7988935152697343,2,0,0.3283614937978862,2,0,-0.3222669654709518,2,0,-1.148862405730885,2,0,0.2161480445661181,2,0,-0.6299666320276781,2,0,-1.1299341930411075
PROCESS-2_rec__263,0,4,1,0.5561495167799905,4,1,0.15067814040866934,4,1,0.37541712134912775,4,1,0.5244540400853852,4,1,0.03449466141722396,4,0,-0.11136778886338405,4,0,0.4439021139762565,4,0,-0.12345590002815365,4,0,-0.2690008049366489,4,1,0.5292673115780424,4,1,0.1615712106267498,4,0,-0.2353444582218997
PROCESS-2_rec__264,0,1,1,0.5140599677987492,1,0,-0.03925116561704114,1,1,0.027778092880566263,1,0,0.3903797785331384,1,0,-0.2282103770996125,1,0,-1.1475910151972366,1,1,0.6287205322187902,1,1,0.19817797360473452,1,1,0.46655125669611086,1,1,0.6441408703388861,1,1,0.38630669714568144,1,1,0.40542038529735736
PROCESS-2_rec__265,1,5,0,0.3294463519818586,5,0,-0.40003069091345916,5,0,-0.6738031522840786,5,0,0.3975084610685621,5,0,-0.284462707458331,5,0,-0.24753047561323505,5,0,0.4696489249479354,5,0,-0.13377926064562443,5,0,-0.4510614091675029,5,0,0.2829060920896768,5,0,-0.5699392194246631,5,0,-0.9118756777401922
PROCESS-2_rec__266,0,2,1,0.5548994550770301,2,1,0.12434402943900207,2,1,0.4022872749141732,2,0,0.38055768771496995,2,0,-0.17533547061157193,2,1,0.5198109833725411,2,0,0.2099706986657752,2,0,-0.7854734653835852,2,0,-1.2564260903963027,2,0,0.415638966206199,2,0,-0.5574672012957257,2,1,0.02865340707118208
PROCESS-2_rec__267,0,5,0,0.43253429055721604,5,0,-0.10744676819753715,5,0,-0.6300785178166167,5,0,0.4616054473615294,5,0,-0.034643737348462426,5,0,-0.5011950583761827,5,0,0.3457941515846655,5,0,-0.35567282077427886,5,0,-0.8222666120040535,5,0,0.43246315497249216,5,0,-0.21092352966518574,5,0,-0.9669166788427686
PROCESS-2_rec__268,0,1,1,0.5821698591900983,1,1,0.21117904815035604,1,1,0.08936249989664108,1,1,0.5697716074759112,1,1,0.2126355028194823,1,0,-0.09834509552204393,1,0,0.4601473097498715,1,1,0.003997136869636914,1,0,-0.06772871985375192,1,1,0.6679536610227271,1,1,0.48192316389095,1,1,0.7268525955649915
PROCESS-2_rec__269,1,4,1,0.659554852937019,4,1,0.3123784176975636,4,1,0.6329231590535178,4,1,0.6068138807089394,4,1,0.16463384507540685,4,0,-0.06551490015582428,4,1,0.7817564770362121,4,1,0.6827746934247435,4,1,1.2260846999585941,4,1,0.835780868021252,4,1,0.6012761001315634,4,1,0.887470808910447
PROCESS-2_rec__270,0,1,0,0.28120156012595987,1,0,-0.5207191163723397,1,0,-0.9130700761175117,1,0,0.356552068801525,1,0,-0.3325410464674099,1,0,-1.0550134921797623,1,0,0.4138801674877238,1,0,-0.18854813664550357,1,0,-0.43332724785585386,1,0,0.16593640954625932,1,0,-0.882669255989206,1,0,-1.412649620958781
PROCESS-2_rec__271,0,2,0,0.3826295185857778,2,0,-0.2100805984778183,2,0,-0.5240972332194761,2,0,0.26091600684478383,2,0,-0.4273169611866693,2,0,-1.047583772337055,2,0,0.4508008751627949,2,0,-0.19304305434876073,2,1,0.10029809417190644,2,0,0.34734935327768235,2,0,-0.3167504927655749,2,0,-0.6722220399175751
PROCESS-2_rec__272,0,3,0,0.38425299589565975,3,0,-0.3381695569136993,3,0,-1.203448961788911,3,0,0.48918723798873376,3,1,0.0024104051792862013,3,0,-0.49635126500525484,3,1,0.6459173408123979,3,1,0.3234162919473025,3,1,0.49617209775327353,3,0,0.49698266392362694,3,0,-0.057348116760577966,3,0,-0.2552025650048667
PROCESS-2_rec__273,0,5,1,0.5192550633989816,5,1,0.08040310640190376,5,0,-0.3064356102473263,5,1,0.5531215243967181,5,1,0.0023923653297424283,5,0,-0.19259739082872407,5,1,0.5577381492934653,5,1,0.12510991962524315,5,1,0.2413219594372697,5,0,0.4733262483747867,5,0,-0.12474841482049624,5,0,-0.4451905888815843
PROCESS-2_rec__274,0,5,0,0.453625564575528,5,0,-0.030525314092791408,5,0,-0.8552574140777937,5,0,0.4130775149135603,5,0,-0.2601064414616853,5,0,-1.1034620368389105,5,0,0.4682847142908709,5,0,-0.00275256682497185,5,0,-0.3318015163812179,5,0,0.4163375967448977,5,0,-0.06614243347065236,5,0,-1.057464646274176
PROCESS-2_rec__275,1,1,1,0.7707623839785058,1,1,0.6714620089892422,1,1,1.1683417234203497,1,1,0.64267332808309,1,1,0.2845564797135473,1,0,-0.03371475913522671,1,0,0.41266895311688384,1,0,-0.18509331421746916,1,0,-1.0244042703060607,1,1,0.6281858627431182,1,0,-0.00338804211394355,1,1,0.08024372481377715
PROCESS-2_rec__276,1,4,1,0.8778114207893801,4,1,1.0591198270164417,4,1,1.214216066608971,4,1,0.7296239255127476,4,1,0.4039163563427717,4,1,0.3944905730744787,4,1,0.6357161822386966,4,1,0.3062215393050697,4,1,0.2726192487520439,4,1,0.8469274708505535,4,1,1.0906112746043353,4,1,0.8333597890151245
PROCESS-2_rec__277,0,2,0,0.2324517517870281,2,0,-0.5494752046793149,2,0,-1.2935904959034377,2,0,0.32372348939624757,2,0,-0.3278160688245984,2,0,-0.49932200172743646,2,0,0.20388337964525513,2,0,-0.591397124708279,2,0,-1.2440250903381598,2,0,0.1835815493888081,2,0,-0.5138909735108572,2,0,-0.4999770635956209
PROCESS-2_rec__278,1,5,0,0.49876535828013524,5,0,-0.004663816831799267,5,0,-0.6032204534593945,5,0,0.42132053019223775,5,0,-0.029759884225455252,5,0,-0.5049229951738423,5,0,0.4052896819886022,5,0,-0.15189668303175638,5,0,-0.9501382053542006,5,1,0.5385045505516897,5,1,0.1835835629064535,5,0,-0.5783178167082612
PROCESS-2_rec__279,0,2,0,0.42317145574060727,2,0,-0.1286577052129308,2,0,-0.42740340774634134,2,0,0.43303941937241813,2,0,-0.12120968897768575,2,0,-0.7022788024853324,2,1,0.5252487358098473,2,1,0.12668940051097696,2,1,0.07240012323467782,2,1,0.5025674032187715,2,1,0.07797799640493741,2,0,-0.33973461559409934
PROCESS-2_rec__280,0,4,0,0.3010812783627878,4,0,-0.3710848597928057,4,0,-0.624695235022718,4,0,0.3675136193175682,4,0,-0.24674889445717024,4,0,-0.8454222101518367,4,0,0.3171630387161671,4,0,-0.44165378818779727,4,0,-0.877182404026202,4,0,0.325712904448962,4,0,-0.28159845197997624,4,0,-0.9055884057785406
PROCESS-2_rec__281,1,1,0,0.33919028406247337,1,0,-0.43079974480245525,1,0,-0.603843355250059,1,0,0.45990874102589563,1,0,-0.13343367973165093,1,0,-0.6356411153041611,1,1,0.5881721719105495,1,1,0.09847362098046646,1,1,0.1879823230138377,1,0,0.4027141133496061,1,0,-0.24714996834580608,1,0,-0.39438701824792777
PROCESS-2_rec__282,0,2,0,0.3440738549099374,2,0,-0.2961861272182714,2,0,-0.962725822697091,2,0,0.41470389975728716,2,0,-0.1661870877610504,2,0,-0.3226871685088588,2,0,0.15273190139662488,2,0,-0.8767050327681779,2,0,-0.7612931341808138,2,0,0.1301043291899069,2,0,-0.8671989752902489,2,0,-0.5276937093901932
PROCESS-2_rec__283,1,4,1,0.637623205568134,4,1,0.2148742366054269,4,1,0.9804541162283984,4,1,0.5272030096621373,4,1,0.03986788421200005,4,1,0.24665638829982034,4,1,0.5777074440979472,4,1,0.14641710110573303,4,1,0.417572636681374,4,1,0.560645945052699,4,1,0.17158439092028266,4,1,0.5024982518658574
PROCESS-2_rec__284,1,5,1,0.6665187823053818,5,1,0.33866620225854766,5,1,0.8067759441884644,5,1,0.52782581074681,5,0,-0.025532603835668938,5,1,0.10560324361809456,5,0,0.4192454910383937,5,0,-0.22642249162167644,5,0,-0.170890700466155,5,1,0.5590258583682276,5,1,0.192234544957221,5,1,0.7832299124744682
PROCESS-2_rec__285,1,3,1,0.5957745276053042,3,1,0.1825923154177021,3,1,1.5785295156385497,3,1,0.5586504784173437,3,1,0.09518172637737453,3,1,0.6132149644666433,3,1,0.5193803815019291,3,1,0.009349148055901021,3,0,-0.0468082683171971,3,1,0.5582002262965604,3,1,0.10069199956716315,3,1,0.7734148900484051
PROCESS-2_rec__286,1,4,1,0.5956034404269194,4,0,-0.4107201826382607,4,1,0.06640650109298835,4,0,0.40823056391931645,4,0,-0.16183042193160938,4,0,-0.19236714960497014,4,1,0.6775781225900307,4,1,0.26363058348176027,4,1,0.7558754337935262,4,0,0.3279286783800508,4,0,-1.400248553508548,4,1,0.3707801931097017
PROCESS-2_rec__287,0,5,0,0.32980297647802753,5,0,-0.3261374790724905,5,0,-1.1189377341360887,5,0,0.4262295733872673,5,0,-0.17554704847636388,5,0,-0.24714774461605593,5,0,0.3938483205460246,5,0,-0.2135941604939686,5,0,-1.398073234870723,5,0,0.3808889321980323,5,0,-0.2578190267235515,5,0,-0.7579955801072744
PROCESS-2_rec__288,0,2,1,0.5025453703312371,2,1,0.005792364911106982,2,0,-0.5380743628236901,2,0,0.3033022774669229,2,0,-0.3429128719245774,2,0,-0.7584439090299873,2,0,0.3500007973231584,2,0,-0.4398191954784758,2,0,-1.115857531154034,2,0,0.3983451939918385,2,0,-0.3428792221056864,2,0,-0.6178765026437214
PROCESS-2_rec__289,0,2,0,0.36268037265393055,2,0,-0.27212644975698397,2,0,-0.8602374947021805,2,0,0.44776097025833145,2,0,-0.08473236775648946,2,0,-0.053052137721902204,2,0,0.2851669349143236,2,0,-0.5370261283150761,2,0,-0.9026437779135414,2,0,0.3893094482918618,2,1,0.1329652318761065,2,1,0.13532527737759073
PROCESS-2_rec__290,0,3,0,0.46586195769269845,3,0,-0.1640489184832764,3,0,-0.7364046239537224,3,0,0.39745370301063393,3,0,-0.18249964721446832,3,0,-0.8389113254793532,3,1,0.7002494322508099,3,1,0.44727099232888073,3,1,0.8051167122701395,3,0,0.4964176426689401,3,0,-0.2106942405115438,3,0,-0.21078140524202926
PROCESS-2_rec__291,0,1,1,0.5175682082808438,1,1,0.06182050217955277,1,0,-0.2596892233149524,1,1,0.7416070558065814,1,1,0.5240250906820264,1,1,1.402539200665782,1,0,0.30670238681214135,1,0,-0.38042289049386274,1,0,-0.9475015803301773,1,1,0.5555005899573641,1,1,0.06816485620963247,1,1,0.042945551577727364
PROCESS-2_rec__292,0,2,0,0.2896431651594,2,0,-0.4135820617884615,2,0,-1.1637291436969217,2,0,0.26826751068807986,2,0,-0.43133491959575604,2,0,-1.1151221404395943,2,0,0.3159565877076791,2,0,-0.46768726674101574,2,0,-1.1476342934109236,2,0,0.23208526408251742,2,0,-0.405306496655897,2,0,-1.0417150717871004
PROCESS-2_rec__293,1,3,1,0.5973135964753662,3,1,0.23711056556623034,3,1,1.6428137848942976,3,0,0.4792138258531414,3,0,-0.03799071810018878,3,0,-0.20821359050931687,3,1,0.6937107777981023,3,1,0.2813279780253565,3,1,0.9605701836189292,3,1,0.7365998176425683,3,1,0.4874790816749256,3,1,0.9035254290161826
PROCESS-2_rec__294,0,5,1,0.558402693677812,5,1,0.07915357992630051,5,0,-0.05290168368590629,5,1,0.6439913557570399,5,1,0.5210515503233268,5,1,0.42502226606986093,5,0,0.40285221207473315,5,0,-0.2817488267308965,5,0,-0.1413443936231103,5,0,0.47894376305153574,5,1,0.15185520653245752,5,0,-0.09032600812390351
PROCESS-2_rec__295,0,5,0,0.4719906303010538,5,0,-0.030325713615735096,5,0,-0.3009054906144603,5,0,0.4300157165029966,5,0,-0.18156770353913176,5,0,-0.5087080026648778,5,0,0.4917564900256663,5,0,-0.028143169827475084,5,0,-0.24684678930790882,5,0,0.426708478689234,5,0,-0.1828544454003173,5,0,-0.5912580793632827
PROCESS-2_rec__296,1,1,1,0.6175027805639649,1,1,0.14169641092036714,1,1,0.7202880607336095,1,0,0.4090614961634516,1,0,-0.3620514853045743,1,0,-0.9422162608911341,1,1,0.6374559573526395,1,1,0.2269110499215503,1,1,0.9397787711115776,1,1,0.5261994879407169,1,0,-0.19029078669913282,1,0,-0.44725714832416597
PROCESS-2_rec__297,0,2,0,0.45709963060445175,2,0,-0.08249270386756952,2,0,-0.12349328871675702,2,0,0.4230331463560425,2,0,-0.13178851667136282,2,0,-0.23632245215360803,2,0,0.2904786968164421,2,0,-0.5187770333951134,2,0,-0.8755718732712907,2,0,0.25629829937339255,2,0,-0.5254716348893316,2,0,-0.5560465531421525
PROCESS-2_rec__298,0,5,1,0.7272405782392041,5,1,0.5522620726760715,5,1,0.5160525062278716,5,1,0.6182850518780247,5,1,0.27159389406525436,5,1,0.4824246688478146,5,1,0.5995825086375053,5,1,0.18152941463822755,5,1,0.5611466732761385,5,1,0.7898879785138996,5,1,0.8211416250260563,5,1,0.6757325309964519
PROCESS-2_rec__299,1,3,0,0.43119512820062844,3,0,-0.15722565639209485,3,0,-1.1959122958780053,3,0,0.3953281179897743,3,0,-0.2376194616362196,3,0,-0.34326098380200665,3,0,0.1852554676331097,3,0,-0.8751435960865476,3,0,-1.2491125882141445,3,0,0.23317912882935188,3,0,-0.6989875849234479,3,0,-0.8009720347771072
PROCESS-2_rec__300,0,1,0,0.4841986132310129,1,0,-0.11766655405939518,1,1,0.019521556461733314,1,0,0.2895838276440084,1,0,-0.46533010231806665,1,0,-1.2007586407559232,1,0,0.4520166706600673,1,0,-0.11630262742940019,1,0,-0.11982107085754293,1,0,0.2929579352757345,1,0,-0.44991448509248455,1,0,-0.4246998385476842
PROCESS-2_rec__301,0,2,0,0.44207018659365177,2,0,-0.11048097870178725,2,0,-0.4318401043981003,2,0,0.4674753485507157,2,0,-0.06321931568960724,2,0,-0.5382361253778123,2,0,0.3656841349735553,2,0,-0.2911947072020735,2,0,-0.9036584518940143,2,0,0.3491291518149689,2,0,-0.2694907455138994,2,0,-0.869137487310222
PROCESS-2_rec__302,0,5,0,0.46514632665142747,5,0,-0.0523428798149763,5,0,-0.3932311547378441,5,0,0.4693527432993073,5,0,-0.19650446517063014,5,1,0.20909397671554514,5,0,0.39990452736268806,5,0,-0.262063164577303,5,0,-0.7392608801430168,5,0,0.34819773097073303,5,0,-0.4084643739635136,5,0,-0.6754397733168078
PROCESS-2_rec__303,1,2,0,0.2831144712618274,2,0,-0.4070333133972652,2,0,-0.48431121469164096,2,0,0.45974084052220227,2,0,-0.09392183876506155,2,0,-0.4764434970049589,2,0,0.3941345035779389,2,0,-0.1614240569690194,2,0,-0.8692391962370147,2,0,0.21644563481328855,2,0,-0.5710522386441698,2,0,-0.7445323849264405
PROCESS-2_rec__304,0,4,0,0.3143032476233919,4,0,-0.4007030649731578,4,0,-1.2277442749344312,4,0,0.32052468127634104,4,0,-0.3439877960686285,4,0,-0.9045371467465653,4,0,0.42254960313304313,4,0,-0.1430507879998373,4,0,-0.30570946490221107,4,0,0.4224357139728363,4,0,-0.17714751347763105,4,0,-0.3417953058195087
PROCESS-2_rec__305,0,4,0,0.3412335185944294,4,0,-0.3093332833422426,4,0,-1.0388366125395205,4,0,0.32130688415800107,4,0,-0.3208095930198512,4,0,-0.34684470948619606,4,1,0.6144347025399244,4,1,0.2562313527857393,4,1,0.67423622851728,4,0,0.3965693806830716,4,0,-0.311289875318345,4,1,0.18983499497285256
PROCESS-2_rec__306,1,4,1,0.5187058161977364,4,1,0.06084429753040789,4,0,-0.26164814227184496,4,0,0.30038305599163684,4,0,-0.3836153420803866,4,0,-1.1176789781564367,4,1,0.7126515054101122,4,1,0.5316349960087072,4,1,1.1126258826455868,4,1,0.6062085140585076,4,1,0.21041445466282013,4,1,0.11340276029348306
PROCESS-2_rec__307,0,4,0,0.36238727026400386,4,0,-0.301996818745139,4,0,-0.9319316282787963,4,0,0.4976172652084329,4,0,-0.0036166685709999036,4,0,-0.19624843357776456,4,0,0.3637576838999364,4,0,-0.40652958610332784,4,0,-0.3692587037582673,4,0,0.2673231547842531,4,0,-0.5294414728142584,4,0,-0.4164892495612169
PROCESS-2_rec__308,0,3,1,0.5179140817263094,3,1,0.15521907480114105,3,1,0.8962146799060658,3,0,0.4826811980450483,3,1,0.0047520560872618585,3,0,-0.20027120190381276,3,0,0.4100578345391069,3,1,0.032917199089833774,3,0,-0.8051508024323263,3,1,0.5236993190227593,3,1,0.2569689536062354,3,0,-0.22358477007855226
PROCESS-2_rec__309,1,5,0,0.45001218297931056,5,0,-0.06065300165740043,5,0,-0.5964109287799065,5,1,0.5134012593475901,5,0,-0.010398733290151207,5,1,0.27407188749042194,5,0,0.4008211974709035,5,0,-0.24979134818261667,5,0,-0.6846701778336907,5,0,0.3962521214971967,5,0,-0.24827035241796225,5,0,-0.6404476915944499
PROCESS-2_rec__310,0,3,0,0.332446479619102,3,0,-0.2645403240882953,3,0,-0.33163823916176227,3,1,0.510881951351419,3,1,0.013371165974977497,3,0,-0.07432393072066878,3,0,0.36720697081818315,3,0,-0.35694475087469424,3,0,-0.7309290215051876,3,0,0.35767048057252365,3,0,-0.16856414610501175,3,0,-0.41466677048848233
PROCESS-2_rec__311,0,4,1,0.6917496484849905,4,1,0.4178077924871843,4,1,0.46700285665229,4,1,0.7150568700235637,4,1,0.3477663391283594,4,1,0.6392785408098843,4,1,0.6885979567007138,4,1,0.33114742056506996,4,1,0.8880605285473019,4,1,0.7435593819952419,4,1,0.45395302402765547,4,1,0.7611341958466851
PROCESS-2_rec__312,0,5,0,0.2506515720151817,5,0,-0.53384019355308,5,0,-1.2201110419455092,5,0,0.3732443335256087,5,0,-0.296650003092767,5,0,-0.6424574041015896,5,0,0.2676173216663735,5,0,-0.5047004538674783,5,0,-0.790515639122619,5,0,0.1625104574547788,5,0,-0.8121299959847638,5,0,-1.1509634176408596
PROCESS-2_rec__313,0,1,1,0.608806405069189,1,1,0.2152427862368052,1,1,0.5057948508753707,1,1,0.7841800075591938,1,1,0.7124905652869057,1,0,-0.6190170803667715,1,1,0.6654846424874619,1,1,0.32918439523941523,1,1,1.0799371834249185,1,1,0.8108863526660602,1,1,0.7805302234228972,1,1,0.451103241952746
PROCESS-2_rec__314,0,3,0,0.28917665327522274,3,0,-0.49361710963181676,3,0,-1.5219535538069635,3,0,0.43254010082290756,3,0,-0.1605217886330527,3,0,-0.94050125411989,3,0,0.39985815478645687,3,0,-0.282573974248597,3,0,-0.4451700012724654,3,0,0.2777258762463067,3,0,-0.5508268401078972,3,0,-0.7422687515613999
PROCESS-2_rec__315,0,4,0,0.4687644096895355,4,0,-0.038532365135078774,4,0,-0.3380451342229436,4,0,0.4342157202053623,4,0,-0.118920964345576,4,1,0.22885351797149672,4,0,0.3954343517996646,4,0,-0.18922242475873005,4,0,-0.5333104947800564,4,0,0.36189456060348557,4,0,-0.23040151225553018,4,0,-0.5967840037652654
PROCESS-2_rec__316,0,1,0,0.253683753287008,1,0,-0.5408487682178307,1,0,-1.076681920379312,1,0,0.31320163562423664,1,0,-0.27244881290651096,1,0,-0.30651973947403494,1,0,0.4210499936408786,1,0,-0.23339939178606442,1,0,-0.3762577049661642,1,0,0.19927957136854815,1,0,-0.68957056512756,1,0,-0.81943328634459
PROCESS-2_rec__317,0,3,0,0.40289442135159864,3,0,-0.21818767213137885,3,0,-0.4617564255340362,3,0,0.4554585970068168,3,0,-0.045848196801266575,3,0,-0.8537599926518209,3,1,0.5206605256682149,3,1,0.043645870651570745,3,0,-0.1339019061498743,3,0,0.4601279630006686,3,1,0.05218982442873078,3,0,-0.6500313189199757
PROCESS-2_rec__318,1,1,1,0.8647061407339135,1,1,1.1757288953915102,1,1,1.5773412353152743,1,1,0.5988213963131549,1,1,0.08053407553148881,1,1,0.21732051726541754,1,1,0.8286712890920703,1,1,0.7223727710908548,1,1,0.6746442785376551,1,1,0.8624676504726988,1,1,0.8610886633538151,1,1,1.1077118732671376
PROCESS-2_rec__319,1,5,1,0.6663900523244504,5,1,0.38725398462235144,5,1,0.7665465748491468,5,1,0.740696202103385,5,1,0.7321731934276047,5,1,0.8228481735688152,5,1,0.7768217422162017,5,1,0.6024588664050818,5,1,1.171964898520049,5,1,0.8379997328697507,5,1,0.9167587242837417,5,1,1.0051651451560404
PROCESS-2_rec__320,0,4,1,0.5028693726876643,4,1,0.02709073614502727,4,0,-0.47090174844617816,4,1,0.5556792015018965,4,1,0.08205318308227028,4,0,-0.3435847955661162,4,0,0.2543914105501315,4,0,-0.567907193814961,4,0,-1.1120109238139413,4,0,0.2671828440843708,4,0,-0.4419670198312124,4,0,-1.002075050116116
