experiment,model,fold,C,gamma
SFT,logistic,1,0.1,
SFT,logistic,2,1.0,
SFT,logistic,3,0.1,
SFT,logistic,4,0.1,
SFT,logistic,5,0.1,
SFT,linear_svm,1,10.0,
SFT,linear_svm,2,0.1,
SFT,linear_svm,3,10.0,
SFT,linear_svm,4,0.1,
SFT,linear_svm,5,0.1,
SFT,rbf_svm,1,1.0,0.01
SFT,rbf_svm,2,0.5,0.01
SFT,rbf_svm,3,5.0,scale
SFT,rbf_svm,4,0.5,scale
SFT,rbf_svm,5,0.5,0.01
PFT,logistic,1,0.1,
PFT,logistic,2,1.0,
PFT,logistic,3,0.1,
PFT,logistic,4,10.0,
PFT,logistic,5,0.1,
PFT,linear_svm,1,1.0,
PFT,linear_svm,2,0.1,
PFT,linear_svm,3,0.1,
PFT,linear_svm,4,1.0,
PFT,linear_svm,5,1.0,
PFT,rbf_svm,1,1.0,scale
PFT,rbf_svm,2,5.0,0.01
PFT,rbf_svm,3,1.0,scale
PFT,rbf_svm,4,0.5,0.01
PFT,rbf_svm,5,0.5,scale
CTD,logistic,1,0.1,
CTD,logistic,2,0.1,
CTD,logistic,3,0.1,
CTD,logistic,4,0.1,
CTD,logistic,5,0.1,
CTD,linear_svm,1,0.1,
CTD,linear_svm,2,10.0,
CTD,linear_svm,3,1.0,
CTD,linear_svm,4,0.1,
CTD,linear_svm,5,0.1,
CTD,rbf_svm,1,0.5,scale
CTD,rbf_svm,2,0.5,scale
CTD,rbf_svm,3,1.0,0.01
CTD,rbf_svm,4,1.0,0.01
CTD,rbf_svm,5,0.5,scale
ALL,logistic,1,0.1,
ALL,logistic,2,0.1,
ALL,logistic,3,0.1,
ALL,logistic,4,0.1,
ALL,logistic,5,0.1,
ALL,linear_svm,1,0.1,
ALL,linear_svm,2,0.1,
ALL,linear_svm,3,0.1,
ALL,linear_svm,4,0.1,
ALL,linear_svm,5,1.0,
ALL,rbf_svm,1,5.0,0.01
ALL,rbf_svm,2,0.5,scale
ALL,rbf_svm,3,1.0,scale
ALL,rbf_svm,4,0.5,0.01
ALL,rbf_svm,5,0.5,scale
