model,feature,comparison_count,mean_absolute_difference
base.en,average_word_length,30,0.5780079686517863
base.en,brunet_index,30,0.7150643303889
base.en,filler_count,30,5.633333333333334
base.en,filler_ratio,30,0.10268090078291922
base.en,honore_statistic,25,927.5554686165528
base.en,repeated_word_count,30,9.2
base.en,repetition_ratio,30,0.10261114412591393
base.en,type_token_ratio,30,0.10261114412591395
base.en,unique_word_count,30,2.966666666666667
base.en,word_count,30,12.033333333333333
small.en,average_word_length,30,0.6583055207185297
small.en,brunet_index,30,0.7877752247732434
small.en,filler_count,30,5.8
small.en,filler_ratio,30,0.09763349714024691
small.en,honore_statistic,26,578.891321405375
small.en,repeated_word_count,30,9.3
small.en,repetition_ratio,30,0.10475030536583056
small.en,type_token_ratio,30,0.10475030536583056
small.en,unique_word_count,30,3.6
small.en,word_count,30,12.433333333333334
