experiment,fold,accuracy,balanced_accuracy,precision,recall,specificity,f1,roc_auc,training_f1,validation_f1,train_validation_f1_gap
SFT,1,0.65625,0.65625,0.631578947368421,0.75,0.5625,0.6857142857142857,0.74609375,0.6586345381526104,0.6857142857142857,-0.027079747561675305
SFT,2,0.625,0.625,0.6176470588235294,0.65625,0.59375,0.6363636363636364,0.6611328125,0.7058823529411765,0.6363636363636364,0.06951871657754016
SFT,3,0.625,0.625,0.6428571428571429,0.5625,0.6875,0.6,0.76953125,0.6926070038910506,0.6,0.09260700389105059
SFT,4,0.578125,0.578125,0.5862068965517241,0.53125,0.625,0.5573770491803278,0.63671875,0.6923076923076923,0.5573770491803278,0.13493064312736447
SFT,5,0.734375,0.734375,0.7419354838709677,0.71875,0.75,0.7301587301587301,0.828125,0.6536964980544747,0.7301587301587301,-0.0764622321042554
PFT,1,0.625,0.625,0.6428571428571429,0.5625,0.6875,0.6,0.7041015625,0.6877470355731226,0.6,0.08774703557312258
PFT,2,0.625,0.625,0.625,0.625,0.625,0.625,0.712890625,0.696,0.625,0.07099999999999995
PFT,3,0.609375,0.609375,0.6060606060606061,0.625,0.59375,0.6153846153846154,0.689453125,0.6976744186046512,0.6153846153846154,0.08228980322003576
PFT,4,0.59375,0.59375,0.5882352941176471,0.625,0.5625,0.6060606060606061,0.63671875,0.7091633466135459,0.6060606060606061,0.10310274055293978
PFT,5,0.71875,0.71875,0.71875,0.71875,0.71875,0.71875,0.7890625,0.6844106463878327,0.71875,-0.034339353612167334
CTD,1,0.71875,0.71875,0.6944444444444444,0.78125,0.65625,0.7352941176470589,0.7841796875,0.6850393700787402,0.7352941176470589,-0.050254747568318714
CTD,2,0.59375,0.59375,0.6,0.5625,0.625,0.5806451612903226,0.724609375,0.7245283018867924,0.5806451612903226,0.14388314059646978
CTD,3,0.765625,0.765625,0.7931034482758621,0.71875,0.8125,0.7540983606557377,0.7646484375,0.6798418972332015,0.7540983606557377,-0.07425646342253611
CTD,4,0.640625,0.640625,0.6363636363636364,0.65625,0.625,0.6461538461538462,0.650390625,0.7063492063492064,0.6461538461538462,0.060195360195360204
CTD,5,0.671875,0.671875,0.6774193548387096,0.65625,0.6875,0.6666666666666666,0.791015625,0.703125,0.6666666666666666,0.03645833333333337
ALL,1,0.6875,0.6875,0.7,0.65625,0.71875,0.6774193548387096,0.7548828125,0.7419354838709677,0.6774193548387096,0.06451612903225812
ALL,2,0.625,0.625,0.6111111111111112,0.6875,0.5625,0.6470588235294118,0.7158203125,0.7741935483870968,0.6470588235294118,0.12713472485768496
ALL,3,0.6875,0.6875,0.7,0.65625,0.71875,0.6774193548387096,0.7646484375,0.7142857142857143,0.6774193548387096,0.03686635944700467
ALL,4,0.671875,0.671875,0.6774193548387096,0.65625,0.6875,0.6666666666666666,0.7041015625,0.7741935483870968,0.6666666666666666,0.10752688172043012
ALL,5,0.765625,0.765625,0.7741935483870968,0.75,0.78125,0.7619047619047619,0.83203125,0.7569721115537849,0.7619047619047619,-0.004932650350977008
