anonymized_participant_id,fold,true_binary_label,predicted_binary_label,impaired_probability
train_001,4,0,0,0.07391148665434802
train_002,4,0,0,0.21202767132784792
train_003,1,1,0,0.45285991967872974
train_004,5,0,1,0.7642003756566552
train_005,2,0,0,0.3730868874788003
train_006,5,1,1,0.7071305718114796
train_007,4,1,1,0.8891766070589693
train_008,3,1,0,0.3910047556343066
train_009,2,1,0,0.2748022763450874
train_010,1,1,1,0.7193775146720046
train_011,4,1,1,0.8053944953058987
train_012,5,1,1,0.9957495097099556
train_013,3,0,0,0.11009935318558606
train_014,1,0,0,0.14287410510906973
train_015,4,0,0,0.07781446475075517
train_016,1,1,1,0.6327081094643305
train_017,2,0,1,0.6104456152179945
train_018,2,1,1,0.5695412843471795
train_019,1,1,1,0.6801235574197994
train_020,4,0,1,0.7834285582365222
train_021,5,0,1,0.7887534417792209
train_022,1,0,0,0.3765140600927457
train_023,4,1,1,0.7961534841286536
train_024,2,1,1,0.5118625388798329
train_025,2,1,1,0.9829645051983835
train_026,4,1,0,0.0417417942751224
train_027,3,0,0,0.3372424803932978
train_028,1,0,0,0.4674010871536677
train_029,2,1,1,0.9825915557378603
train_030,4,1,1,0.7764028276365851
train_031,3,0,1,0.6733486677106362
train_032,1,0,0,0.4414883647720577
train_033,1,0,0,0.3765467553240335
train_034,5,0,0,0.21561507979022831
train_035,5,0,0,0.09878343305133787
train_036,4,1,1,0.5759304735152765
train_037,4,0,0,0.07663925465722328
train_038,1,0,0,0.30536182600585815
train_039,2,1,0,0.3610050823690882
train_040,3,0,0,0.33995439801865546
train_041,1,0,0,0.16686562616542172
train_042,1,0,0,0.35683583532937324
train_043,5,1,0,0.3222312434659469
train_044,5,1,1,0.5195954817552524
train_045,1,1,1,0.6582288090032458
train_046,1,0,1,0.6033538540393613
train_047,1,0,1,0.5200463206694214
train_048,1,1,0,0.3608811282688012
train_049,5,0,0,0.08825911472745433
train_050,4,0,1,0.882999632547302
train_051,1,1,1,0.6267897187471815
train_052,2,0,1,0.9101807396648769
train_053,5,1,0,0.1006351271888157
train_054,3,1,1,0.9816764174368504
train_055,5,0,0,0.07320350978324713
train_056,4,0,0,0.28212545799999195
train_057,1,1,0,0.3244692118882442
train_058,5,0,0,0.07924287391983971
train_059,3,1,1,0.5568950571351879
train_060,3,0,1,0.7087883395914323
train_061,4,1,0,0.37161785514231144
train_062,4,1,0,0.3035417610411946
train_063,2,0,1,0.5454156686484257
train_064,4,0,1,0.5238468964430001
train_065,5,1,1,0.942565538601635
train_066,1,0,0,0.1971267856768522
train_067,1,1,1,0.9267101139334633
train_068,4,0,0,0.286741757925727
train_069,2,0,0,0.053456209454450426
train_070,3,1,1,0.5715901661820441
train_071,2,0,1,0.7020396040229142
train_072,2,1,1,0.9918585779836826
train_073,1,1,1,0.9705827550932866
train_074,3,0,0,0.3611205940877966
train_075,1,1,0,0.31749979808396706
train_076,3,0,0,0.37981254899746725
train_077,3,1,1,0.5376451597631878
train_078,1,0,0,0.05913054063460881
train_079,5,0,0,0.24528367942295068
train_080,3,1,0,0.48952353043570646
train_081,1,1,0,0.48151886266820454
train_082,2,1,1,0.5318431845460987
train_083,3,0,0,0.10439240144526572
train_084,3,1,1,0.8343469750061983
train_085,4,0,1,0.9598472608875348
train_086,3,1,1,0.5674109843727417
train_087,5,0,1,0.5597912932054475
train_088,5,1,0,0.4380291947872935
train_089,4,1,0,0.11308146638162757
train_090,2,0,0,0.21360253259596285
train_091,3,0,1,0.6127808800911853
train_092,1,1,0,0.17553404155451924
train_093,1,0,1,0.5193863508894507
train_094,4,1,1,0.6898057477431913
train_095,5,0,1,0.8881509834107386
train_096,3,0,0,0.15958306233969466
train_097,4,0,0,0.22124496933092203
train_098,2,1,0,0.1658990186133264
train_099,3,1,0,0.1943400493235614
train_100,1,0,1,0.5102469591875457
train_101,4,1,1,0.7473177787039312
train_102,3,0,0,0.3304034733168969
train_103,3,0,1,0.6223115272150886
train_104,1,0,0,0.047105580818153955
train_105,1,0,0,0.379173508265326
train_106,3,1,1,0.8421543262974643
train_107,3,0,0,0.10961814340393439
train_108,5,0,0,0.2921676527409211
train_109,4,0,0,0.4863176623956128
train_110,3,1,0,0.3171940517032947
train_111,4,1,1,0.9939721020556543
train_112,2,0,1,0.8443735042948457
train_113,2,1,1,0.8814727449456412
train_114,1,0,1,0.5240981954177237
train_115,3,1,1,0.9994239124512704
train_116,2,1,1,0.6803739378258924
train_117,5,0,0,0.12069243335460073
train_118,2,1,1,0.9441766735746349
train_119,1,1,1,0.9283208146404719
train_120,2,0,0,0.26624510401617835
train_121,4,0,0,0.058726083666593
train_122,4,1,1,0.8793729399308318
train_123,4,1,1,0.6580491200655095
train_124,5,0,1,0.7270370498484037
train_125,3,0,1,0.6042991059179164
train_126,1,0,0,0.3867583537236897
train_127,2,1,0,0.1839988916746198
train_128,1,1,0,0.4165968107812646
train_129,5,1,1,0.933023596018053
train_130,3,0,0,0.22156731972630195
train_131,4,0,0,0.15041784022896978
train_132,5,1,1,0.9987641741361417
train_133,1,0,1,0.9649132352282483
train_134,2,1,1,0.748254393384108
train_135,4,0,0,0.0436491331738777
train_136,3,1,1,0.9637853863985852
train_137,4,1,1,0.8110625377183526
train_138,2,1,1,0.5557699649595769
train_139,3,1,1,0.7923683049934842
train_140,4,0,0,0.3769610742838407
train_141,3,0,0,0.45306310522180804
train_142,2,0,1,0.6529057655913181
train_143,1,1,1,0.8800538266108932
train_144,2,1,1,0.8554887933618535
train_145,1,1,1,0.9965395838713513
train_146,1,1,1,0.9566548541033763
train_147,2,1,1,0.855575420888561
train_148,2,1,0,0.40899966814203836
train_149,3,1,1,0.7482896318252226
train_150,4,1,1,0.5761152402902898
train_151,5,1,1,0.5839944047445943
train_152,2,1,1,0.8940125015079132
train_153,3,0,0,0.2892500723827734
train_154,2,1,0,0.3962129208957434
train_155,1,0,0,0.09470084597427496
train_156,5,1,1,0.9914444323056455
train_157,3,1,1,0.7422515325866408
train_158,3,1,0,0.14781825716954444
train_159,2,0,1,0.830398880942774
train_160,3,1,1,0.7582613239757809
train_161,3,1,1,0.9150539005757081
train_162,4,1,0,0.03384622732846409
train_163,4,0,1,0.8719436834888519
train_164,2,1,0,0.19925672601572775
train_165,5,1,1,0.8863135767741898
train_166,1,0,0,0.21253466989503206
train_167,1,1,1,0.9469348048533657
train_168,5,1,0,0.3972047992145925
train_169,3,1,1,0.9659029652395206
train_170,1,0,0,0.24171031487323283
train_171,5,1,1,0.9759473265201866
train_172,4,1,0,0.3391315815072055
train_173,3,1,0,0.4038276236454154
train_174,1,1,0,0.24108721990727133
train_175,1,1,1,0.6558173117467703
train_176,4,0,0,0.47208192054180503
train_177,3,1,1,0.9407428771035219
train_178,3,0,1,0.59809535205946
train_179,2,0,1,0.50991033003912
train_180,3,0,0,0.4451533995912643
train_181,5,1,1,0.9869306862400437
train_182,5,0,0,0.3451186689289322
train_183,5,0,0,0.24609278908320573
train_184,5,0,0,0.23451824168919833
train_185,2,0,0,0.30885493000156033
train_186,4,1,1,0.9262777259345004
train_187,3,1,1,0.8062189531462807
train_188,5,0,0,0.2919136600644656
train_189,1,1,1,0.9677491079818893
train_190,2,0,0,0.049395143070243265
train_191,3,0,0,0.15037582436933317
train_192,2,1,1,0.9461021717433046
train_193,2,0,0,0.4823682173086742
train_194,4,0,1,0.5429055467202275
train_195,4,0,0,0.2702504360499108
train_196,1,1,1,0.8691903143969503
train_197,4,0,0,0.10489418791538654
train_198,4,1,0,0.21377011663090803
train_199,2,0,0,0.3564857261546542
train_200,5,0,0,0.2339995336954486
train_201,5,0,0,0.33501426005790313
train_202,5,0,0,0.18839746344302266
train_203,5,1,1,0.8712528260193758
train_204,2,0,1,0.5761695221620784
train_205,1,0,0,0.26706672967881906
train_206,2,1,1,0.8742908636987508
train_207,3,1,0,0.33565781645327125
train_208,5,0,0,0.3463222388359072
train_209,4,0,0,0.4670528634091251
train_210,4,1,0,0.3807587056065298
train_211,2,0,1,0.6192022606131198
train_212,3,1,1,0.9467214910196077
train_213,1,1,1,0.9963274932187735
train_214,2,0,1,0.6617241221647577
train_215,3,0,0,0.26583823737492385
train_216,3,0,1,0.6692775097311316
train_217,2,0,0,0.1683395569336447
train_218,2,0,1,0.7398029882672035
train_219,1,0,0,0.18816525302617274
train_220,2,0,1,0.822117996078323
train_221,3,1,1,0.9845494823391525
train_222,5,1,1,0.8883424439677389
train_223,3,0,0,0.216331555891049
train_224,2,1,1,0.8331201239395861
train_225,4,1,0,0.14684668506964416
train_226,1,1,0,0.13595876615250205
train_227,1,1,1,0.904861565425319
train_228,4,1,1,0.686489099013693
train_229,5,1,1,0.5278452569008393
train_230,5,1,1,0.6384907401699741
train_231,3,1,1,0.7899013085107346
train_232,4,0,1,0.5534850772300982
train_233,2,1,1,0.6613796393446875
train_234,5,1,1,0.9096015942213098
train_235,4,1,0,0.30703518007997965
train_236,1,1,1,0.8103182141430575
train_237,5,1,1,0.6490774857127537
train_238,5,1,1,0.8810353223179767
train_239,3,1,1,0.5885584231729367
train_240,2,1,1,0.8778627852619587
train_241,5,1,1,0.6215558012965205
train_242,4,1,1,0.9459686878586944
train_243,4,0,0,0.2773691431764118
train_244,5,1,1,0.7265870307768648
train_245,3,0,0,0.06140737746510027
train_246,3,0,0,0.3303151866117285
train_247,5,1,1,0.5940277019599352
train_248,5,1,0,0.2857648029956842
train_249,2,1,0,0.49474056451469
train_250,1,1,1,0.7408737052766086
train_251,5,0,0,0.1128228045918709
train_252,2,1,1,0.8261559459844077
train_253,5,1,0,0.17357462167138135
train_254,4,1,1,0.6387395403348564
train_255,5,0,0,0.1446838891230438
train_256,3,1,0,0.2960178159881586
train_257,4,1,1,0.5180778721078458
train_258,2,1,0,0.4387735827487014
train_259,2,1,1,0.823527155373773
train_260,3,0,0,0.4208514216429036
train_261,1,0,0,0.4999942408813261
train_262,2,1,1,0.5126473738815699
train_263,4,0,0,0.48324767124263196
train_264,1,0,1,0.6907991340886493
train_265,5,1,1,0.6226328601056844
train_266,2,0,1,0.7563308850215968
train_267,5,0,0,0.2775031602623246
train_268,1,0,0,0.2696974556550763
train_269,4,1,1,0.9735837227863363
train_270,1,0,0,0.20062315704679373
train_271,2,0,0,0.25807550807279817
train_272,3,0,0,0.09807280345033663
train_273,5,0,0,0.2837443145709825
train_274,5,0,0,0.2100548473025182
train_275,1,1,0,0.3297109988124847
train_276,4,1,1,0.9727890050818799
train_277,2,0,0,0.1674693344938154
train_278,5,1,1,0.6611462497433943
train_279,2,0,0,0.26194577211082143
train_280,4,0,1,0.6402851989051571
train_281,1,1,0,0.10603277817580771
train_282,2,0,0,0.07126000443303562
train_283,4,1,1,0.6274034705340437
train_284,5,1,0,0.46151017227868757
train_285,3,1,0,0.1450236177142912
train_286,4,1,1,0.9101984085895362
train_287,5,0,0,0.2840934280478389
train_288,2,0,0,0.03713072835528775
train_289,2,0,0,0.07847765188095739
train_290,3,0,0,0.10914474002385202
train_291,1,0,0,0.43699145698220376
train_292,2,0,0,0.29272321140403473
train_293,3,1,0,0.43277081358078306
train_294,5,0,1,0.6780496475430106
train_295,5,0,0,0.13949308815278127
train_296,1,1,1,0.8752604834482853
train_297,2,0,0,0.3627686001484501
train_298,5,0,1,0.6999798635830916
train_299,3,1,0,0.14112542576865594
train_300,1,0,1,0.5992466147177833
train_301,2,0,0,0.16320069629106526
train_302,5,0,0,0.30572451047262844
train_303,2,1,0,0.20913184191659095
train_304,4,0,1,0.6117232045436856
train_305,4,0,0,0.3025291589830269
train_306,4,1,0,0.12773236599595447
train_307,4,0,0,0.06295120643803645
train_308,3,0,0,0.4746965023599303
train_309,5,1,0,0.45827334544074966
train_310,3,0,1,0.7256190802858893
train_311,4,0,1,0.6625239854082561
train_312,5,0,0,0.2891313943249344
train_313,1,0,1,0.9763849746126643
train_314,3,0,1,0.5510055673682911
train_315,4,0,0,0.194291321386553
train_316,1,0,0,0.14831316094009442
train_317,3,0,0,0.028671462027121477
train_318,1,1,1,0.975297979830005
train_319,5,1,1,0.8558243161758847
train_320,4,0,0,0.09911487501830357
