feature,missing_count,infinite_count,constant
ctd_word_count,0,0,False
pft_word_count,0,0,False
sft_word_count,0,0,False
ctd_unique_word_count,0,0,False
pft_unique_word_count,0,0,False
sft_unique_word_count,0,0,False
ctd_type_token_ratio,0,0,False
pft_type_token_ratio,0,0,False
sft_type_token_ratio,0,0,False
ctd_average_word_length,0,0,False
pft_average_word_length,0,0,False
sft_average_word_length,0,0,False
ctd_repeated_word_count,0,0,False
pft_repeated_word_count,0,0,False
sft_repeated_word_count,0,0,False
ctd_repetition_ratio,0,0,False
pft_repetition_ratio,0,0,False
sft_repetition_ratio,0,0,False
ctd_filler_count,0,0,False
pft_filler_count,0,0,False
sft_filler_count,0,0,False
ctd_filler_ratio,0,0,False
pft_filler_ratio,0,0,False
sft_filler_ratio,0,0,False
ctd_brunet_index,0,0,False
pft_brunet_index,0,0,False
sft_brunet_index,0,0,False
ctd_honore_statistic,0,0,False
pft_honore_statistic,67,0,False
sft_honore_statistic,55,0,False
pft_p_initial_word_count,0,0,False
pft_p_initial_ratio,0,0,False
