participant_id,true_label,manual_full_fold,manual_full_prediction,manual_full_score,manual_asr_compatible_fold,manual_asr_compatible_prediction,manual_asr_compatible_score,asr_linguistic_fold,asr_linguistic_prediction,asr_linguistic_score,asr_linguistic_plus_rate_fold,asr_linguistic_plus_rate_prediction,asr_linguistic_plus_rate_score,deployment_multimodal_fold,deployment_multimodal_prediction,deployment_multimodal_score
PROCESS-2_rec__001,0,4,0,0.12373757298545869,4,0,0.18857237250749143,4,0,0.28835718773168434,4,0,0.47701126400724175,4,1,0.5037813478786303
PROCESS-2_rec__002,0,4,0,0.23180091467325986,4,0,0.3134549220056547,4,1,0.5930782924168501,4,1,0.7361129860631647,4,1,0.9059477147432591
PROCESS-2_rec__003,1,1,0,0.49740064642430626,1,0,0.34684085731834646,1,0,0.3923959553804175,1,0,0.4151290132854003,1,0,0.37843283640292263
PROCESS-2_rec__004,0,5,1,0.7642003756557129,5,1,0.5956815650691925,5,1,0.6709547749462685,5,1,0.5551288541697121,5,1,0.6796090994298256
PROCESS-2_rec__005,0,2,0,0.2757845730387665,2,1,0.5213562639813318,2,0,6.959214298402774e-06,2,0,0.03295988550900233,2,0,0.3230448823446584
PROCESS-2_rec__006,1,5,1,0.7071305718102957,5,0,0.38510021734155286,5,1,0.6572871603859846,5,1,0.8705204492129448,5,1,0.9167159030701009
PROCESS-2_rec__007,1,4,1,0.7819540288973447,4,0,0.4032579404912948,4,0,0.4907857763088748,4,1,0.5048454977888831,4,1,0.6802213942497443
PROCESS-2_rec__008,1,3,0,0.3910047556343078,3,0,0.4736546928176897,3,0,0.4928174062794492,3,0,0.44551444249297695,3,0,0.38799529089156704
PROCESS-2_rec__009,1,2,0,0.44501581898227527,2,0,0.4355046165780911,2,1,0.6308050478998548,2,0,0.4778251853921453,2,0,0.1821284446302447
PROCESS-2_rec__010,1,1,1,0.6308614172284308,1,1,0.5077309999436423,1,0,0.3174325280975122,1,0,0.341840828236245,1,0,0.23715170743628466
PROCESS-2_rec__011,1,4,1,0.8322554331595138,4,1,0.8049224640680632,4,1,0.9257831864793098,4,1,0.8589291447328237,4,1,0.8608761487405882
PROCESS-2_rec__012,1,5,1,0.9957495097099728,5,1,0.9018380394858816,5,1,0.7083817240010294,5,1,0.7302812300829334,5,1,0.6095410831208072
PROCESS-2_rec__013,0,3,0,0.1100993531855825,3,0,0.24279556985689785,3,0,0.32973827802932815,3,0,0.24140207230147862,3,0,0.38246739561506565
PROCESS-2_rec__014,0,1,0,0.1358536026033217,1,0,0.1543868841876619,1,0,0.24407638223064512,1,0,0.16213967318289563,1,0,0.1754384024992974
PROCESS-2_rec__015,0,4,0,0.12639224735324936,4,0,0.20143635997171744,4,0,0.3956907713005616,4,1,0.5689021996414264,4,1,0.6392655448657879
PROCESS-2_rec__016,1,1,1,0.693409255548978,1,1,0.629150594044462,1,0,0.38459859714112693,1,1,0.560064344033186,1,0,0.478091713579509
PROCESS-2_rec__017,0,2,1,0.5966387117730483,2,0,0.4623476140628159,2,0,0.42500908286865036,2,0,0.3710029776452314,2,0,0.46257681858276034
PROCESS-2_rec__018,1,2,0,0.48514740319651467,2,1,0.5505802218168235,2,1,0.9507179890851217,2,1,0.9776335742511659,2,1,0.9821713584700871
PROCESS-2_rec__019,1,1,1,0.5119917393019698,1,0,0.49822466106219904,1,1,0.5545293923280528,1,0,0.4020828234946538,1,0,0.3034306544220197
PROCESS-2_rec__020,0,4,1,0.6873414744172927,4,1,0.5681913888607515,4,0,0.32112561427324926,4,0,0.38523262063534247,4,1,0.5305288584929293
PROCESS-2_rec__021,0,5,1,0.788753441778869,5,1,0.6444735613701448,5,0,0.3006134322825691,5,0,0.26033428104927,5,0,0.14208942453563966
PROCESS-2_rec__022,0,1,0,0.37165262326535786,1,0,0.46311259621095535,1,1,0.5465150456507253,1,0,0.4254847305340068,1,0,0.244480605761741
PROCESS-2_rec__023,1,4,1,0.7655095001237171,4,1,0.6903330816296243,4,1,0.5254942788276046,4,1,0.5509462641475525,4,1,0.5616927718752197
PROCESS-2_rec__024,1,2,0,0.48470277791707417,2,1,0.6775211764475761,2,1,0.6244909945742544,2,0,0.4585963963389601,2,1,0.7307769631198153
PROCESS-2_rec__025,1,2,1,0.9174752897353827,2,1,0.9848984187479708,2,1,0.9775131737420186,2,1,0.9140420794038614,2,1,0.8835173114363506
PROCESS-2_rec__026,1,4,0,0.07896365214681648,4,0,0.11664872420825878,4,0,0.4458865872366436,4,0,0.43221345626866287,4,1,0.6679946769468396
PROCESS-2_rec__027,0,3,0,0.3372424803932956,3,0,0.3093476753127711,3,0,0.256874119702709,3,0,0.25196650729275777,3,0,0.17928009396857073
PROCESS-2_rec__028,0,1,1,0.5750403557493046,1,0,0.3975648849633641,1,0,0.49199870968398407,1,1,0.5438657746780671,1,1,0.5488130294792688
PROCESS-2_rec__029,1,2,1,0.9244589592029986,2,1,0.9880819289738353,2,1,0.9457500549229555,2,1,0.9180254478260819,2,1,0.6786440623046095
PROCESS-2_rec__030,1,4,1,0.7666844818695547,4,1,0.6543774030419469,4,1,0.9891195849027963,4,1,0.9680346925670009,4,1,0.9894806596265047
PROCESS-2_rec__031,0,3,1,0.673348667710637,3,1,0.6969381630722086,3,1,0.7374013759818894,3,1,0.7712464214289015,3,1,0.8122417292857043
PROCESS-2_rec__032,0,1,0,0.44212082267895497,1,1,0.6083841166190526,1,0,0.3807097997031157,1,0,0.38662597779606045,1,0,0.3083436390145439
PROCESS-2_rec__033,0,1,0,0.3815147863364708,1,1,0.5567398277772434,1,1,0.7336082250862384,1,1,0.6545489282306466,1,1,0.6102048724029461
PROCESS-2_rec__034,0,5,0,0.21561507978997632,5,0,0.34953746494154586,5,0,0.3241370243810436,5,0,0.3956181469067275,5,0,0.4207302967938546
PROCESS-2_rec__035,0,5,0,0.0987834330510793,5,0,0.19543091113104236,5,0,0.40752793253807107,5,0,0.49453245024813214,5,0,0.4115560775900955
PROCESS-2_rec__036,1,4,0,0.49524879008524725,4,0,0.39423723245601916,4,0,0.2372997123214512,4,0,0.23808982424204134,4,0,0.32445314808193076
PROCESS-2_rec__037,0,4,0,0.1112370683475471,4,0,0.13419834993929536,4,0,0.31622408329647594,4,0,0.46761401045057016,4,1,0.5911529864982639
PROCESS-2_rec__038,0,1,0,0.294166634316402,1,0,0.3987948460353748,1,0,0.4151011394436959,1,0,0.4388927189017498,1,0,0.34176321789026387
PROCESS-2_rec__039,1,2,0,0.3658082523642285,2,1,0.560102745066659,2,0,0.34413282050601685,2,0,0.3313796588442181,2,0,0.18916902934176863
PROCESS-2_rec__040,0,3,0,0.33995439801865757,3,0,0.32888788112028366,3,0,0.2546205082190371,3,0,0.3353837179737067,3,0,0.4339541364669585
PROCESS-2_rec__041,0,1,0,0.37583134772040827,1,1,0.5122581618482359,1,1,0.7003232190436496,1,1,0.5880870572618071,1,0,0.36079188908319715
PROCESS-2_rec__042,0,1,1,0.5105045352275593,1,0,0.39027430233662996,1,0,0.31967837620949596,1,0,0.3436566440151957,1,0,0.14531573525235744
PROCESS-2_rec__043,1,5,0,0.32223124346593873,5,0,0.4731266002924993,5,0,0.22596672717827826,5,0,0.23021452655709748,5,0,0.22823024920520776
PROCESS-2_rec__044,1,5,1,0.5195954817560563,5,1,0.6955236201680203,5,1,0.7398144908295491,5,1,0.5819079648049177,5,1,0.547050046445606
PROCESS-2_rec__045,1,1,1,0.5209571478096923,1,1,0.636644808063547,1,1,0.6718424313214455,1,1,0.6938515411017929,1,1,0.8176161303099753
PROCESS-2_rec__046,0,1,1,0.5728339631002288,1,0,0.41387551525994115,1,0,0.4806026592785139,1,0,0.45943472747420655,1,0,0.33445404725093875
PROCESS-2_rec__047,0,1,0,0.35592044693373825,1,0,0.23476103030652204,1,0,0.20682312315352377,1,0,0.19090816648440134,1,0,0.15175636819641844
PROCESS-2_rec__048,1,1,0,0.34893386737583393,1,0,0.36504965263034017,1,0,0.3205025448815779,1,0,0.42578658003184583,1,0,0.45583697326102274
PROCESS-2_rec__049,0,5,0,0.08825911472742903,5,0,0.20238969194144327,5,0,0.43704044150643684,5,0,0.4286630615227083,5,1,0.5266031752507534
PROCESS-2_rec__050,0,4,1,0.752886527171377,4,1,0.6445926480888158,4,0,0.44476048316060807,4,0,0.34933138715286643,4,0,0.3268540487628923
PROCESS-2_rec__051,1,1,1,0.6125095403605286,1,0,0.3953601889627241,1,0,0.3326865232190812,1,0,0.41777547528676323,1,0,0.3641616443159599
PROCESS-2_rec__052,0,2,1,0.9033968774888386,2,1,0.8461084733054944,2,1,0.8353004039209259,2,1,0.8914975473068567,2,1,0.962832882790765
PROCESS-2_rec__053,1,5,0,0.1006351271888678,5,0,0.23352421192175002,5,0,0.45329491095934604,5,1,0.5197074379927508,5,1,0.5581134067434678
PROCESS-2_rec__054,1,3,1,0.9816764174368502,3,1,0.9343346503841459,3,1,0.8295670893123253,3,1,0.8312130789807288,3,1,0.8567405617965986
PROCESS-2_rec__055,0,5,0,0.07320350978294317,5,0,0.21083701544664551,5,0,0.3821087602889343,5,0,0.30941968514393825,5,0,0.26726155711046906
PROCESS-2_rec__056,0,4,0,0.29484757980449455,4,0,0.38730818897425967,4,1,0.5569516386038809,4,1,0.6047697400847887,4,1,0.6770514856254551
PROCESS-2_rec__057,1,1,0,0.3471444642925662,1,0,0.2943602658784158,1,0,0.4885597480927202,1,0,0.37487666950616194,1,0,0.4592083550142562
PROCESS-2_rec__058,0,5,0,0.07924287391958998,5,0,0.18040590667326176,5,0,0.2620205442868287,5,0,0.22857461928087205,5,0,0.22187808605770676
PROCESS-2_rec__059,1,3,1,0.5568950571351882,3,1,0.5837601856002254,3,1,0.8249921894862675,3,1,0.7341333237096143,3,1,0.5918288825193603
PROCESS-2_rec__060,0,3,1,0.7087883395914332,3,1,0.5874324815101306,3,1,0.7529405598693657,3,1,0.7986012591956588,3,1,0.7728099657586082
PROCESS-2_rec__061,1,4,0,0.4224691702967516,4,0,0.35230505899113557,4,0,0.15916683445026772,4,0,0.23932489550097005,4,0,0.13243837278827086
PROCESS-2_rec__062,1,4,0,0.45661949753574854,4,0,0.41020394982165614,4,0,0.4027610551120509,4,0,0.4432053905731094,4,0,0.30395468704677375
PROCESS-2_rec__063,0,2,0,0.4598224745427719,2,1,0.636954903168747,2,0,0.1492971296106461,2,0,0.1683553392168265,2,0,0.17160591192500618
PROCESS-2_rec__064,0,4,1,0.5227111643311336,4,0,0.30036183039072195,4,0,0.25076400174561797,4,0,0.31757045384514176,4,0,0.35626078804855743
PROCESS-2_rec__065,1,5,1,0.9425655386017475,5,1,0.855379577061155,5,1,0.7244308737369878,5,1,0.8448174927710664,5,1,0.8942751657705177
PROCESS-2_rec__066,0,1,0,0.2730495169823606,1,0,0.33898265943412453,1,1,0.8393749173965294,1,1,0.7509879560968692,1,1,0.8346454489105556
PROCESS-2_rec__067,1,1,1,0.8060556459251305,1,1,0.7351260806467311,1,1,0.732426631115029,1,1,0.6752147133201555,1,1,0.874181156677539
PROCESS-2_rec__068,0,4,0,0.3814026278118627,4,0,0.339117950896635,4,0,0.4853380681323562,4,0,0.3756518250354001,4,0,0.2655920299727249
PROCESS-2_rec__069,0,2,0,0.07607715604517584,2,0,0.08362652936877182,2,0,0.23008899406532207,2,0,0.19686576299112094,2,0,0.36471300723845274
PROCESS-2_rec__070,1,3,1,0.5715901661820404,3,1,0.5222725198146317,3,0,0.3618988302065551,3,0,0.46112494875049626,3,0,0.47435430558873826
PROCESS-2_rec__071,0,2,1,0.5892290120163927,2,1,0.5377257484960812,2,1,0.8108750908529216,2,1,0.7579529304913203,2,1,0.8851006525845097
PROCESS-2_rec__072,1,2,1,0.9736834113672234,2,1,0.9264642831101959,2,1,0.7487447072079366,2,1,0.7670622758143772,2,0,0.03354634269996708
PROCESS-2_rec__073,1,1,1,0.9198811613259985,1,1,0.7285990148854852,1,1,0.6152882550222798,1,1,0.7445987612337804,1,1,0.6794327243000705
PROCESS-2_rec__074,0,3,0,0.3611205940877959,3,0,0.31661847142347055,3,0,0.4360186199998112,3,0,0.2717459594390582,3,0,0.487384620253966
PROCESS-2_rec__075,1,1,0,0.4769970943092928,1,0,0.3363039761821086,1,0,0.4874766174049821,1,1,0.5470059998685549,1,1,0.6656261023376706
PROCESS-2_rec__076,0,3,0,0.37981254899747036,3,0,0.30879223530329086,3,0,0.22206355037916875,3,0,0.20735801168469065,3,0,0.2434073278850837
PROCESS-2_rec__077,1,3,1,0.5376451597631835,3,1,0.5511126711989376,3,1,0.5254628890813916,3,0,0.49690763593719367,3,0,0.456994501981441
PROCESS-2_rec__078,0,1,0,0.10895640370982378,1,0,0.1813220584430603,1,0,0.23425210115823364,1,0,0.29262106563785883,1,0,0.2448956655105469
PROCESS-2_rec__079,0,5,0,0.24528367942281917,5,0,0.3041645207919966,5,0,0.12167034054976658,5,0,0.1449241433391656,5,0,0.12831124695435508
PROCESS-2_rec__080,1,3,0,0.4895235304357087,3,0,0.32151904780382834,3,0,0.2492021407458586,3,0,0.30455121834119986,3,0,0.3239948018720372
PROCESS-2_rec__081,1,1,0,0.47203175987077417,1,1,0.5623074101155472,1,1,0.6145497103219324,1,0,0.48934321887685034,1,0,0.3770960788255053
PROCESS-2_rec__082,1,2,1,0.5398288277901363,2,1,0.5156913810516934,2,1,0.9072114325420434,2,1,0.8877811388439981,2,1,0.6522790284465256
PROCESS-2_rec__083,0,3,0,0.10439240144526418,3,0,0.20937586190561475,3,0,0.40594898886386643,3,0,0.3731722803708609,3,0,0.25919668703693227
PROCESS-2_rec__084,1,3,1,0.8343469750061954,3,1,0.6078179708810852,3,1,0.7821236937931754,3,1,0.8718797388458107,3,1,0.8173315831479835
PROCESS-2_rec__085,0,4,1,0.9426407132599304,4,1,0.9069429533772834,4,1,0.9251714486212177,4,1,0.8822648410490275,4,1,0.9104257292418315
PROCESS-2_rec__086,1,3,1,0.5674109843727462,3,0,0.38594672522223455,3,0,0.4618849391023976,3,1,0.5636612592071503,3,1,0.687469916660877
PROCESS-2_rec__087,0,5,1,0.5597912932046345,5,0,0.3268347911973365,5,0,0.3752670767346364,5,0,0.3564192078902051,5,0,0.40315959619365854
PROCESS-2_rec__088,1,5,0,0.4380291947870243,5,0,0.40086596533440494,5,1,0.5874898359328843,5,1,0.5684462656257421,5,1,0.697429550963629
PROCESS-2_rec__089,1,4,0,0.15885243287884782,4,0,0.27333553803082594,4,1,0.5596719538721162,4,1,0.7531082997633229,4,1,0.757565781433027
PROCESS-2_rec__090,0,2,0,0.288563271587083,2,0,0.35501851953691144,2,1,0.6777798407999314,2,1,0.6003103572426518,2,1,0.5457367777403073
PROCESS-2_rec__091,0,3,1,0.6127808800911995,3,1,0.571301839521127,3,1,0.57421183558431,3,0,0.49823571733408667,3,0,0.479944853432102
PROCESS-2_rec__092,1,1,0,0.33992865544482187,1,0,0.4569774726351652,1,1,0.7130640738114702,1,1,0.6046549993725958,1,1,0.668937492250204
PROCESS-2_rec__093,0,1,0,0.44886730575026723,1,1,0.5960954773115911,1,0,0.46532723807310034,1,1,0.5178679504424353,1,1,0.5058508633254832
PROCESS-2_rec__094,1,4,1,0.5540785596542831,4,1,0.7355915870699374,4,1,0.6230810321937692,4,1,0.5819871527531635,4,0,0.4121200698345727
PROCESS-2_rec__095,0,5,1,0.8881509834108361,5,1,0.5781803857815826,5,0,0.24932392411649992,5,0,0.16925823366199463,5,0,0.19890363380468762
PROCESS-2_rec__096,0,3,0,0.15958306233969188,3,0,0.3131567471410918,3,0,0.4342335771251047,3,0,0.4873273067957387,3,1,0.6847655620467139
PROCESS-2_rec__097,0,4,0,0.25384217252997593,4,0,0.34989962025232235,4,0,8.402049447970969e-05,4,0,0.0038146099208024365,4,0,0.0008377403391486292
PROCESS-2_rec__098,1,2,0,0.26201501966801843,2,0,0.2724469007833876,2,0,0.23722870503116267,2,0,0.21642016324240146,2,0,0.4459571439647694
PROCESS-2_rec__099,1,3,0,0.19434004932355986,3,0,0.20902113963271832,3,0,0.41190205212471137,3,0,0.3847767330428573,3,0,0.3146839430699592
PROCESS-2_rec__100,0,1,0,0.432766624586669,1,1,0.5331108612500712,1,1,0.671994102757965,1,1,0.7891752437254446,1,1,0.8062080312167919
PROCESS-2_rec__101,1,4,1,0.6588279532566119,4,1,0.7382511789680926,4,1,0.9360348036212953,4,1,0.8434285299107297,4,1,0.7720409840095492
PROCESS-2_rec__102,0,3,0,0.3304034733168906,3,0,0.39483677355230457,3,1,0.680548422583862,3,1,0.7802626477461366,3,1,0.6726841155326365
PROCESS-2_rec__103,0,3,1,0.6223115272151047,3,1,0.6375472132485491,3,0,0.45929792646009204,3,1,0.5148417119905194,3,1,0.8144531452538836
PROCESS-2_rec__104,0,1,0,0.10902059213862467,1,0,0.14183582472536052,1,0,0.08242027713607088,1,0,0.1448795561515034,1,0,0.09861731630057478
PROCESS-2_rec__105,0,1,0,0.3690735024660154,1,0,0.4129003080309869,1,0,0.2828395060576442,1,0,0.33732658795696474,1,0,0.2714684434054426
PROCESS-2_rec__106,1,3,1,0.8421543262974626,3,1,0.7762200794022218,3,1,0.7502115481644962,3,1,0.7349487410734195,3,1,0.7927136460184049
PROCESS-2_rec__107,0,3,0,0.10961814340393246,3,0,0.22092846605302152,3,0,0.2632415895286923,3,0,0.1450769837076299,3,0,0.06347291683232964
PROCESS-2_rec__108,0,5,0,0.2921676527408204,5,0,0.41463711608812764,5,0,0.24020649585323323,5,0,0.2696063482315009,5,0,0.2286473569630654
PROCESS-2_rec__109,0,4,1,0.5391651795269256,4,1,0.5103542738076132,4,0,0.364336147096374,4,0,0.4178369581011527,4,0,0.320612920861306
PROCESS-2_rec__110,1,3,0,0.31719405170329606,3,0,0.3801225223405018,3,0,0.3570826995806952,3,0,0.2895459995904697,3,0,0.21832160052619617
PROCESS-2_rec__111,1,4,1,0.9755678791738638,4,1,0.9586957820388934,4,1,0.9616863577056186,4,1,0.9550795481669969,4,1,0.9286624907634087
PROCESS-2_rec__112,0,2,1,0.7219398433794506,2,1,0.971324685811133,2,1,0.9955151152485813,2,1,0.9890392554007064,2,1,0.9972826571630441
PROCESS-2_rec__113,1,2,1,0.8083613540686327,2,1,0.8772405130722171,2,1,0.9190136737496769,2,1,0.867818345746125,2,1,0.9474970612633182
PROCESS-2_rec__114,0,1,1,0.5920102221438133,1,1,0.5734937606773916,1,1,0.5870175582530693,1,1,0.5462723202502741,1,1,0.6176324604517252
PROCESS-2_rec__115,1,3,1,0.9994239124512706,3,1,0.9950214339811759,3,0,6.325167670062331e-06,3,0,1.293823127942776e-05,3,0,7.28357491192973e-06
PROCESS-2_rec__116,1,2,1,0.6933057373659264,2,0,0.2880010713893745,2,0,0.4749691591052731,2,0,0.48738154802912853,2,1,0.6481152969439116
PROCESS-2_rec__117,0,5,0,0.12069243335402753,5,0,0.2784687934741134,5,0,0.42806001674295274,5,0,0.4590646068163386,5,0,0.3511027250025973
PROCESS-2_rec__118,1,2,1,0.8688603416059747,2,1,0.9228236088465024,2,1,0.7477312053827482,2,1,0.7559898634472932,2,1,0.8595589960356801
PROCESS-2_rec__119,1,1,1,0.8456549459973186,1,1,0.6069397463959518,1,1,0.7761897874125709,1,1,0.802947185259024,1,1,0.8990894179581416
PROCESS-2_rec__120,0,2,0,0.3488944207834758,2,0,0.21704945141051452,2,0,0.3069334949049395,2,0,0.3564672669950593,2,0,0.3332312111296702
PROCESS-2_rec__121,0,4,0,0.13490412092520393,4,0,0.14437701442109202,4,0,0.12315026183662649,4,0,0.21802178253178478,4,0,0.27341023424316774
PROCESS-2_rec__122,1,4,1,0.868663444764223,4,1,0.8307734908115315,4,1,0.9444580725645623,4,1,0.9520616915765063,4,1,0.963001767778976
PROCESS-2_rec__123,1,4,1,0.612075541952168,4,1,0.7381008863601964,4,0,0.09351346841890452,4,0,0.2505167188326275,4,0,0.20745904061074172
PROCESS-2_rec__124,0,5,1,0.7270370498478083,5,1,0.7470861060570878,5,1,0.515055136151607,5,1,0.5159250765427379,5,0,0.4980161702967471
PROCESS-2_rec__125,0,3,1,0.6042991059179178,3,1,0.5117464576035358,3,1,0.6795375517376993,3,1,0.707950843289392,3,1,0.848332337865465
PROCESS-2_rec__126,0,1,0,0.4052172366822061,1,0,0.4650565813070394,1,0,0.19859298406852469,1,0,0.2375529204292328,1,0,0.22677050653568162
PROCESS-2_rec__127,1,2,0,0.27788758442357164,2,0,0.1917544755421143,2,0,0.4598391052305274,2,0,0.4193791513409133,2,0,0.4135548932597067
PROCESS-2_rec__128,1,1,0,0.4396300303079651,1,0,0.22826378306986142,1,0,0.21829410530371757,1,0,0.33679260569290875,1,0,0.4030108661011808
PROCESS-2_rec__129,1,5,1,0.9330235960181097,5,1,0.6709616920239428,5,0,0.2995079223711089,5,0,0.3363795376705925,5,0,0.30140748112546173
PROCESS-2_rec__130,0,3,0,0.22156731972630644,3,0,0.3676467575704251,3,0,0.4074802398902306,3,0,0.28357068255597134,3,0,0.1366146942945573
PROCESS-2_rec__131,0,4,0,0.20317811973740726,4,0,0.24130620779638992,4,0,0.22723617220654527,4,0,0.1988906456482606,4,0,0.24163268656173748
PROCESS-2_rec__132,1,5,1,0.9987641741361477,5,1,0.966493616725831,5,1,0.9779982931464454,5,1,0.9611122185202805,5,1,0.987104664814924
PROCESS-2_rec__133,0,1,1,0.8586922916128463,1,1,0.5281672738964326,1,0,0.37881173662472994,1,0,0.4746380035345534,1,1,0.6782309739392891
PROCESS-2_rec__134,1,2,1,0.6580316676071285,2,1,0.867751335930621,2,1,0.7034765554951297,2,1,0.6824824849806717,2,1,0.655243960568441
PROCESS-2_rec__135,0,4,0,0.08726843123263121,4,0,0.1954259462035193,4,0,0.07333855406522524,4,0,0.13935951318716405,4,0,0.1320520469324056
PROCESS-2_rec__136,1,3,1,0.9637853863985865,3,1,0.9177461011985558,3,1,0.8787214562429467,3,1,0.9004965323903573,3,1,0.9214745406019679
PROCESS-2_rec__137,1,4,1,0.8061730675545864,4,1,0.8479745396238696,4,1,0.7681631675658945,4,1,0.7580789959481036,4,1,0.5961187194565164
PROCESS-2_rec__138,1,2,1,0.599888375888024,2,1,0.649337051577444,2,1,0.7642169423862615,2,1,0.5030126901433556,2,0,0.42993921756263775
PROCESS-2_rec__139,1,3,1,0.7923683049934828,3,1,0.6589470605859241,3,0,0.4761055483319977,3,0,0.46389924937498395,3,1,0.7239865237361073
PROCESS-2_rec__140,0,4,1,0.5526467942241606,4,0,0.2204397398141924,4,0,0.32430528436332934,4,0,0.44126982504644124,4,1,0.5198656153157524
PROCESS-2_rec__141,0,3,0,0.45306310522181675,3,1,0.5457496406998869,3,1,0.6096557893944365,3,1,0.5500354316564756,3,0,0.4305277696100888
PROCESS-2_rec__142,0,2,1,0.5334978005164541,2,1,0.6253119743642613,2,1,0.6263957456968272,2,0,0.49217353070889697,2,0,0.45517197889876876
PROCESS-2_rec__143,1,1,1,0.8193875476296205,1,1,0.7122586005843563,1,1,0.7009848473251574,1,1,0.775146273160401,1,1,0.5548850867081365
PROCESS-2_rec__144,1,2,1,0.7076874559821138,2,1,0.9337790221651973,2,1,0.5489180523302152,2,1,0.6257901732925466,2,1,0.841951656515618
PROCESS-2_rec__145,1,1,1,0.9760271198238234,1,1,0.9537303134946599,1,1,0.9885820982042,1,1,0.9801309364124011,1,1,0.9876009116942202
PROCESS-2_rec__146,1,1,1,0.918519211843366,1,1,0.7872967320200261,1,1,0.8972715841598085,1,1,0.9075053600032927,1,1,0.9571415728563645
PROCESS-2_rec__147,1,2,1,0.8406300546775541,2,1,0.841402930427429,2,1,0.6065231707231471,2,1,0.6526344891533927,2,1,0.818964183571292
PROCESS-2_rec__148,1,2,0,0.39518441377057256,2,0,0.1951702852826558,2,0,0.15512123265215078,2,0,0.2370871881782665,2,0,0.1456024925349803
PROCESS-2_rec__149,1,3,1,0.7482896318252242,3,1,0.6235763034442411,3,0,0.45044357287451764,3,0,0.4544407295141582,3,0,0.41515913606348764
PROCESS-2_rec__150,1,4,1,0.6012902144928689,4,1,0.6862591682082428,4,0,0.2955258042660107,4,0,0.3803483220222196,4,1,0.6376472115495221
PROCESS-2_rec__151,1,5,1,0.5839944047450908,5,1,0.510286049920062,5,1,0.8353277977906941,5,1,0.7401683536106665,5,1,0.7940541064048833
PROCESS-2_rec__152,1,2,1,0.845054352592997,2,1,0.8776883199291539,2,1,0.8732986049927399,2,1,0.7987589707821585,2,1,0.8125255706396376
PROCESS-2_rec__153,0,3,0,0.28925007238277234,3,0,0.44329246433509023,3,0,0.4561392960938488,3,0,0.47318395621155035,3,1,0.6407190967453278
PROCESS-2_rec__154,1,2,0,0.4387242177236817,2,1,0.5955422246231817,2,0,0.47253392558743,2,1,0.5071042511740073,2,0,0.41986110569264756
PROCESS-2_rec__155,0,1,0,0.11998126320498274,1,0,0.17115508535198254,1,0,0.328668270999247,1,0,0.2236646700940855,1,0,0.2953015028179841
PROCESS-2_rec__156,1,5,1,0.9914444323056548,5,1,0.9361473422635724,5,1,0.9602318434551915,5,1,0.9788845930885619,5,1,0.981529198051829
PROCESS-2_rec__157,1,3,1,0.7422515325866427,3,1,0.6385290798029317,3,1,0.5019976880045922,3,1,0.561703241282644,3,1,0.5148522984388821
PROCESS-2_rec__158,1,3,0,0.1478182571695429,3,0,0.313218552140901,3,0,0.3037717588124369,3,0,0.24218749493606792,3,0,0.1313973625449305
PROCESS-2_rec__159,0,2,1,0.7223282700264361,2,1,0.908187001072474,2,1,0.87638599319516,2,1,0.7174854247484939,2,1,0.69914326571382
PROCESS-2_rec__160,1,3,1,0.7582613239757802,3,1,0.7195594938039902,3,0,0.4442402812138978,3,0,0.4564060890134971,3,1,0.5728906850147176
PROCESS-2_rec__161,1,3,1,0.9150539005757072,3,1,0.7579496864056947,3,1,0.6278578912822994,3,1,0.7180394045178512,3,1,0.8271982088077893
PROCESS-2_rec__162,1,4,0,0.05594237789677302,4,0,0.07340580199376932,4,0,0.18738696315080258,4,0,0.294831032866682,4,0,0.3079228416606581
PROCESS-2_rec__163,0,4,1,0.7303517738699785,4,0,0.37839372404956995,4,0,0.38366450066627883,4,1,0.5750507786484496,4,1,0.6639946046549283
PROCESS-2_rec__164,1,2,0,0.23980123989181618,2,0,0.4068065783501409,2,0,0.3530571613039281,2,0,0.312605497080965,2,0,0.4287971026939825
PROCESS-2_rec__165,1,5,1,0.8863135767742537,5,1,0.7712547053214833,5,1,0.827325073186661,5,1,0.7146592981934443,5,1,0.7240477317331449
PROCESS-2_rec__166,0,1,0,0.22184673243379424,1,0,0.2342813250137062,1,0,0.2876917688684024,1,0,0.44213344892266593,1,1,0.6442106461837466
PROCESS-2_rec__167,1,1,1,0.8634664114517075,1,1,0.707950328110842,1,1,0.553820364647697,1,1,0.6633464141854071,1,1,0.5100866000026935
PROCESS-2_rec__168,1,5,0,0.3972047992149159,5,0,0.42497478116151527,5,0,0.3509600245793424,5,0,0.4332014496776063,5,0,0.27870078923468994
PROCESS-2_rec__169,1,3,1,0.9659029652395205,3,1,0.7740771159250821,3,1,0.8520222473276113,3,1,0.8959417930664505,3,1,0.9600339638103942
PROCESS-2_rec__170,0,1,0,0.42739376463689754,1,0,0.4678739054539656,1,0,0.484267380502513,1,1,0.5196990681379108,1,0,0.46792197051919393
PROCESS-2_rec__171,1,5,1,0.97594732652021,5,1,0.6863416913815251,5,1,0.7446683299795984,5,0,0.34058710303487943,5,0,0.4677735519757044
PROCESS-2_rec__172,1,4,0,0.3524797157929066,4,0,0.4456911120883642,4,0,0.24553407142903577,4,0,0.18944325244644006,4,0,0.1498364327403676
PROCESS-2_rec__173,1,3,0,0.4038276236454247,3,0,0.24999985979804454,3,0,0.3446381185551867,3,0,0.3766655448562051,3,0,0.32466051041254923
PROCESS-2_rec__174,1,1,0,0.2675826063834273,1,0,0.3154488536276516,1,1,0.587400749778553,1,0,0.4306602594102453,1,0,0.3677431040206224
PROCESS-2_rec__175,1,1,1,0.6817256693370228,1,1,0.5664545603556542,1,1,0.8047163295498735,1,1,0.7347311176343619,1,1,0.8653260568659479
PROCESS-2_rec__176,0,4,0,0.4752745018120484,4,1,0.5052353389785049,4,0,0.2237609696767284,4,0,0.26316393213681116,4,0,0.2865412615479032
PROCESS-2_rec__177,1,3,1,0.9407428771035202,3,1,0.8366193462761098,3,1,0.6680804232638806,3,1,0.6351720889550924,3,1,0.7172025833669725
PROCESS-2_rec__178,0,3,1,0.5980953520594504,3,0,0.42140268322636476,3,0,0.4006453857446461,3,0,0.2888917799205946,3,1,0.5134614887446768
PROCESS-2_rec__179,0,2,1,0.5187271259743121,2,1,0.5295062505496918,2,1,0.5143441436338722,2,0,0.4296942163343862,2,0,0.31984604548992246
PROCESS-2_rec__180,0,3,0,0.44515339959126105,3,1,0.5697830036158551,3,1,0.5172819937561564,3,1,0.5458250227684958,3,0,0.4361299511902558
PROCESS-2_rec__181,1,5,1,0.9869306862401079,5,1,0.9366098217597305,5,1,0.9462871322931998,5,1,0.9629916648650098,5,1,0.9812205847407681
PROCESS-2_rec__182,0,5,0,0.3451186689284933,5,0,0.40986305489930985,5,1,0.5265259489382351,5,0,0.4894717458293172,5,1,0.6492595186449251
PROCESS-2_rec__183,0,5,0,0.24609278908322585,5,0,0.4413585618601242,5,0,0.4643831533224351,5,0,0.3259750960129794,5,0,0.3033303754774433
PROCESS-2_rec__184,0,5,0,0.23451824168907143,5,0,0.36468733354456345,5,0,0.26228024838735464,5,0,0.2507989121638151,5,0,0.18875950130244104
PROCESS-2_rec__185,0,2,0,0.3370671870005429,2,0,0.35640734216680764,2,0,0.10001606888910883,2,0,0.08146719341920881,2,0,0.07108747182711321
PROCESS-2_rec__186,1,4,1,0.8717317250721205,4,1,0.7397759953369062,4,0,0.050559505322750026,4,0,0.17038437644181564,4,0,0.28956173609009067
PROCESS-2_rec__187,1,3,1,0.8062189531462832,3,1,0.7544260673810266,3,1,0.5602377825534454,3,0,0.4981667389234882,3,1,0.5310034994959087
PROCESS-2_rec__188,0,5,0,0.29191366006402925,5,0,0.3953639907290144,5,0,0.4396993649509748,5,0,0.3819286736855935,5,0,0.4486134035866614
PROCESS-2_rec__189,1,1,1,0.9243112016843149,1,1,0.8953379284456672,1,1,0.7416478323609131,1,1,0.7275151672387732,1,1,0.5881461752440967
PROCESS-2_rec__190,0,2,0,0.06943056791852477,2,0,0.0649491452737327,2,0,0.04306825830749489,2,0,0.11289371814533487,2,0,0.06486057759713316
PROCESS-2_rec__191,0,3,0,0.15037582436933752,3,0,0.19542407739850123,3,0,0.23193360202813057,3,0,0.1998110653615004,3,0,0.12131602853766145
PROCESS-2_rec__192,1,2,1,0.9069687311728472,2,1,0.9224465697517804,2,1,0.89080238605493,2,1,0.6402016245009127,2,1,0.8737264376203366
PROCESS-2_rec__193,0,2,0,0.4627590911694615,2,0,0.15253699540218446,2,0,0.19476240152144114,2,0,0.31519641075732835,2,0,0.22564261351266643
PROCESS-2_rec__194,0,4,1,0.52321262610738,4,1,0.5134233931497768,4,1,0.883457293083558,4,1,0.7578680635083562,4,1,0.6980391906751149
PROCESS-2_rec__195,0,4,0,0.4143724700644701,4,0,0.23814297872465662,4,0,0.16251693910964357,4,0,0.25968453998620716,4,0,0.20517298209265897
PROCESS-2_rec__196,1,1,1,0.8161037578208734,1,1,0.5087599198781814,1,1,0.8021488892361687,1,1,0.7903637803992933,1,1,0.8620543432969934
PROCESS-2_rec__197,0,4,0,0.17884971087801765,4,0,0.259070352801324,4,0,0.3326426950718785,4,1,0.5401482579165796,4,1,0.639708315882614
PROCESS-2_rec__198,1,4,0,0.3011161932521704,4,0,0.35690649764322013,4,0,0.1818557981619622,4,0,0.2542182917154645,4,0,0.24042322217621417
PROCESS-2_rec__199,0,2,0,0.44993120392441677,2,1,0.5085507811064484,2,0,0.30612426310025426,2,0,0.1846976681166838,2,0,0.02452655411870185
PROCESS-2_rec__200,0,5,0,0.23399953369486778,5,0,0.45992034370097795,5,0,0.3716738243206544,5,0,0.40494652736603837,5,0,0.331121004742576
PROCESS-2_rec__201,0,5,0,0.33501426005723456,5,0,0.4410849287651789,5,0,0.3813251639870848,5,0,0.3819294375011374,5,0,0.35804209356306116
PROCESS-2_rec__202,0,5,0,0.18839746344206418,5,0,0.18695041142343022,5,0,0.27435663194766013,5,0,0.2789880558256937,5,0,0.15936833051290927
PROCESS-2_rec__203,1,5,1,0.8712528260199184,5,1,0.7535178587990068,5,1,0.8207194858561238,5,1,0.9091128060013997,5,1,0.9097516717168942
PROCESS-2_rec__204,0,2,0,0.4763514495557168,2,1,0.5950030915059069,2,1,0.8132784405763328,2,1,0.8030314361677389,2,1,0.8383419994703867
PROCESS-2_rec__205,0,1,0,0.29015420243519785,1,0,0.37441954102828845,1,0,0.47200678473761776,1,1,0.5387435307765592,1,1,0.5566907208642229
PROCESS-2_rec__206,1,2,1,0.7584944089421797,2,1,0.8936870339670572,2,1,0.6796917674516272,2,1,0.7418958084741698,2,1,0.7395760226927147
PROCESS-2_rec__207,1,3,0,0.3356578164532724,3,0,0.2886167273179324,3,1,0.5513415447891409,3,1,0.5513454494341491,3,0,0.4758465576623406
PROCESS-2_rec__208,0,5,0,0.34632223883567564,5,0,0.43779470159876127,5,0,0.4485365642328141,5,0,0.45205006055253,5,1,0.5418038784721728
PROCESS-2_rec__209,0,4,1,0.5140347466314772,4,1,0.5458028758061482,4,0,0.31429478625002616,4,0,0.31094917019176443,4,0,0.33400982270002505
PROCESS-2_rec__210,1,4,0,0.44260280042411093,4,1,0.6566321080020967,4,0,0.27303839576345806,4,0,0.23699667045156855,4,0,0.25466436074079735
PROCESS-2_rec__211,0,2,1,0.5756902592466178,2,1,0.7736050246239029,2,0,0.3812003516029226,2,0,0.48612844920623227,2,1,0.6578209755759178
PROCESS-2_rec__212,1,3,1,0.9467214910196079,3,1,0.8952093159789405,3,1,0.9185020682926537,3,1,0.9249633220197241,3,1,0.916168234097455
PROCESS-2_rec__213,1,1,1,0.9715753379138028,1,1,0.96776961379958,1,1,0.9850412503746713,1,1,0.9684262653503755,1,1,0.9907006117799357
PROCESS-2_rec__214,0,2,0,0.4781637009525059,2,1,0.8383441503536078,2,1,0.8707703664937074,2,1,0.5846547384482326,2,0,0.2713287978672279
PROCESS-2_rec__215,0,3,0,0.26583823737492324,3,0,0.3877198976447288,3,1,0.6031511979868034,3,0,0.4647615592511104,3,0,0.27750844650597856
PROCESS-2_rec__216,0,3,1,0.6692775097311292,3,1,0.5076953262199296,3,0,0.4627308133501159,3,0,0.48787480968901487,3,1,0.5335672263739214
PROCESS-2_rec__217,0,2,0,0.19518850971988286,2,0,0.27539385275226325,2,0,0.35601867293799627,2,0,0.2368023295097329,2,0,0.19007505978884556
PROCESS-2_rec__218,0,2,1,0.6999586363888806,2,1,0.5988273995220141,2,0,0.3137683420493033,2,0,0.3634408772335797,2,0,0.4155049483100711
PROCESS-2_rec__219,0,1,0,0.19254002509358456,1,0,0.3002451666701351,1,0,0.24376155789647744,1,0,0.3784868335140416,1,0,0.45057352236298887
PROCESS-2_rec__220,0,2,1,0.7232005972279437,2,1,0.7410127890760437,2,0,8.843586060811227e-07,2,0,0.0017058014774042013,2,0,0.0003864531038943553
PROCESS-2_rec__221,1,3,1,0.984549482339153,3,1,0.9071880254515525,3,1,0.8675338574781472,3,1,0.8738840224243954,3,1,0.9347966005063599
PROCESS-2_rec__222,1,5,1,0.8883424439681723,5,1,0.867267453345125,5,1,0.511486233396677,5,1,0.5755521956462201,5,1,0.669921849257375
PROCESS-2_rec__223,0,3,0,0.2163315558910495,3,0,0.30535852934861135,3,0,0.4072610386528052,3,0,0.405490533801184,3,0,0.38691118532839647
PROCESS-2_rec__224,1,2,1,0.8130384311086856,2,1,0.5525787903924021,2,1,0.8179728222874767,2,1,0.876359275826684,2,1,0.9824273730051255
PROCESS-2_rec__225,1,4,0,0.21082341126279291,4,0,0.21807717994619866,4,0,0.22674062976773832,4,0,0.24209762332732387,4,0,0.22533283288742034
PROCESS-2_rec__226,1,1,0,0.16563960090676086,1,0,0.34844517130869646,1,1,0.644663611643711,1,0,0.46607541755408666,1,0,0.29567359418894523
PROCESS-2_rec__227,1,1,0,0.486818237515604,1,0,0.44392858322137435,1,1,0.9049236947329151,1,0,0.4733207747955466,1,1,0.5385891089952223
PROCESS-2_rec__228,1,4,1,0.6480178772003433,4,1,0.5285064080080468,4,0,0.33180014691966736,4,0,0.40463940397811354,4,1,0.5546820339501456
PROCESS-2_rec__229,1,5,1,0.5278452569013399,5,0,0.4371614949218696,5,1,0.534672868130827,5,1,0.5620546846883975,5,1,0.5092687568481041
PROCESS-2_rec__230,1,5,1,0.6384907401703451,5,1,0.7671095437803201,5,1,0.8726949535084328,5,1,0.7994361131760732,5,1,0.7743851085647948
PROCESS-2_rec__231,1,3,1,0.7899013085107344,3,1,0.7710256321698065,3,1,0.6325075244130122,3,1,0.6009666642694685,3,1,0.692333366570816
PROCESS-2_rec__232,0,4,1,0.6207215474557178,4,0,0.429683598051102,4,0,0.36075704901820166,4,0,0.34087106446332643,4,0,0.38122355407152286
PROCESS-2_rec__233,1,2,1,0.6399115062915499,2,1,0.552845776787386,2,1,0.8695312457325334,2,1,0.7481782667545951,2,0,0.44442277354042564
PROCESS-2_rec__234,1,5,1,0.9096015942210552,5,1,0.9011600376108785,5,1,0.984975271111606,5,1,0.9331070372152591,5,1,0.8813384600889917
PROCESS-2_rec__235,1,4,0,0.4703851622028954,4,0,0.16845598481455276,4,0,0.30946222866222484,4,1,0.5290094827175246,4,1,0.7467116483041415
PROCESS-2_rec__236,1,1,1,0.7935412493591022,1,1,0.8834723146465173,1,1,0.919407564124913,1,1,0.9325760674925216,1,1,0.9019479413138026
PROCESS-2_rec__237,1,5,1,0.6490774857127815,5,1,0.5908400240174658,5,1,0.6691058427499389,5,1,0.6609735720940294,5,1,0.5677402140243621
PROCESS-2_rec__238,1,5,1,0.881035322318402,5,1,0.6899420147432103,5,1,0.7183029226425705,5,1,0.6543610293494613,5,1,0.5782064565344804
PROCESS-2_rec__239,1,3,1,0.5885584231729354,3,0,0.4028952518431918,3,0,0.4724652950576104,3,1,0.5250700556957063,3,1,0.6659060624293448
PROCESS-2_rec__240,1,2,1,0.7594209692704665,2,1,0.7771340880084125,2,1,0.7078533282203533,2,1,0.7354232231660943,2,1,0.6487234361005259
PROCESS-2_rec__241,1,5,1,0.6215558012964634,5,1,0.5733446841524663,5,1,0.6847854651951333,5,1,0.6162257232190679,5,1,0.5611320492735121
PROCESS-2_rec__242,1,4,1,0.87680433509182,4,1,0.9051477425704514,4,1,0.6155400382842414,4,1,0.7783804188396152,4,1,0.8174558756069228
PROCESS-2_rec__243,0,4,0,0.30130065572910597,4,0,0.35798254387396505,4,0,0.16337177568194655,4,0,0.21759527999855865,4,0,0.1575509078341655
PROCESS-2_rec__244,1,5,1,0.7265870307769384,5,1,0.6690932305002286,5,1,0.9021315134725495,5,1,0.8548268427134088,5,1,0.928932790689174
PROCESS-2_rec__245,0,3,0,0.06140737746510201,3,0,0.1667013430587649,3,0,0.19921308319544703,3,0,0.16915593723924832,3,0,0.12068237873406548
PROCESS-2_rec__246,0,3,0,0.3303151866117263,3,1,0.5548693277520492,3,0,0.37753905683923633,3,0,0.49614558957961974,3,1,0.6143840477730408
PROCESS-2_rec__247,1,5,1,0.5940277019603264,5,0,0.47801071458477007,5,0,0.29683205622312375,5,0,0.3438981902803117,5,0,0.4092193294514524
PROCESS-2_rec__248,1,5,0,0.2857648029949289,5,0,0.42672787270393725,5,0,0.48926426073817586,5,1,0.507031240311363,5,0,0.41185113637259124
PROCESS-2_rec__249,1,2,1,0.5131974595740963,2,0,0.4965578815662805,2,0,0.46403977060103385,2,1,0.5003722264460199,2,0,0.4659978043950803
PROCESS-2_rec__250,1,1,1,0.6978994914320568,1,1,0.7486881961100426,1,0,0.470255841777358,1,1,0.5626167884043384,1,1,0.6863439169307262
PROCESS-2_rec__251,0,5,0,0.11282280459183784,5,0,0.23542640150903846,5,0,0.31266675976707586,5,0,0.3101411052278842,5,1,0.5013660634799462
PROCESS-2_rec__252,1,2,1,0.7458507422984182,2,1,0.7414615776787604,2,1,0.8201166624949158,2,1,0.71529588863246,2,1,0.6211442399501097
PROCESS-2_rec__253,1,5,0,0.17357462167201446,5,0,0.3255420591473512,5,0,0.3112682142883107,5,0,0.3556400458950132,5,0,0.25859145811751194
PROCESS-2_rec__254,1,4,1,0.5722997737203029,4,1,0.6015422822347152,4,1,0.5377253982352154,4,0,0.4466053668321771,4,0,0.44171468611186426
PROCESS-2_rec__255,0,5,0,0.14468388912288152,5,0,0.36414498732041345,5,0,0.23423912974516764,5,0,0.30339031297017527,5,0,0.21736912398954863
PROCESS-2_rec__256,1,3,0,0.2960178159881524,3,0,0.45425981764960593,3,1,0.71376221231696,3,1,0.7556812546740868,3,1,0.8893658893598315
PROCESS-2_rec__257,1,4,0,0.4291900111435629,4,1,0.6369745911834755,4,1,0.8562287245790259,4,1,0.8561588963230791,4,1,0.9628592710737732
PROCESS-2_rec__258,1,2,0,0.40952216462046476,2,0,0.3521717341365207,2,0,0.31950185597417396,2,0,0.4258746399637122,2,1,0.7467809661346062
PROCESS-2_rec__259,1,2,1,0.7500258346728913,2,1,0.8084197183440355,2,1,0.8354584154937057,2,1,0.8060219885816501,2,1,0.5984619021004213
PROCESS-2_rec__260,0,3,0,0.42085142164290024,3,1,0.5502075126290004,3,0,0.07187778625487642,3,0,0.09076925761311982,3,0,0.0655322482807506
PROCESS-2_rec__261,0,1,0,0.4797575435038338,1,0,0.2576951660485023,1,0,0.28940220530536864,1,0,0.37994082096805104,1,0,0.35829654104734826
PROCESS-2_rec__262,1,2,1,0.5503788955884732,2,1,0.6018776568257617,2,0,0.13714485236138735,2,0,0.11872344716819633,2,0,0.06998099516883369
PROCESS-2_rec__263,0,4,1,0.51390762921004,4,0,0.37945152133803034,4,1,0.5767054256441636,4,1,0.5584215179928966,4,1,0.6032461705545157
PROCESS-2_rec__264,0,1,0,0.491441598358592,1,0,0.42582924518923904,1,1,0.5433838444369176,1,0,0.44887625318730223,1,1,0.6470672979625984
PROCESS-2_rec__265,1,5,1,0.6226328601055791,5,0,0.438077979280906,5,0,0.31989191835270203,5,0,0.3109522406023982,5,0,0.29308689552816064
PROCESS-2_rec__266,0,2,1,0.7685477396410553,2,1,0.8863779519730394,2,1,0.9701533138779016,2,1,0.8337768046045471,2,0,0.28408375214700043
PROCESS-2_rec__267,0,5,0,0.27750316026201,5,0,0.3873918360653984,5,0,0.34364469397257674,5,0,0.37076371309341616,5,1,0.5076928513780455
PROCESS-2_rec__268,0,1,0,0.27784929330837693,1,0,0.36277381309484846,1,0,0.4545727519908629,1,0,0.43745797812480425,1,1,0.7437299785009513
PROCESS-2_rec__269,1,4,1,0.9642413285699972,4,1,0.9007562927526059,4,1,0.8659896767788116,4,1,0.9153508624229114,4,1,0.913601395982262
PROCESS-2_rec__270,0,1,0,0.21142602284296358,1,0,0.2696967228601656,1,0,0.1710034972793559,1,0,0.2169973747730632,1,0,0.09651281827458749
PROCESS-2_rec__271,0,2,0,0.24424380313241545,2,0,0.360686678886642,2,0,0.2636325519497785,2,0,0.3738334020769634,2,0,0.4430193466590646
PROCESS-2_rec__272,0,3,0,0.0980728034503373,3,0,0.17706540911448046,3,0,0.31487972967985267,3,0,0.3688194565799102,3,0,0.40605858617967483
PROCESS-2_rec__273,0,5,0,0.2837443145706858,5,0,0.32884520107962634,5,0,0.4023103822857661,5,1,0.560727258907271,5,1,0.5297492658633988
PROCESS-2_rec__274,0,5,0,0.2100548473022751,5,0,0.4318275079325915,5,0,0.3417862068339914,5,0,0.38959347816632256,5,0,0.34574072011085055
PROCESS-2_rec__275,1,1,1,0.5077358570505142,1,1,0.5466849248222252,1,0,0.4029112954332615,1,1,0.5159878049773363,1,0,0.407068771833015
PROCESS-2_rec__276,1,4,1,0.9441302167392444,4,1,0.953102905271248,4,1,0.9395629241841746,4,1,0.8698907376040454,4,1,0.9277070651431981
PROCESS-2_rec__277,0,2,0,0.20033470453437943,2,0,0.26419482386300513,2,0,0.42526012684108094,2,0,0.2811477892252112,2,0,0.33278051657789104
PROCESS-2_rec__278,1,5,1,0.6611462497440009,5,1,0.5407925583912723,5,0,0.26474488474200464,5,0,0.2916948553779919,5,0,0.39593325396529405
PROCESS-2_rec__279,0,2,0,0.2780350695473161,2,0,0.4227342804219567,2,0,0.41963814029034097,2,0,0.3651217436770973,2,1,0.636859087584494
PROCESS-2_rec__280,0,4,1,0.5218164631503989,4,1,0.6283241532623632,4,0,0.39895724558583284,4,0,0.4305953928931197,4,1,0.521853186711142
PROCESS-2_rec__281,1,1,0,0.25103950194198654,1,0,0.3658108601316629,1,0,0.2244784833280691,1,0,0.2846601736887266,1,0,0.2867629271788924
PROCESS-2_rec__282,0,2,0,0.12256711253275225,2,0,0.14657444051018131,2,0,0.055618155183874037,2,0,0.03769551652832129,2,0,0.02528282247231547
PROCESS-2_rec__283,1,4,1,0.5625091520210804,4,0,0.4399836101622062,4,0,0.452255583603178,4,0,0.39505793191400146,4,0,0.36352485439255744
PROCESS-2_rec__284,1,5,0,0.4615101722783799,5,1,0.5409903272159897,5,1,0.6635721918663307,5,1,0.7345628802075795,5,1,0.6532529374771392
PROCESS-2_rec__285,1,3,0,0.14502361771428882,3,0,0.313948514471954,3,1,0.6417068454487691,3,1,0.5811805514501842,3,1,0.5994835031390361
PROCESS-2_rec__286,1,4,1,0.8309902676356619,4,0,0.1830723679693041,4,0,0.21455926972745337,4,0,0.38181350822767135,4,0,0.12272133619367366
PROCESS-2_rec__287,0,5,0,0.28409342804855053,5,0,0.26925869349416304,5,0,0.43823749265569983,5,0,0.30946947081233966,5,0,0.3817483176697233
PROCESS-2_rec__288,0,2,0,0.09548021997252931,2,0,0.052528168129341725,2,1,0.7630377249501404,2,1,0.6859504374781917,2,1,0.6955782983863459
PROCESS-2_rec__289,0,2,0,0.16303957425373317,2,0,0.10784211594972812,2,0,0.1700157455337625,2,0,0.1481114037570601,2,0,0.12466404199645542
PROCESS-2_rec__290,0,3,0,0.10914474002385151,3,0,0.2539714748400266,3,0,0.4394284187884769,3,1,0.5480135022054707,3,1,0.5009981202160639
PROCESS-2_rec__291,0,1,1,0.5646655367158613,1,1,0.7273063378433184,1,1,0.5669210321747489,1,0,0.4818615859786169,1,0,0.47245234159426963
PROCESS-2_rec__292,0,2,0,0.3969308591133329,2,0,0.312331549835817,2,0,0.22955091656527432,2,0,0.21255384469066382,2,0,0.18685613625816552
PROCESS-2_rec__293,1,3,0,0.43277081358078523,3,0,0.4059970301675756,3,0,0.4266756197805642,3,0,0.4919340168646827,3,1,0.7446922863482138
PROCESS-2_rec__294,0,5,1,0.6780496475440335,5,1,0.6425278612767577,5,1,0.6651980822341835,5,1,0.6186168198776484,5,1,0.5958841786018744
PROCESS-2_rec__295,0,5,0,0.13949308815268513,5,0,0.2930907226281268,5,0,0.4186842974899599,5,0,0.4439501066801415,5,0,0.4962537506092588
PROCESS-2_rec__296,1,1,1,0.8700541587272836,1,1,0.7509761287404719,1,1,0.5002445284305991,1,1,0.5457304256763079,1,0,0.4163832626884985
PROCESS-2_rec__297,0,2,0,0.42940940705494285,2,0,0.3578528563168092,2,0,0.2417216982399337,2,0,0.15414492307355956,2,0,0.1406879202022967
PROCESS-2_rec__298,0,5,1,0.6999798635845418,5,1,0.5651465726964332,5,1,0.510428859257941,5,1,0.5392484474092722,5,1,0.5442184931171417
PROCESS-2_rec__299,1,3,0,0.14112542576865408,3,0,0.37593153016750486,3,0,0.4289393488784659,3,0,0.3451933841150775,3,0,0.16863963614095984
PROCESS-2_rec__300,0,1,1,0.6342135708662235,1,1,0.6045312535304298,1,1,0.747746320092912,1,1,0.6837991419501276,1,1,0.5980890928064964
PROCESS-2_rec__301,0,2,0,0.24903830031718585,2,0,0.2513334013931678,2,0,0.27549985321267395,2,0,0.21136871270794497,2,0,0.24743636085172666
PROCESS-2_rec__302,0,5,0,0.3057245104725867,5,1,0.5193276010741797,5,0,0.4472906763405677,5,0,0.3701314613536022,5,0,0.3086369306961486
PROCESS-2_rec__303,1,2,0,0.20144176748924988,2,0,0.17286184976227842,2,0,0.44308800392417663,2,0,0.3626541104754847,2,0,0.36727122968477777
PROCESS-2_rec__304,0,4,1,0.5015882360593676,4,0,0.2579422516709039,4,0,0.1347648361259962,4,0,0.1589941807522497,4,0,0.16801266835900233
PROCESS-2_rec__305,0,4,0,0.2852043509471087,4,0,0.4613723324702391,4,0,0.36439334361717485,4,0,0.4385871186554519,4,0,0.42942785325799326
PROCESS-2_rec__306,1,4,0,0.19979974276158569,4,0,0.13957905227070516,4,0,0.10396554489090087,4,0,0.19356927834165885,4,0,0.4715843081752464
PROCESS-2_rec__307,0,4,0,0.0889911112475647,4,0,0.19216217372676597,4,0,0.24905024677639345,4,0,0.3000332980902925,4,0,0.17375057209039002
PROCESS-2_rec__308,0,3,0,0.4746965023599335,3,0,0.47078887628486976,3,0,0.4198863105357992,3,0,0.3841918688012965,3,1,0.5025793603308274
PROCESS-2_rec__309,1,5,0,0.4582733454406075,5,1,0.5551492930479951,5,0,0.47711147075409427,5,0,0.4866015226408512,5,1,0.5215437160115969
PROCESS-2_rec__310,0,3,1,0.7256190802858925,3,1,0.6677064349485105,3,1,0.5739484706295114,3,0,0.46931961944391637,3,0,0.3715207854257513
PROCESS-2_rec__311,0,4,1,0.5964814539253179,4,1,0.7541566904488465,4,1,0.9897999698729373,4,1,0.9820331664345363,4,1,0.9819800982387975
PROCESS-2_rec__312,0,5,0,0.2891313943247111,5,0,0.39787175149665643,5,0,0.4681938770410689,5,0,0.4217172281344193,5,0,0.36333079332052637
PROCESS-2_rec__313,0,1,1,0.910767379662642,1,1,0.7409433610444,1,1,0.7082324151592995,1,1,0.731876719453018,1,1,0.8962841634527796
PROCESS-2_rec__314,0,3,1,0.5510055673682855,3,1,0.561741472532244,3,1,0.6992412692667181,3,1,0.6245364709233551,3,1,0.5129687571158357
PROCESS-2_rec__315,0,4,0,0.20270292513357913,4,0,0.18041375812536165,4,1,0.5667965149805806,4,0,0.45508201664106157,4,0,0.29018312613633973
PROCESS-2_rec__316,0,1,0,0.20319987869348732,1,0,0.2158939873831225,1,0,0.22872063589728286,1,0,0.22724638641722525,1,0,0.1716779281838394
PROCESS-2_rec__317,0,3,0,0.028671462027120412,3,0,0.08662686177313805,3,0,0.18489787357911103,3,0,0.22405545352787334,3,0,0.17932425437016053
PROCESS-2_rec__318,1,1,1,0.9641722594085121,1,1,0.7525866619129918,1,1,0.807700746940486,1,1,0.8618133022656396,1,1,0.8592391885546733
PROCESS-2_rec__319,1,5,1,0.8558243161763498,5,1,0.7753069966222238,5,1,0.6530137660295116,5,1,0.6213836993673562,5,1,0.7126721021921799
PROCESS-2_rec__320,0,4,0,0.12437376883987385,4,0,0.17792254608281022,4,0,0.17271662693332096,4,0,0.18050948447995513,4,0,0.09750763190997615
