comparison,minuend_representation,subtrahend_representation,fold,f1_delta
ASR vs compatible manual,ASR_LINGUISTIC,MANUAL_ASR_COMPATIBLE,1,0.021505376344086002
ASR vs compatible manual,ASR_LINGUISTIC,MANUAL_ASR_COMPATIBLE,2,-0.0008928571428571397
ASR vs compatible manual,ASR_LINGUISTIC,MANUAL_ASR_COMPATIBLE,3,-0.026903416733925156
ASR vs compatible manual,ASR_LINGUISTIC,MANUAL_ASR_COMPATIBLE,4,-0.08186760473297094
ASR vs compatible manual,ASR_LINGUISTIC,MANUAL_ASR_COMPATIBLE,5,0.0244512364545707
+ speech rate,ASR_LINGUISTIC_PLUS_RATE,ASR_LINGUISTIC,1,-0.031746031746031744
+ speech rate,ASR_LINGUISTIC_PLUS_RATE,ASR_LINGUISTIC,2,0.02116935483870963
+ speech rate,ASR_LINGUISTIC_PLUS_RATE,ASR_LINGUISTIC,3,0.009935710111046103
+ speech rate,ASR_LINGUISTIC_PLUS_RATE,ASR_LINGUISTIC,4,0.0074123989218328745
+ speech rate,ASR_LINGUISTIC_PLUS_RATE,ASR_LINGUISTIC,5,0.020903954802259928
+ pure acoustic,DEPLOYMENT_MULTIMODAL,ASR_LINGUISTIC_PLUS_RATE,1,-0.06349206349206349
+ pure acoustic,DEPLOYMENT_MULTIMODAL,ASR_LINGUISTIC_PLUS_RATE,2,-0.04408602150537633
+ pure acoustic,DEPLOYMENT_MULTIMODAL,ASR_LINGUISTIC_PLUS_RATE,3,0.02917771883289133
+ pure acoustic,DEPLOYMENT_MULTIMODAL,ASR_LINGUISTIC_PLUS_RATE,4,0.003968253968253954
+ pure acoustic,DEPLOYMENT_MULTIMODAL,ASR_LINGUISTIC_PLUS_RATE,5,-0.04791666666666672
Deployment multimodal vs ASR linguistic,DEPLOYMENT_MULTIMODAL,ASR_LINGUISTIC,1,-0.09523809523809523
Deployment multimodal vs ASR linguistic,DEPLOYMENT_MULTIMODAL,ASR_LINGUISTIC,2,-0.022916666666666696
Deployment multimodal vs ASR linguistic,DEPLOYMENT_MULTIMODAL,ASR_LINGUISTIC,3,0.039113428943937434
Deployment multimodal vs ASR linguistic,DEPLOYMENT_MULTIMODAL,ASR_LINGUISTIC,4,0.011380652890086829
Deployment multimodal vs ASR linguistic,DEPLOYMENT_MULTIMODAL,ASR_LINGUISTIC,5,-0.02701271186440679
Deployment multimodal vs manual full,DEPLOYMENT_MULTIMODAL,MANUAL_FULL,1,-0.11709601873536302
Deployment multimodal vs manual full,DEPLOYMENT_MULTIMODAL,MANUAL_FULL,2,-0.022916666666666696
Deployment multimodal vs manual full,DEPLOYMENT_MULTIMODAL,MANUAL_FULL,3,-0.06203473945409421
Deployment multimodal vs manual full,DEPLOYMENT_MULTIMODAL,MANUAL_FULL,4,-0.044932844932844995
Deployment multimodal vs manual full,DEPLOYMENT_MULTIMODAL,MANUAL_FULL,5,-0.04315476190476186
