representation,fold,C,inner_f1
MANUAL_FULL,1,0.1,0.6853377323683837
MANUAL_FULL,2,0.1,0.6610326629582085
MANUAL_FULL,3,1.0,0.6624810149200394
MANUAL_FULL,4,0.1,0.692114336558781
MANUAL_FULL,5,1.0,0.6405525846702317
MANUAL_ASR_COMPATIBLE,1,0.1,0.6831169366109124
MANUAL_ASR_COMPATIBLE,2,1.0,0.6445132438940487
MANUAL_ASR_COMPATIBLE,3,0.1,0.6791582543118633
MANUAL_ASR_COMPATIBLE,4,0.1,0.6597524881133342
MANUAL_ASR_COMPATIBLE,5,0.1,0.6269651401230348
ASR_LINGUISTIC,1,1.0,0.7078754578754579
ASR_LINGUISTIC,2,10.0,0.6186678818257766
ASR_LINGUISTIC,3,0.1,0.6192228553339665
ASR_LINGUISTIC,4,1.0,0.684652084008072
ASR_LINGUISTIC,5,1.0,0.6144305307096004
ASR_LINGUISTIC_PLUS_RATE,1,0.1,0.6895154661589942
ASR_LINGUISTIC_PLUS_RATE,2,1.0,0.6094033356824055
ASR_LINGUISTIC_PLUS_RATE,3,0.1,0.6311352002408913
ASR_LINGUISTIC_PLUS_RATE,4,0.1,0.672844658462636
ASR_LINGUISTIC_PLUS_RATE,5,0.1,0.6113960113960114
DEPLOYMENT_MULTIMODAL,1,0.1,0.6651126651126651
DEPLOYMENT_MULTIMODAL,2,1.0,0.5907553659614535
DEPLOYMENT_MULTIMODAL,3,0.1,0.602880658436214
DEPLOYMENT_MULTIMODAL,4,0.1,0.6558490262294242
DEPLOYMENT_MULTIMODAL,5,0.1,0.5698819698819698
