participant_id,true_label,asr_rate_fold,asr_rate_prediction,asr_rate_score,ctd_acoustic_fold,ctd_acoustic_prediction,ctd_acoustic_score,asr_rate_plus_ctd_fold,asr_rate_plus_ctd_prediction,asr_rate_plus_ctd_score,late_fusion_asr_ctd_fold,late_fusion_asr_ctd_prediction,late_fusion_asr_ctd_score,late_fusion_asr_ctd_asr_rate_probability,late_fusion_asr_ctd_ctd_acoustic_probability
PROCESS-2_rec__001,0,4,0,0.47701126400724175,4,1,0.528242773853626,4,0,0.49567429170294575,4,0,0.4821344149918802,0.47701126400724175,0.528242773853626
PROCESS-2_rec__002,0,4,1,0.7361129860631647,4,1,0.8639883024432952,4,1,0.8452053292473615,4,1,0.7489005177011777,0.7361129860631647,0.8639883024432952
PROCESS-2_rec__003,1,1,0,0.4151290132854003,1,0,0.4172690865565556,1,0,0.43810411516930564,1,0,0.4331635365240043,0.4535568183294849,0.3855792123112164
PROCESS-2_rec__004,0,5,1,0.5551288541697121,5,1,0.6778197586087098,5,1,0.6381221083646029,5,1,0.6140106657523271,0.5551288541697121,0.7514015594450953
PROCESS-2_rec__005,0,2,0,0.03295988550900233,2,0,0.40631844669923106,2,1,0.7017652045402862,2,0,0.14496745386607096,0.03295988550900233,0.40631844669923106
PROCESS-2_rec__006,1,5,1,0.8705204492129448,5,1,0.6158037979535391,5,1,0.8876095778205998,5,1,0.7445732975047487,0.8705204492129448,0.4506966101856243
PROCESS-2_rec__007,1,4,1,0.5048454977888831,4,1,0.5144929318544292,4,1,0.6080907148621472,4,1,0.5058102411954377,0.5048454977888831,0.5144929318544292
PROCESS-2_rec__008,1,3,0,0.44551444249297695,3,0,0.4522390341530336,3,0,0.4020504034925831,3,0,0.4468593608249883,0.44551444249297695,0.4522390341530336
PROCESS-2_rec__009,1,2,0,0.4778251853921453,2,0,0.45574350297941724,2,0,0.2637485195957228,2,0,0.4712006806683269,0.4778251853921453,0.45574350297941724
PROCESS-2_rec__010,1,1,0,0.341840828236245,1,0,0.47727719923167133,1,0,0.3367847983145366,1,0,0.3520999161495645,0.28808213838928515,0.5014747309235495
PROCESS-2_rec__011,1,4,1,0.8589291447328237,4,1,0.8207189438753286,4,1,0.9175345467640921,4,1,0.8551081246470741,0.8589291447328237,0.8207189438753286
PROCESS-2_rec__012,1,5,1,0.7302812300829334,5,1,0.7543257877523749,5,1,0.7796388398227366,5,1,0.7558690720788492,0.7302812300829334,0.8155740367359862
PROCESS-2_rec__013,0,3,0,0.24140207230147862,3,0,0.22315974211316822,3,0,0.21288228427733333,3,0,0.23775360626381653,0.24140207230147862,0.22315974211316822
PROCESS-2_rec__014,0,1,0,0.16213967318289563,1,0,0.1721538885531951,1,0,0.10434509177918755,1,0,0.1280958160184739,0.14642792010362535,0.0853209064864538
PROCESS-2_rec__015,0,4,1,0.5689021996414264,4,1,0.7045963950732107,4,1,0.6285294038695798,4,1,0.5824716191846048,0.5689021996414264,0.7045963950732107
PROCESS-2_rec__016,1,1,1,0.560064344033186,1,1,0.8113111253817609,1,1,0.6903367434378981,1,1,0.6502566762997726,0.5436407759227491,0.8990271105128274
PROCESS-2_rec__017,0,2,0,0.3710029776452314,2,1,0.5927133399401454,2,0,0.48063206854044055,2,0,0.43751608633370564,0.3710029776452314,0.5927133399401454
PROCESS-2_rec__018,1,2,1,0.9776335742511659,2,1,0.937491575136675,2,1,0.9781941323577267,2,1,0.9655909745168186,0.9776335742511659,0.937491575136675
PROCESS-2_rec__019,1,1,0,0.4020828234946538,1,0,0.4265615366510447,1,0,0.38379362005810846,1,0,0.4908776513301921,0.5683575834172192,0.310091143127129
PROCESS-2_rec__020,0,4,0,0.38523262063534247,4,1,0.5586319915409064,4,1,0.5414516836288114,4,0,0.40257255772589884,0.38523262063534247,0.5586319915409064
PROCESS-2_rec__021,0,5,0,0.26033428104927,5,0,0.44069070321656795,5,0,0.2036585894603867,5,0,0.3002621861083292,0.26033428104927,0.39342729791280084
PROCESS-2_rec__022,0,1,0,0.4254847305340068,1,0,0.2481282459983611,1,0,0.3117054033830266,1,0,0.3816075807440061,0.4338541954687434,0.25969881305295245
PROCESS-2_rec__023,1,4,1,0.5509462641475525,4,1,0.5146037692218723,4,1,0.5220684299779106,4,1,0.5473120146549845,0.5509462641475525,0.5146037692218723
PROCESS-2_rec__024,1,2,0,0.4585963963389601,2,0,0.3609504018644062,2,0,0.39530462496991653,2,0,0.4293025979965939,0.4585963963389601,0.3609504018644062
PROCESS-2_rec__025,1,2,1,0.9140420794038614,2,1,0.6463271744805625,2,1,0.7363026672086859,2,1,0.8337276079268718,0.9140420794038614,0.6463271744805625
PROCESS-2_rec__026,1,4,0,0.43221345626866287,4,1,0.6452773778485609,4,1,0.5584677659210598,4,0,0.4535198484266526,0.43221345626866287,0.6452773778485609
PROCESS-2_rec__027,0,3,0,0.25196650729275777,3,0,0.42386949864584206,3,0,0.22336727967889874,3,0,0.2863471055633746,0.25196650729275777,0.42386949864584206
PROCESS-2_rec__028,0,1,1,0.5438657746780671,1,1,0.694020715348207,1,1,0.5192033839965075,1,1,0.6551085981702384,0.6312570882903384,0.7107621212233382
PROCESS-2_rec__029,1,2,1,0.9180254478260819,2,1,0.8042644685210318,2,1,0.7856415058349215,2,1,0.8838971540345669,0.9180254478260819,0.8042644685210318
PROCESS-2_rec__030,1,4,1,0.9680346925670009,4,1,0.6314125237400545,4,1,0.9849792267878634,4,1,0.9343724756843064,0.9680346925670009,0.6314125237400545
PROCESS-2_rec__031,0,3,1,0.7712464214289015,3,1,0.7241041266626802,3,1,0.818628989674797,3,1,0.7618179624756574,0.7712464214289015,0.7241041266626802
PROCESS-2_rec__032,0,1,0,0.38662597779606045,1,0,0.38613622138846565,1,0,0.36542038204061295,1,0,0.377708339053513,0.3999294333151898,0.3258591191096002
PROCESS-2_rec__033,0,1,1,0.6545489282306466,1,0,0.431731986910348,1,1,0.6726496343452204,1,1,0.5481334375340947,0.6213078691023501,0.37739309720816544
PROCESS-2_rec__034,0,5,0,0.3956181469067275,5,1,0.5514411746527591,5,0,0.4158425708482732,5,0,0.45199840258838275,0.3956181469067275,0.5835523325122449
PROCESS-2_rec__035,0,5,0,0.49453245024813214,5,1,0.5395413917021374,5,1,0.5434234638895519,5,1,0.5112316693160439,0.49453245024813214,0.5501965138078383
PROCESS-2_rec__036,1,4,0,0.23808982424204134,4,1,0.5494962119363874,4,0,0.3275321660783562,4,0,0.26923046301147596,0.23808982424204134,0.5494962119363874
PROCESS-2_rec__037,0,4,0,0.46761401045057016,4,1,0.707949252891279,4,1,0.6045445172931073,4,0,0.49164753469464106,0.46761401045057016,0.707949252891279
PROCESS-2_rec__038,0,1,0,0.4388927189017498,1,0,0.49981079465866063,1,0,0.37819300263292394,1,0,0.4360753682745512,0.4325460899094505,0.44431035112645284
PROCESS-2_rec__039,1,2,0,0.3313796588442181,2,0,0.286803906394518,2,0,0.3280863061859922,2,0,0.31800693310930805,0.3313796588442181,0.286803906394518
PROCESS-2_rec__040,0,3,0,0.3353837179737067,3,1,0.5341105252040659,3,0,0.42060755349768497,3,0,0.3751290794197785,0.3353837179737067,0.5341105252040659
PROCESS-2_rec__041,0,1,1,0.5880870572618071,1,0,0.21707427047994923,1,0,0.4750560049306852,1,0,0.4549014411221171,0.5691942842455849,0.18821814050069213
PROCESS-2_rec__042,0,1,0,0.3436566440151957,1,0,0.4625672046704643,1,0,0.2735688781971421,1,0,0.37963929291513804,0.3445196453710823,0.4615851371846014
PROCESS-2_rec__043,1,5,0,0.23021452655709748,5,0,0.4371935060084502,5,0,0.24945324643702707,5,0,0.2785066748846022,0.23021452655709748,0.3911883543154464
PROCESS-2_rec__044,1,5,1,0.5819079648049177,5,1,0.5919911052930129,5,1,0.6210640965565626,5,1,0.602960212596328,0.5819079648049177,0.652082124109619
PROCESS-2_rec__045,1,1,1,0.6938515411017929,1,1,0.7816867027105927,1,1,0.7998478319936463,1,1,0.7013346885904305,0.6395651407532374,0.8454636335438808
PROCESS-2_rec__046,0,1,0,0.45943472747420655,1,0,0.430358587329895,1,0,0.3647864048326871,1,0,0.4365081555078444,0.4276640403937597,0.4571444241073753
PROCESS-2_rec__047,0,1,0,0.19090816648440134,1,0,0.3369062890595969,1,0,0.1584695948245798,1,0,0.17981986207161074,0.13583271966973748,0.2824565276759817
PROCESS-2_rec__048,1,1,0,0.42578658003184583,1,0,0.4982693525632135,1,0,0.3987889193167444,1,0,0.35680520753121603,0.36006304727121374,0.3492035814712214
PROCESS-2_rec__049,0,5,0,0.4286630615227083,5,0,0.37461164197323893,5,0,0.39365802266187605,5,0,0.407458002831691,0.4286630615227083,0.3579795325526505
PROCESS-2_rec__050,0,4,0,0.34933138715286643,4,0,0.14165696983500425,4,0,0.1900001353986364,4,0,0.3285639454210802,0.34933138715286643,0.14165696983500425
PROCESS-2_rec__051,1,1,0,0.41777547528676323,1,0,0.43626689134172275,1,0,0.3451832887782007,1,0,0.34886469711198553,0.33236474304559244,0.3873645899335693
PROCESS-2_rec__052,0,2,1,0.8914975473068567,2,1,0.64048490857237,2,1,0.8890079027563047,2,1,0.8161937556865106,0.8914975473068567,0.64048490857237
PROCESS-2_rec__053,1,5,1,0.5197074379927508,5,0,0.4825831163815293,5,1,0.5358811187820501,5,1,0.5068205991305083,0.5197074379927508,0.47675130845194236
PROCESS-2_rec__054,1,3,1,0.8312130789807288,3,0,0.3905044883161647,3,1,0.8255175572714061,3,1,0.743071360847816,0.8312130789807288,0.3905044883161647
PROCESS-2_rec__055,0,5,0,0.30941968514393825,5,0,0.31325244683581055,5,0,0.309834210305931,5,0,0.3253783631844077,0.30941968514393825,0.3626152786121697
PROCESS-2_rec__056,0,4,1,0.6047697400847887,4,1,0.5123212207404002,4,1,0.6980285369608945,4,1,0.5955248881503499,0.6047697400847887,0.5123212207404002
PROCESS-2_rec__057,1,1,0,0.37487666950616194,1,0,0.4128570941688201,1,0,0.3306441454343789,1,0,0.44972347240397015,0.45814762084355304,0.4300671260449435
PROCESS-2_rec__058,0,5,0,0.22857461928087205,5,0,0.499870228835653,5,0,0.279575056022228,5,0,0.3050049462030422,0.22857461928087205,0.4833423756881057
PROCESS-2_rec__059,1,3,1,0.7341333237096143,3,0,0.3919384495144912,3,1,0.6544052187240379,3,1,0.6656943488705896,0.7341333237096143,0.3919384495144912
PROCESS-2_rec__060,0,3,1,0.7986012591956588,3,1,0.6612698988350846,3,1,0.8168293372543917,3,1,0.771134987123544,0.7986012591956588,0.6612698988350846
PROCESS-2_rec__061,1,4,0,0.23932489550097005,4,0,0.3194612919041606,4,0,0.14941715243404619,4,0,0.24733853514128912,0.23932489550097005,0.3194612919041606
PROCESS-2_rec__062,1,4,0,0.4432053905731094,4,0,0.3300768006972124,4,0,0.3591583689639407,4,0,0.4318925315855197,0.4432053905731094,0.3300768006972124
PROCESS-2_rec__063,0,2,0,0.1683553392168265,2,0,0.4441587125950734,2,0,0.3112843238848124,2,0,0.2510963512303006,0.1683553392168265,0.4441587125950734
PROCESS-2_rec__064,0,4,0,0.31757045384514176,4,0,0.41751127343210986,4,0,0.32165247743318226,4,0,0.32756453580383854,0.31757045384514176,0.41751127343210986
PROCESS-2_rec__065,1,5,1,0.8448174927710664,5,1,0.7263337197733253,5,1,0.8922678996132156,5,1,0.8295171508660593,0.8448174927710664,0.7938163530877091
PROCESS-2_rec__066,0,1,1,0.7509879560968692,1,1,0.596022718157226,1,1,0.7407546483705807,1,1,0.7346080493498064,0.7979654926260922,0.5867740150384728
PROCESS-2_rec__067,1,1,1,0.6752147133201555,1,1,0.5332000304501011,1,1,0.6269687645961147,1,1,0.7256241469947333,0.8096100930035472,0.529656939640834
PROCESS-2_rec__068,0,4,0,0.3756518250354001,4,0,0.31839014870133453,4,0,0.2608703436279925,4,0,0.36992565740199357,0.3756518250354001,0.31839014870133453
PROCESS-2_rec__069,0,2,0,0.19686576299112094,2,0,0.45048787197154955,2,0,0.2195739950335797,2,0,0.27295239568524954,0.19686576299112094,0.45048787197154955
PROCESS-2_rec__070,1,3,0,0.46112494875049626,3,1,0.5360047968155762,3,1,0.5102052438046778,3,0,0.4761009183635122,0.46112494875049626,0.5360047968155762
PROCESS-2_rec__071,0,2,1,0.7579529304913203,2,0,0.47393482242449625,2,1,0.6688479584656531,2,1,0.672747498071273,0.7579529304913203,0.47393482242449625
PROCESS-2_rec__072,1,2,1,0.7670622758143772,2,0,0.1680902833309156,2,0,0.4947730222991162,2,1,0.5873706780693387,0.7670622758143772,0.1680902833309156
PROCESS-2_rec__073,1,1,1,0.7445987612337804,1,1,0.5980706742846127,1,1,0.7685385046258801,1,1,0.7072832850713512,0.7354474932127582,0.6415667994080682
PROCESS-2_rec__074,0,3,0,0.2717459594390582,3,0,0.19913390370517703,3,0,0.201141930661468,3,0,0.257223548292282,0.2717459594390582,0.19913390370517703
PROCESS-2_rec__075,1,1,1,0.5470059998685549,1,1,0.6709625674133701,1,1,0.6707595869870017,1,1,0.5419179140339558,0.47630492173946337,0.6950148960544381
PROCESS-2_rec__076,0,3,0,0.20735801168469065,3,0,0.46279680404115425,3,0,0.23534381681360209,3,0,0.25844577015598336,0.20735801168469065,0.46279680404115425
PROCESS-2_rec__077,1,3,0,0.49690763593719367,3,0,0.4727885514033581,3,1,0.504022664227322,3,0,0.4920838190304266,0.49690763593719367,0.4727885514033581
PROCESS-2_rec__078,0,1,0,0.29262106563785883,1,0,0.4038909075349504,1,0,0.29536624203109235,1,0,0.24837791800693726,0.2053035514823108,0.3488847732310656
PROCESS-2_rec__079,0,5,0,0.1449241433391656,5,0,0.43277813425294065,5,0,0.12167345224880528,5,0,0.22327046218109983,0.1449241433391656,0.40607853947894634
PROCESS-2_rec__080,1,3,0,0.30455121834119986,3,1,0.5224001557995755,3,0,0.3040520639491778,3,0,0.348121005832875,0.30455121834119986,0.5224001557995755
PROCESS-2_rec__081,1,1,0,0.48934321887685034,1,0,0.33106300893833507,1,0,0.39116132590425223,1,0,0.40843360968364767,0.46678130400887036,0.27228898959146147
PROCESS-2_rec__082,1,2,1,0.8877811388439981,2,0,0.2538020674076737,2,1,0.7198429415962065,2,1,0.6975874174131007,0.8877811388439981,0.2538020674076737
PROCESS-2_rec__083,0,3,0,0.3731722803708609,3,1,0.5010924058574613,3,0,0.2762770087822529,3,0,0.39875630546818097,0.3731722803708609,0.5010924058574613
PROCESS-2_rec__084,1,3,1,0.8718797388458107,3,1,0.8851104956581158,3,1,0.8820805221787356,3,1,0.8745258902082718,0.8718797388458107,0.8851104956581158
PROCESS-2_rec__085,0,4,1,0.8822648410490275,4,1,0.6237170018523696,4,1,0.9114657523386356,4,1,0.8564100571293617,0.8822648410490275,0.6237170018523696
PROCESS-2_rec__086,1,3,1,0.5636612592071503,3,1,0.7654980401611007,3,1,0.7073275140749817,3,1,0.6040286153979404,0.5636612592071503,0.7654980401611007
PROCESS-2_rec__087,0,5,0,0.3564192078902051,5,0,0.4336855114410095,5,0,0.36776282577151115,5,0,0.3720841924567069,0.3564192078902051,0.4086358231118778
PROCESS-2_rec__088,1,5,1,0.5684462656257421,5,0,0.4281693143811244,5,1,0.6190261231851236,5,1,0.5342529427791817,0.5684462656257421,0.45446852280387406
PROCESS-2_rec__089,1,4,1,0.7531082997633229,4,1,0.7087871415137921,4,1,0.7387542618292191,4,1,0.7486761839383698,0.7531082997633229,0.7087871415137921
PROCESS-2_rec__090,0,2,1,0.6003103572426518,2,0,0.3787950511143434,2,0,0.454563544836177,2,1,0.5338557654041592,0.6003103572426518,0.3787950511143434
PROCESS-2_rec__091,0,3,0,0.49823571733408667,3,0,0.4428137667921208,3,1,0.5242998751541562,3,0,0.48715132722569354,0.49823571733408667,0.4428137667921208
PROCESS-2_rec__092,1,1,1,0.6046549993725958,1,0,0.3731541579399989,1,1,0.6098897224755202,1,1,0.5861488497159185,0.6884956915299074,0.3473395521499444
PROCESS-2_rec__093,0,1,1,0.5178679504424353,1,1,0.5594508825399799,1,1,0.5604751530209021,1,1,0.5078627911562255,0.4675247222219513,0.6019849520028651
PROCESS-2_rec__094,1,4,1,0.5819871527531635,4,0,0.25648700563795734,4,0,0.4481132397693468,4,1,0.549437138041643,0.5819871527531635,0.25648700563795734
PROCESS-2_rec__095,0,5,0,0.16925823366199463,5,0,0.3844499448815499,5,0,0.21488771690568978,5,0,0.22036929107339803,0.16925823366199463,0.33962842503333923
PROCESS-2_rec__096,0,3,0,0.4873273067957387,3,0,0.4856717182602175,3,1,0.593086825048814,3,0,0.48699618908863446,0.4873273067957387,0.4856717182602175
PROCESS-2_rec__097,0,4,0,0.0038146099208024365,4,0,0.4615168117102863,4,0,0.0023501641338096796,4,0,0.049584830099750815,0.0038146099208024365,0.4615168117102863
PROCESS-2_rec__098,1,2,0,0.21642016324240146,2,0,0.3857007841642854,2,0,0.27926441068684765,2,0,0.26720434951896666,0.21642016324240146,0.3857007841642854
PROCESS-2_rec__099,1,3,0,0.3847767330428573,3,0,0.47239469868447337,3,0,0.3909287350853256,3,0,0.4023003261711805,0.3847767330428573,0.47239469868447337
PROCESS-2_rec__100,0,1,1,0.7891752437254446,1,1,0.8321504401022709,1,1,0.834680821408242,1,1,0.85169852006982,0.8466902099303222,0.8633845770619818
PROCESS-2_rec__101,1,4,1,0.8434285299107297,4,1,0.5496024917141015,4,1,0.8706609839383717,4,1,0.814045926091067,0.8434285299107297,0.5496024917141015
PROCESS-2_rec__102,0,3,1,0.7802626477461366,3,1,0.7866770661296816,3,1,0.7913438294127223,3,1,0.7815455314228456,0.7802626477461366,0.7866770661296816
PROCESS-2_rec__103,0,3,1,0.5148417119905194,3,1,0.7399771370627081,3,1,0.7095366702237793,3,1,0.5598687970049572,0.5148417119905194,0.7399771370627081
PROCESS-2_rec__104,0,1,0,0.1448795561515034,1,0,0.3369732912780168,1,0,0.09166054658062768,1,0,0.1675189135631352,0.09113213319590287,0.34575473442001065
PROCESS-2_rec__105,0,1,0,0.33732658795696474,1,0,0.3786046089586975,1,0,0.3145935945198984,1,0,0.32528386376304746,0.2974345606979451,0.390265570914953
PROCESS-2_rec__106,1,3,1,0.7349487410734195,3,0,0.4961021511638823,3,1,0.7444067448737364,3,1,0.687179423091512,0.7349487410734195,0.4961021511638823
PROCESS-2_rec__107,0,3,0,0.1450769837076299,3,0,0.19445215008201566,3,0,0.08626578291141061,3,0,0.15495201698250705,0.1450769837076299,0.19445215008201566
PROCESS-2_rec__108,0,5,0,0.2696063482315009,5,0,0.4212444796059046,5,0,0.24564295309442818,5,0,0.3145847936877306,0.2696063482315009,0.41953449975226653
PROCESS-2_rec__109,0,4,0,0.4178369581011527,4,1,0.52385235178462,4,0,0.39501610246857427,4,0,0.4284384974694994,0.4178369581011527,0.52385235178462
PROCESS-2_rec__110,1,3,0,0.2895459995904697,3,0,0.36755706793837023,3,0,0.23824738388397723,3,0,0.3051482132600498,0.2895459995904697,0.36755706793837023
PROCESS-2_rec__111,1,4,1,0.9550795481669969,4,0,0.45742482082715286,4,1,0.9358648502337984,4,1,0.9053140754330125,0.9550795481669969,0.45742482082715286
PROCESS-2_rec__112,0,2,1,0.9890392554007064,2,1,0.5052256369390774,2,1,0.9547147958838345,2,1,0.8438951698622177,0.9890392554007064,0.5052256369390774
PROCESS-2_rec__113,1,2,1,0.867818345746125,2,0,0.3564747819307479,2,1,0.7538758678884304,2,1,0.7144152766015118,0.867818345746125,0.3564747819307479
PROCESS-2_rec__114,0,1,1,0.5462723202502741,1,0,0.396483660167809,1,0,0.4865533071899862,1,0,0.47088490199689015,0.5182687010969991,0.3603227040966361
PROCESS-2_rec__115,1,3,0,1.293823127942776e-05,3,1,0.7954163459227396,3,0,8.298007030983969e-06,3,0,0.15909361976957143,1.293823127942776e-05,0.7954163459227396
PROCESS-2_rec__116,1,2,0,0.48738154802912853,2,0,0.3521194650642321,2,0,0.44189473777989113,2,0,0.4468029231396596,0.48738154802912853,0.3521194650642321
PROCESS-2_rec__117,0,5,0,0.4590646068163386,5,0,0.39325282329480177,5,0,0.36688699027103827,5,0,0.4300725224124632,0.4590646068163386,0.3624243254700872
PROCESS-2_rec__118,1,2,1,0.7559898634472932,2,0,0.484769971131738,2,1,0.726676733796729,2,1,0.6746238957526266,0.7559898634472932,0.484769971131738
PROCESS-2_rec__119,1,1,1,0.802947185259024,1,1,0.7392398236324581,1,1,0.8570436963384098,1,1,0.8808154566762844,0.9154711917364828,0.7999520748691544
PROCESS-2_rec__120,0,2,0,0.3564672669950593,2,0,0.3893942216097007,2,0,0.2675369832530745,2,0,0.36634535337945173,0.3564672669950593,0.3893942216097007
PROCESS-2_rec__121,0,4,0,0.21802178253178478,4,0,0.4473174537691731,4,0,0.21517544445989228,4,0,0.2409513496555236,0.21802178253178478,0.4473174537691731
PROCESS-2_rec__122,1,4,1,0.9520616915765063,4,1,0.7758435239863727,4,1,0.968585668551595,4,1,0.934439874817493,0.9520616915765063,0.7758435239863727
PROCESS-2_rec__123,1,4,0,0.2505167188326275,4,0,0.22040901397665977,4,0,0.1532229233345757,4,0,0.2475059483470307,0.2505167188326275,0.22040901397665977
PROCESS-2_rec__124,0,5,1,0.5159250765427379,5,0,0.45946819253393384,5,0,0.46442248062026864,5,0,0.487644998118997,0.5159250765427379,0.42165814846360156
PROCESS-2_rec__125,0,3,1,0.707950843289392,3,1,0.723411213774604,3,1,0.8003659967029968,3,1,0.7110429173864344,0.707950843289392,0.723411213774604
PROCESS-2_rec__126,0,1,0,0.2375529204292328,1,0,0.31323072600824237,1,0,0.15658391943699074,1,0,0.2147196445617546,0.17440632045402282,0.3087840674797954
PROCESS-2_rec__127,1,2,0,0.4193791513409133,2,1,0.638314524592665,2,0,0.42628672491507497,2,0,0.48505976331643885,0.4193791513409133,0.638314524592665
PROCESS-2_rec__128,1,1,0,0.33679260569290875,1,1,0.6803115342807943,1,1,0.563455447115359,1,0,0.43451076614801415,0.3227867988729673,0.6952000231231233
PROCESS-2_rec__129,1,5,0,0.3363795376705925,5,0,0.4537947327640431,5,0,0.36351586843797584,5,0,0.3750474964256585,0.3363795376705925,0.4652727335208125
PROCESS-2_rec__130,0,3,0,0.28357068255597134,3,0,0.21496490034245547,3,0,0.15745439444567738,3,0,0.2698495261132682,0.28357068255597134,0.21496490034245547
PROCESS-2_rec__131,0,4,0,0.1988906456482606,4,0,0.3453204535670592,4,0,0.16719102499728958,4,0,0.21353362644014046,0.1988906456482606,0.3453204535670592
PROCESS-2_rec__132,1,5,1,0.9611122185202805,5,1,0.9406385037662559,5,1,0.9895079884465348,5,1,0.9487991131881659,0.9611122185202805,0.9200685340798987
PROCESS-2_rec__133,0,1,0,0.4746380035345534,1,1,0.6079875091670652,1,0,0.4520444708316919,1,1,0.5995059364188894,0.556281717564999,0.7003624470779668
PROCESS-2_rec__134,1,2,1,0.6824824849806717,2,1,0.5952170187427746,2,1,0.6924030742088252,2,1,0.6563028451093025,0.6824824849806717,0.5952170187427746
PROCESS-2_rec__135,0,4,0,0.13935951318716405,4,0,0.3441613520198778,4,0,0.12048790723181332,4,0,0.15983969707043544,0.13935951318716405,0.3441613520198778
PROCESS-2_rec__136,1,3,1,0.9004965323903573,3,1,0.5814697401582343,3,1,0.8924423480716751,3,1,0.8366911739439328,0.9004965323903573,0.5814697401582343
PROCESS-2_rec__137,1,4,1,0.7580789959481036,4,0,0.283318917212686,4,1,0.6171272582341589,4,1,0.7106029880745618,0.7580789959481036,0.283318917212686
PROCESS-2_rec__138,1,2,1,0.5030126901433556,2,0,0.3958905771877062,2,0,0.4059928112350458,2,0,0.47087605625666074,0.5030126901433556,0.3958905771877062
PROCESS-2_rec__139,1,3,0,0.46389924937498395,3,1,0.6201023841112727,3,1,0.6491848587174914,3,0,0.4951398763222417,0.46389924937498395,0.6201023841112727
PROCESS-2_rec__140,0,4,0,0.44126982504644124,4,1,0.6300609819247321,4,1,0.5174260646687746,4,0,0.4601489407342703,0.44126982504644124,0.6300609819247321
PROCESS-2_rec__141,0,3,1,0.5500354316564756,3,0,0.36882444773678413,3,0,0.49427715261923405,3,1,0.5137932348725374,0.5500354316564756,0.36882444773678413
PROCESS-2_rec__142,0,2,0,0.49217353070889697,2,0,0.31711591281385604,2,0,0.42097759456867756,2,0,0.43965624534038467,0.49217353070889697,0.31711591281385604
PROCESS-2_rec__143,1,1,1,0.775146273160401,1,0,0.46494597800595466,1,1,0.7302673085883696,1,1,0.6967832578449122,0.8065048042456726,0.44076631624313806
PROCESS-2_rec__144,1,2,1,0.6257901732925466,2,1,0.6239686767375223,2,1,0.752936146013958,2,1,0.6252437243260394,0.6257901732925466,0.6239686767375223
PROCESS-2_rec__145,1,1,1,0.9801309364124011,1,1,0.7751804510903305,1,1,0.9870384568166182,1,1,0.9643782131248655,0.996636350814617,0.8891092251821118
PROCESS-2_rec__146,1,1,1,0.9075053600032927,1,1,0.7090372336460155,1,1,0.9196733582005845,1,1,0.9009424383346638,0.9405954293426683,0.80841879264932
PROCESS-2_rec__147,1,2,1,0.6526344891533927,2,1,0.6253939178778591,2,1,0.5750182624343139,2,1,0.6444623177707326,0.6526344891533927,0.6253939178778591
PROCESS-2_rec__148,1,2,0,0.2370871881782665,2,0,0.48653202620219377,2,0,0.27357718975846085,2,0,0.3119206395854447,0.2370871881782665,0.48653202620219377
PROCESS-2_rec__149,1,3,0,0.4544407295141582,3,1,0.5534737748215615,3,1,0.5249541330693874,3,0,0.47424733857563883,0.4544407295141582,0.5534737748215615
PROCESS-2_rec__150,1,4,0,0.3803483220222196,4,0,0.3663124516397493,4,0,0.469890286012258,4,0,0.3789447349839726,0.3803483220222196,0.3663124516397493
PROCESS-2_rec__151,1,5,1,0.7401683536106665,5,1,0.6627113116412042,5,1,0.6968361797938589,5,1,0.7222116091240156,0.7401683536106665,0.6803125386551637
PROCESS-2_rec__152,1,2,1,0.7987589707821585,2,0,0.4743451780555417,2,1,0.7214563330194028,2,1,0.7014348329641735,0.7987589707821585,0.4743451780555417
PROCESS-2_rec__153,0,3,0,0.47318395621155035,3,1,0.6712867455730783,3,1,0.5206333593104933,3,1,0.512804514083856,0.47318395621155035,0.6712867455730783
PROCESS-2_rec__154,1,2,1,0.5071042511740073,2,0,0.4401893253646323,2,1,0.6205646865308766,2,0,0.48702977343119475,0.5071042511740073,0.4401893253646323
PROCESS-2_rec__155,0,1,0,0.2236646700940855,1,0,0.3486849247956389,1,0,0.2045890546115567,1,0,0.1974969737584341,0.1703612773607784,0.2608135986862974
PROCESS-2_rec__156,1,5,1,0.9788845930885619,5,1,0.6417263226760502,5,1,0.971217864413443,5,1,0.901878343079354,0.9788845930885619,0.722197093057869
PROCESS-2_rec__157,1,3,1,0.561703241282644,3,1,0.5220239741378653,3,1,0.5508785185400805,3,1,0.5537673878536883,0.561703241282644,0.5220239741378653
PROCESS-2_rec__158,1,3,0,0.24218749493606792,3,0,0.280411709173715,3,0,0.21826609455263266,3,0,0.2498323377835973,0.24218749493606792,0.280411709173715
PROCESS-2_rec__159,0,2,1,0.7174854247484939,2,0,0.43501408965522914,2,1,0.6022898518308383,2,1,0.6327440242205145,0.7174854247484939,0.43501408965522914
PROCESS-2_rec__160,1,3,0,0.4564060890134971,3,0,0.33080455728179947,3,0,0.46357018059558397,3,0,0.4312857826671576,0.4564060890134971,0.33080455728179947
PROCESS-2_rec__161,1,3,1,0.7180394045178512,3,1,0.8230907225262072,3,1,0.8085163944197604,3,1,0.7390496681195223,0.7180394045178512,0.8230907225262072
PROCESS-2_rec__162,1,4,0,0.294831032866682,4,1,0.6017133382603308,4,0,0.33300146654470075,4,0,0.32551926340604687,0.294831032866682,0.6017133382603308
PROCESS-2_rec__163,0,4,1,0.5750507786484496,4,1,0.7061842789312421,4,1,0.6568014649519646,4,1,0.5881641286767288,0.5750507786484496,0.7061842789312421
PROCESS-2_rec__164,1,2,0,0.312605497080965,2,0,0.487571976158018,2,1,0.5083384890704941,2,0,0.36509544080408096,0.312605497080965,0.487571976158018
PROCESS-2_rec__165,1,5,1,0.7146592981934443,5,1,0.5733172271012024,5,1,0.7613482869610504,5,1,0.6545144370077116,0.7146592981934443,0.5141764275743355
PROCESS-2_rec__166,0,1,0,0.44213344892266593,1,1,0.6478590519907316,1,0,0.4419749552472888,1,0,0.4993799855640556,0.4177438006697123,0.6898644169841901
PROCESS-2_rec__167,1,1,1,0.6633464141854071,1,1,0.5069232413186608,1,1,0.5853760817742574,1,1,0.6641575588781553,0.7034014035414426,0.5725885879971517
PROCESS-2_rec__168,1,5,0,0.4332014496776063,5,1,0.5455825830082833,5,0,0.3863540767994811,5,0,0.4779340168446068,0.4332014496776063,0.582310006900941
PROCESS-2_rec__169,1,3,1,0.8959417930664505,3,1,0.8620981465161895,3,1,0.9516408465015481,3,1,0.8891730637563983,0.8959417930664505,0.8620981465161895
PROCESS-2_rec__170,0,1,1,0.5196990681379108,1,1,0.5436212910229342,1,1,0.5132071646327456,1,1,0.5400960890049106,0.5519913393669663,0.5123405048267805
PROCESS-2_rec__171,1,5,0,0.34058710303487943,5,0,0.28999433615495185,5,0,0.37950957976922306,5,0,0.40973410000876986,0.34058710303487943,0.5710770929478476
PROCESS-2_rec__172,1,4,0,0.18944325244644006,4,0,0.21786302981820282,4,0,0.13070115863301096,4,0,0.19228523018361632,0.18944325244644006,0.21786302981820282
PROCESS-2_rec__173,1,3,0,0.3766655448562051,3,0,0.46190736694843704,3,0,0.3517102772756401,3,0,0.3937139092746515,0.3766655448562051,0.46190736694843704
PROCESS-2_rec__174,1,1,0,0.4306602594102453,1,0,0.29522959946720756,1,0,0.4179079771357178,1,0,0.4327169661821959,0.47820201073457924,0.3265851955599681
PROCESS-2_rec__175,1,1,1,0.7347311176343619,1,1,0.7688909906523189,1,1,0.8243270013621251,1,1,0.8356316516502711,0.8285431724124828,0.8521714365384438
PROCESS-2_rec__176,0,4,0,0.26316393213681116,4,0,0.34570034700708235,4,0,0.24539592495066614,4,0,0.2714175736238383,0.26316393213681116,0.34570034700708235
PROCESS-2_rec__177,1,3,1,0.6351720889550924,3,1,0.5758022619861215,3,1,0.7517265790433352,3,1,0.6232981235612982,0.6351720889550924,0.5758022619861215
PROCESS-2_rec__178,0,3,0,0.2888917799205946,3,0,0.18556629134799751,3,0,0.26499606360993533,3,0,0.2682266822060752,0.2888917799205946,0.18556629134799751
PROCESS-2_rec__179,0,2,0,0.4296942163343862,2,0,0.26261395804996585,2,0,0.3269806239404039,2,0,0.3795701388490601,0.4296942163343862,0.26261395804996585
PROCESS-2_rec__180,0,3,1,0.5458250227684958,3,1,0.5132238270638083,3,1,0.5409519501785561,3,1,0.5393047836275583,0.5458250227684958,0.5132238270638083
PROCESS-2_rec__181,1,5,1,0.9629916648650098,5,1,0.8632939681103501,5,1,0.9819389802433001,5,1,0.9384078615877173,0.9629916648650098,0.8810456539407014
PROCESS-2_rec__182,0,5,0,0.4894717458293172,5,1,0.5852422427465737,5,0,0.46770043051074256,5,1,0.5374650699137444,0.4894717458293172,0.6494494927774082
PROCESS-2_rec__183,0,5,0,0.3259750960129794,5,0,0.29229169451927123,5,0,0.25884811024783283,5,0,0.3026320727773441,0.3259750960129794,0.2481650185608617
PROCESS-2_rec__184,0,5,0,0.2507989121638151,5,0,0.42888931609149783,5,0,0.234638337739828,5,0,0.29233150468634544,0.2507989121638151,0.38924088723891626
PROCESS-2_rec__185,0,2,0,0.08146719341920881,2,0,0.44060033969005974,2,0,0.1858578334919219,2,0,0.18920713730046412,0.08146719341920881,0.44060033969005974
PROCESS-2_rec__186,1,4,0,0.17038437644181564,4,1,0.7475657480457552,4,0,0.2859247040745592,4,0,0.22810251360220957,0.17038437644181564,0.7475657480457552
PROCESS-2_rec__187,1,3,0,0.4981667389234882,3,1,0.6259908348245048,3,1,0.5683144616248985,3,1,0.5237315581036914,0.4981667389234882,0.6259908348245048
PROCESS-2_rec__188,0,5,0,0.3819286736855935,5,0,0.33007068289530905,5,0,0.36867112308818045,5,0,0.36551766460962926,0.3819286736855935,0.32722531009904593
PROCESS-2_rec__189,1,1,1,0.7275151672387732,1,1,0.5195893655750582,1,1,0.6897585005728274,1,1,0.6954290061497629,0.7672421228403138,0.5278650672051444
PROCESS-2_rec__190,0,2,0,0.11289371814533487,2,0,0.48907057706854556,2,0,0.13955252053206285,2,0,0.22574677582229807,0.11289371814533487,0.48907057706854556
PROCESS-2_rec__191,0,3,0,0.1998110653615004,3,0,0.27788662335675146,3,0,0.15036324829347292,3,0,0.2154261769605506,0.1998110653615004,0.27788662335675146
PROCESS-2_rec__192,1,2,1,0.6402016245009127,2,1,0.6037720158204695,2,1,0.8078652543383684,2,1,0.6292727418967797,0.6402016245009127,0.6037720158204695
PROCESS-2_rec__193,0,2,0,0.31519641075732835,2,1,0.6780248891937215,2,0,0.37451276599187366,2,0,0.4240449542882463,0.31519641075732835,0.6780248891937215
PROCESS-2_rec__194,0,4,1,0.7578680635083562,4,0,0.40828721380481797,4,1,0.7119139634218362,4,1,0.7229099785380024,0.7578680635083562,0.40828721380481797
PROCESS-2_rec__195,0,4,0,0.25968453998620716,4,0,0.44619180199427044,4,0,0.2345489274853771,4,0,0.2783352661870135,0.25968453998620716,0.44619180199427044
PROCESS-2_rec__196,1,1,1,0.7903637803992933,1,0,0.47954543409563727,1,1,0.8086371977765239,1,1,0.7240383383244192,0.84920626519155,0.431979842301114
PROCESS-2_rec__197,0,4,1,0.5401482579165796,4,1,0.6740791112448684,4,1,0.6435745542498837,4,1,0.5535413432494085,0.5401482579165796,0.6740791112448684
PROCESS-2_rec__198,1,4,0,0.2542182917154645,4,1,0.6067223343520998,4,0,0.24385833459265494,4,0,0.289468695979128,0.2542182917154645,0.6067223343520998
PROCESS-2_rec__199,0,2,0,0.1846976681166838,2,0,0.2632152671640424,2,0,0.13658329368313996,2,0,0.2082529478308914,0.1846976681166838,0.2632152671640424
PROCESS-2_rec__200,0,5,0,0.40494652736603837,5,0,0.3552029362923089,5,0,0.4028111753178862,5,0,0.37661895478640356,0.40494652736603837,0.31052128543392227
PROCESS-2_rec__201,0,5,0,0.3819294375011374,5,0,0.3904580838410808,5,0,0.3324773202307914,5,0,0.3679216225438237,0.3819294375011374,0.3352367209767585
PROCESS-2_rec__202,0,5,0,0.2789880558256937,5,0,0.4484539017059145,5,0,0.2317723462206838,5,0,0.3324326433519791,0.2789880558256937,0.45713668091331167
PROCESS-2_rec__203,1,5,1,0.9091128060013997,5,1,0.5766746643351034,5,1,0.9120908730456672,5,1,0.8359694817116978,0.9091128060013997,0.6653017250357267
PROCESS-2_rec__204,0,2,1,0.8030314361677389,2,0,0.3862414149894829,2,1,0.6380123586499835,2,1,0.6779944298142621,0.8030314361677389,0.3862414149894829
PROCESS-2_rec__205,0,1,1,0.5387435307765592,1,1,0.520840108824968,1,1,0.6286001284470673,1,1,0.5891926359647017,0.637318709170786,0.476898465150505
PROCESS-2_rec__206,1,2,1,0.7418958084741698,2,0,0.45080182253103335,2,1,0.6976767570035733,2,1,0.6545676126912288,0.7418958084741698,0.45080182253103335
PROCESS-2_rec__207,1,3,1,0.5513454494341491,3,0,0.42877019844300607,3,1,0.5353602441414425,3,1,0.5268303992359205,0.5513454494341491,0.42877019844300607
PROCESS-2_rec__208,0,5,0,0.45205006055253,5,0,0.3137256999740932,5,0,0.4372608318834194,5,0,0.4150187386988849,0.45205006055253,0.3286123210403796
PROCESS-2_rec__209,0,4,0,0.31094917019176443,4,0,0.3591213728131507,4,0,0.3472827682736828,4,0,0.3157663904539031,0.31094917019176443,0.3591213728131507
PROCESS-2_rec__210,1,4,0,0.23699667045156855,4,0,0.40259411101567044,4,0,0.23225099585659856,4,0,0.2535564145079787,0.23699667045156855,0.40259411101567044
PROCESS-2_rec__211,0,2,0,0.48612844920623227,2,1,0.6733831297530464,2,1,0.6459651050043762,2,1,0.5423048533702766,0.48612844920623227,0.6733831297530464
PROCESS-2_rec__212,1,3,1,0.9249633220197241,3,1,0.6915027012430282,3,1,0.9398300562469696,3,1,0.8782711978643849,0.9249633220197241,0.6915027012430282
PROCESS-2_rec__213,1,1,1,0.9684262653503755,1,1,0.8392363848541676,1,1,0.9709271192525769,1,1,0.9669775288142872,0.9868097726409184,0.9207022932188144
PROCESS-2_rec__214,0,2,1,0.5846547384482326,2,0,0.19303086508282696,2,0,0.3313329144645202,2,0,0.4671675764386109,0.5846547384482326,0.19303086508282696
PROCESS-2_rec__215,0,3,0,0.4647615592511104,3,0,0.31791636403971446,3,0,0.396863287759891,3,0,0.43539252020883124,0.4647615592511104,0.31791636403971446
PROCESS-2_rec__216,0,3,0,0.48787480968901487,3,1,0.6417300594768814,3,1,0.5505604224759955,3,1,0.5186458596465882,0.48787480968901487,0.6417300594768814
PROCESS-2_rec__217,0,2,0,0.2368023295097329,2,0,0.3870132777823333,2,0,0.2955303056121518,2,0,0.281865613991513,0.2368023295097329,0.3870132777823333
PROCESS-2_rec__218,0,2,0,0.3634408772335797,2,0,0.4231478179839514,2,0,0.38115842227467667,2,0,0.3813529594586912,0.3634408772335797,0.4231478179839514
PROCESS-2_rec__219,0,1,0,0.3784868335140416,1,1,0.6046759485115901,1,0,0.47916070418971246,1,0,0.4583556054547945,0.395285755066999,0.605518589692984
PROCESS-2_rec__220,0,2,0,0.0017058014774042013,2,0,0.33808873664158534,2,0,0.07233328503466875,2,0,0.10262068202665856,0.0017058014774042013,0.33808873664158534
PROCESS-2_rec__221,1,3,1,0.8738840224243954,3,1,0.7936278445456484,3,1,0.9238166883204592,3,1,0.857832786848646,0.8738840224243954,0.7936278445456484
PROCESS-2_rec__222,1,5,1,0.5755521956462201,5,1,0.538243128661138,5,1,0.585570735079112,5,1,0.5706199718657881,0.5755521956462201,0.5591114497114464
PROCESS-2_rec__223,0,3,0,0.405490533801184,3,1,0.5495705712842198,3,0,0.47678781926392516,3,0,0.43430654129779117,0.405490533801184,0.5495705712842198
PROCESS-2_rec__224,1,2,1,0.876359275826684,2,1,0.7617276356144621,2,1,0.8201256067887639,2,1,0.8419697837630173,0.876359275826684,0.7617276356144621
PROCESS-2_rec__225,1,4,0,0.24209762332732387,4,0,0.47903857392808985,4,0,0.19191826448345967,4,0,0.26579171838740046,0.24209762332732387,0.47903857392808985
PROCESS-2_rec__226,1,1,0,0.46607541755408666,1,0,0.3290821572430583,1,0,0.31021183557273324,1,0,0.4235634768329286,0.48751459159346616,0.2743442090583411
PROCESS-2_rec__227,1,1,0,0.4733207747955466,1,0,0.37456090345628845,1,0,0.49810188375242936,1,1,0.6400071027738812,0.7617624343321706,0.3559113291378728
PROCESS-2_rec__228,1,4,0,0.40463940397811354,4,1,0.5801134473526114,4,1,0.5457310660830416,4,0,0.4221868083155633,0.40463940397811354,0.5801134473526114
PROCESS-2_rec__229,1,5,1,0.5620546846883975,5,1,0.6332278264592013,5,1,0.5768620806294175,5,1,0.6000303199843173,0.5620546846883975,0.6886401356747969
PROCESS-2_rec__230,1,5,1,0.7994361131760732,5,1,0.5523613718173492,5,1,0.813010068720386,5,1,0.7290929321836392,0.7994361131760732,0.5649588432012935
PROCESS-2_rec__231,1,3,1,0.6009666642694685,3,0,0.31713465657897855,3,1,0.5560758410930751,3,1,0.5442002627313706,0.6009666642694685,0.31713465657897855
PROCESS-2_rec__232,0,4,0,0.34087106446332643,4,1,0.5084320369064481,4,0,0.4026302185616282,4,0,0.35762716170763864,0.34087106446332643,0.5084320369064481
PROCESS-2_rec__233,1,2,1,0.7481782667545951,2,0,0.4275782673983651,2,1,0.6335546324958106,2,1,0.6519982669477261,0.7481782667545951,0.4275782673983651
PROCESS-2_rec__234,1,5,1,0.9331070372152591,5,1,0.5741932735762325,5,1,0.8884735355651695,5,1,0.853079610473514,0.9331070372152591,0.6663489480761084
PROCESS-2_rec__235,1,4,1,0.5290094827175246,4,1,0.8653252400623331,4,1,0.7816057611661158,4,1,0.5626410584520054,0.5290094827175246,0.8653252400623331
PROCESS-2_rec__236,1,1,1,0.9325760674925216,1,1,0.5373334735599621,1,1,0.9106623303436642,1,1,0.8270487959382123,0.9329254954584405,0.5800031637243467
PROCESS-2_rec__237,1,5,1,0.6609735720940294,5,1,0.5370557654407401,5,1,0.6488281880332392,5,1,0.6405365590565538,0.6609735720940294,0.592850195302444
PROCESS-2_rec__238,1,5,1,0.6543610293494613,5,1,0.8155480564246091,5,1,0.6089005120055664,5,1,0.7278366711642201,0.6543610293494613,0.8992798353986576
PROCESS-2_rec__239,1,3,1,0.5250700556957063,3,1,0.5483108742939418,3,1,0.5482697465616388,3,1,0.5297182194153535,0.5250700556957063,0.5483108742939418
PROCESS-2_rec__240,1,2,1,0.7354232231660943,2,1,0.7404240574001347,2,1,0.694352921764028,2,1,0.7369234734363065,0.7354232231660943,0.7404240574001347
PROCESS-2_rec__241,1,5,1,0.6162257232190679,5,1,0.5243989957368567,5,1,0.5736075550416561,5,1,0.581222688211686,0.6162257232190679,0.49954893986112814
PROCESS-2_rec__242,1,4,1,0.7783804188396152,4,1,0.7424136470314298,4,1,0.8327626041667608,4,1,0.7747837416587966,0.7783804188396152,0.7424136470314298
PROCESS-2_rec__243,0,4,0,0.21759527999855865,4,0,0.3335825334265692,4,0,0.1844820422374509,4,0,0.2291940053413597,0.21759527999855865,0.3335825334265692
PROCESS-2_rec__244,1,5,1,0.8548268427134088,5,1,0.6336967348839027,5,1,0.8980125483784025,5,1,0.7953954726524087,0.8548268427134088,0.6567222758434088
PROCESS-2_rec__245,0,3,0,0.16915593723924832,3,0,0.4319060816013778,3,0,0.15506596515780768,3,0,0.2217059661116742,0.16915593723924832,0.4319060816013778
PROCESS-2_rec__246,0,3,0,0.49614558957961974,3,1,0.7390974959511498,3,1,0.5863525852582243,3,1,0.5447359708539258,0.49614558957961974,0.7390974959511498
PROCESS-2_rec__247,1,5,0,0.3438981902803117,5,1,0.5604187419444915,5,0,0.4010887187380606,5,0,0.4196422000662683,0.3438981902803117,0.5963782229001671
PROCESS-2_rec__248,1,5,1,0.507031240311363,5,1,0.6524239715087221,5,0,0.49161382926640307,5,1,0.569654048014387,0.507031240311363,0.7157739326547761
PROCESS-2_rec__249,1,2,1,0.5003722264460199,2,1,0.6544090423069037,2,1,0.5848835489499814,2,1,0.5465832712042851,0.5003722264460199,0.6544090423069037
PROCESS-2_rec__250,1,1,1,0.5626167884043384,1,1,0.5522350184037155,1,1,0.5505049249134526,1,1,0.5238999974752963,0.49988479849371886,0.5799354617656435
PROCESS-2_rec__251,0,5,0,0.3101411052278842,5,1,0.5121372676119508,5,0,0.4209010950950973,5,0,0.3585614589749087,0.3101411052278842,0.47154228438463264
PROCESS-2_rec__252,1,2,1,0.71529588863246,2,0,0.38055212648175346,2,0,0.486380613090397,2,1,0.614872759987248,0.71529588863246,0.38055212648175346
PROCESS-2_rec__253,1,5,0,0.3556400458950132,5,0,0.4292998079336662,5,0,0.38207568705838924,5,0,0.36871746382329307,0.3556400458950132,0.39923143898927943
PROCESS-2_rec__254,1,4,0,0.4466053668321771,4,0,0.34447669842375667,4,0,0.3723015277421019,4,0,0.4363924999913351,0.4466053668321771,0.34447669842375667
PROCESS-2_rec__255,0,5,0,0.30339031297017527,5,0,0.46844186974945995,5,0,0.2906206571584519,5,0,0.3479847954155575,0.30339031297017527,0.4520385877881159
PROCESS-2_rec__256,1,3,1,0.7556812546740868,3,1,0.6934036379312615,3,1,0.7348507501639862,3,1,0.7432257313255217,0.7556812546740868,0.6934036379312615
PROCESS-2_rec__257,1,4,1,0.8561588963230791,4,1,0.930125913042613,4,1,0.9533034725670316,4,1,0.8635555979950325,0.8561588963230791,0.930125913042613
PROCESS-2_rec__258,1,2,0,0.4258746399637122,2,1,0.6398695503586959,2,0,0.4796611840291568,2,0,0.4900731130822073,0.4258746399637122,0.6398695503586959
PROCESS-2_rec__259,1,2,1,0.8060219885816501,2,1,0.6834044489129694,2,1,0.7243210562974424,2,1,0.7692367266810458,0.8060219885816501,0.6834044489129694
PROCESS-2_rec__260,0,3,0,0.09076925761311982,3,1,0.6049580099692592,3,0,0.06814041749901571,3,0,0.19360700808434766,0.09076925761311982,0.6049580099692592
PROCESS-2_rec__261,0,1,0,0.37994082096805104,1,0,0.3654771883538237,1,0,0.39107172015223224,1,0,0.3630036032722089,0.3768154747283808,0.3307759032078077
PROCESS-2_rec__262,1,2,0,0.11872344716819633,2,0,0.3156194079543582,2,0,0.16358763177215102,2,0,0.1777922354040449,0.11872344716819633,0.3156194079543582
PROCESS-2_rec__263,0,4,1,0.5584215179928966,4,0,0.4680500842351265,4,1,0.622342590937056,4,1,0.5493843746171196,0.5584215179928966,0.4680500842351265
PROCESS-2_rec__264,0,1,0,0.44887625318730223,1,1,0.635023096588903,1,1,0.5222212959529375,1,1,0.5084621942913795,0.4773453474580606,0.5810681702357902
PROCESS-2_rec__265,1,5,0,0.3109522406023982,5,0,0.4536614481239534,5,0,0.33707215201722607,5,0,0.3295462088332789,0.3109522406023982,0.3729321347053339
PROCESS-2_rec__266,0,2,1,0.8337768046045471,2,0,0.2596244274335554,2,1,0.6286494421210022,2,1,0.6615310914532495,0.8337768046045471,0.2596244274335554
PROCESS-2_rec__267,0,5,0,0.37076371309341616,5,0,0.37783916482519414,5,0,0.41497113679142955,5,0,0.36699881222284664,0.37076371309341616,0.35821404352485114
PROCESS-2_rec__268,0,1,0,0.43745797812480425,1,0,0.44861648158251816,1,1,0.5889224007189096,1,0,0.43157282031698996,0.41215341879109696,0.47688475721074025
PROCESS-2_rec__269,1,4,1,0.9153508624229114,4,1,0.8115740144579675,4,1,0.9379204954902303,4,1,0.904973177626417,0.9153508624229114,0.8115740144579675
PROCESS-2_rec__270,0,1,0,0.2169973747730632,1,0,0.42974152680257005,1,0,0.16948596534340074,1,0,0.21130671716498273,0.1212003300121104,0.4215549538550182
PROCESS-2_rec__271,0,2,0,0.3738334020769634,2,0,0.47087665209560453,2,0,0.32527472140104174,2,0,0.40294637708255576,0.3738334020769634,0.47087665209560453
PROCESS-2_rec__272,0,3,0,0.3688194565799102,3,1,0.6593373100703923,3,1,0.5042433510031462,3,0,0.4269230272780066,0.3688194565799102,0.6593373100703923
PROCESS-2_rec__273,0,5,1,0.560727258907271,5,1,0.5414366808731662,5,1,0.5429392377656137,5,1,0.562195636030044,0.560727258907271,0.5656218493165142
PROCESS-2_rec__274,0,5,0,0.38959347816632256,5,0,0.4718459619506224,5,0,0.40687120599453663,5,0,0.4250482643047495,0.38959347816632256,0.5077760986277458
PROCESS-2_rec__275,1,1,1,0.5159878049773363,1,0,0.41827016426235397,1,0,0.4400303249047721,1,0,0.3978539469672021,0.40210819658191554,0.3879273645328708
PROCESS-2_rec__276,1,4,1,0.8698907376040454,4,1,0.5632135104279256,4,1,0.8825488768570624,4,1,0.8392230148864335,0.8698907376040454,0.5632135104279256
PROCESS-2_rec__277,0,2,0,0.2811477892252112,2,0,0.21794048974256933,2,0,0.1793159373904211,2,0,0.26218559938041863,0.2811477892252112,0.21794048974256933
PROCESS-2_rec__278,1,5,0,0.2916948553779919,5,0,0.39464414726957603,5,0,0.2917376117525091,5,0,0.32564643738375415,0.2916948553779919,0.4048667953971994
PROCESS-2_rec__279,0,2,0,0.3651217436770973,2,0,0.49941743191895877,2,0,0.4607870212121065,2,0,0.4054104501496557,0.3651217436770973,0.49941743191895877
PROCESS-2_rec__280,0,4,0,0.4305953928931197,4,0,0.31589149796867744,4,0,0.4346947526321584,4,0,0.4191250034006755,0.4305953928931197,0.31589149796867744
PROCESS-2_rec__281,1,1,0,0.2846601736887266,1,1,0.5798347369010266,1,0,0.35255338591722074,1,0,0.3193767725848464,0.23548417943931735,0.515126156591081
PROCESS-2_rec__282,0,2,0,0.03769551652832129,2,0,0.1464202322991989,2,0,0.03458964585055609,2,0,0.07031293125958457,0.03769551652832129,0.1464202322991989
PROCESS-2_rec__283,1,4,0,0.39505793191400146,4,1,0.5831272051258043,4,0,0.39511202428322095,4,0,0.41386485923518174,0.39505793191400146,0.5831272051258043
PROCESS-2_rec__284,1,5,1,0.7345628802075795,5,0,0.41910284780567697,5,1,0.6301195301624858,5,1,0.6233713483451878,0.7345628802075795,0.3639244406662738
PROCESS-2_rec__285,1,3,1,0.5811805514501842,3,1,0.5439588214082253,3,1,0.5521499671877894,3,1,0.5737362054417924,0.5811805514501842,0.5439588214082253
PROCESS-2_rec__286,1,4,0,0.38181350822767135,4,1,0.645212863022722,4,0,0.39707250052739,4,0,0.4081534437071764,0.38181350822767135,0.645212863022722
PROCESS-2_rec__287,0,5,0,0.30946947081233966,5,0,0.3877994069134865,5,0,0.39663945679052803,5,0,0.31645117526689437,0.30946947081233966,0.3327418189941886
PROCESS-2_rec__288,0,2,1,0.6859504374781917,2,0,0.3852728999241073,2,0,0.44906473849156975,2,1,0.5957471762119664,0.6859504374781917,0.3852728999241073
PROCESS-2_rec__289,0,2,0,0.1481114037570601,2,0,0.2921676286564986,2,0,0.16440088099883388,2,0,0.19132827122689167,0.1481114037570601,0.2921676286564986
PROCESS-2_rec__290,0,3,1,0.5480135022054707,3,1,0.7060772122438277,3,1,0.5723292896596704,3,1,0.5796262442131421,0.5480135022054707,0.7060772122438277
PROCESS-2_rec__291,0,1,0,0.4818615859786169,1,0,0.2779884723200024,1,0,0.4397475445273809,1,0,0.37572927635343906,0.4416563655480831,0.2218994015659364
PROCESS-2_rec__292,0,2,0,0.21255384469066382,2,0,0.3384099738171705,2,0,0.23570002323956024,2,0,0.25031068342861584,0.21255384469066382,0.3384099738171705
PROCESS-2_rec__293,1,3,0,0.4919340168646827,3,1,0.719534994872816,3,1,0.5710277219995389,3,1,0.5374542124663093,0.4919340168646827,0.719534994872816
PROCESS-2_rec__294,0,5,1,0.6186168198776484,5,0,0.33677787975647466,5,0,0.46416099528475524,5,1,0.5044694397660178,0.6186168198776484,0.2381255528388799
PROCESS-2_rec__295,0,5,0,0.4439501066801415,5,0,0.48699490949717794,5,0,0.4517146689720161,5,0,0.4483100946139017,0.4439501066801415,0.4584833997926755
PROCESS-2_rec__296,1,1,1,0.5457304256763079,1,1,0.6411465804392081,1,1,0.6021039750658546,1,1,0.6357729891381179,0.6308717417236405,0.6472092331052319
PROCESS-2_rec__297,0,2,0,0.15414492307355956,2,0,0.29846898067697014,2,0,0.23610886438187298,2,0,0.19744214035458274,0.15414492307355956,0.29846898067697014
PROCESS-2_rec__298,0,5,1,0.5392484474092722,5,1,0.5494635693490361,5,0,0.446666471133905,5,1,0.5285199313001092,0.5392484474092722,0.5034867270453957
PROCESS-2_rec__299,1,3,0,0.3451933841150775,3,0,0.215200521681809,3,0,0.18392145658161188,3,0,0.3191948116284238,0.3451933841150775,0.215200521681809
PROCESS-2_rec__300,0,1,1,0.6837991419501276,1,0,0.46224873970938407,1,1,0.6509052968205884,1,1,0.604082527991207,0.667861630560933,0.45526462199517964
PROCESS-2_rec__301,0,2,0,0.21136871270794497,2,0,0.36436298293020086,2,0,0.298883348577224,2,0,0.25726699377462175,0.21136871270794497,0.36436298293020086
PROCESS-2_rec__302,0,5,0,0.3701314613536022,5,0,0.37523073182239775,5,0,0.37272894063694234,5,0,0.3561733823390484,0.3701314613536022,0.32360453130508954
PROCESS-2_rec__303,1,2,0,0.3626541104754847,2,0,0.3891508969659703,2,0,0.35169887480417683,2,0,0.37060314642263037,0.3626541104754847,0.3891508969659703
PROCESS-2_rec__304,0,4,0,0.1589941807522497,4,0,0.43778740667013477,4,0,0.16616253056687005,4,0,0.18687350334403818,0.1589941807522497,0.43778740667013477
PROCESS-2_rec__305,0,4,0,0.4385871186554519,4,1,0.6637093421893157,4,0,0.469856301676647,4,0,0.46109934100883826,0.4385871186554519,0.6637093421893157
PROCESS-2_rec__306,1,4,0,0.19356927834165885,4,1,0.6514517597597148,4,0,0.37157902906971074,4,0,0.23935752648346445,0.19356927834165885,0.6514517597597148
PROCESS-2_rec__307,0,4,0,0.3000332980902925,4,0,0.37237061279702166,4,0,0.1918403141517659,4,0,0.3072670295609654,0.3000332980902925,0.37237061279702166
PROCESS-2_rec__308,0,3,0,0.3841918688012965,3,0,0.43585197675410836,3,0,0.49811404619560246,3,0,0.3945238903918589,0.3841918688012965,0.43585197675410836
PROCESS-2_rec__309,1,5,0,0.4866015226408512,5,0,0.4442899824161915,5,0,0.45195837966529356,5,0,0.4610666075323032,0.4866015226408512,0.40148513894569127
PROCESS-2_rec__310,0,3,0,0.46931961944391637,3,0,0.35344211203724374,3,0,0.4360087521619438,3,0,0.44614411796258185,0.46931961944391637,0.35344211203724374
PROCESS-2_rec__311,0,4,1,0.9820331664345363,4,1,0.6976380814447953,4,1,0.9875446438492166,4,1,0.9535936579355622,0.9820331664345363,0.6976380814447953
PROCESS-2_rec__312,0,5,0,0.4217172281344193,5,0,0.3129657427043823,5,0,0.3870202888269235,5,0,0.3913148173939981,0.4217172281344193,0.32037585899968185
PROCESS-2_rec__313,0,1,1,0.731876719453018,1,1,0.6550927562819868,1,1,0.8152186020916292,1,1,0.7590530550933872,0.7867482586291648,0.6944309135099062
PROCESS-2_rec__314,0,3,1,0.6245364709233551,3,0,0.4196901916832335,3,1,0.5885158084738467,3,1,0.5835672150753307,0.6245364709233551,0.4196901916832335
PROCESS-2_rec__315,0,4,0,0.45508201664106157,4,0,0.38605076859314663,4,0,0.3465761553573792,4,0,0.4481788918362701,0.45508201664106157,0.38605076859314663
PROCESS-2_rec__316,0,1,0,0.22724638641722525,1,0,0.4332241053628063,1,0,0.20522241666681534,1,0,0.23279365851521516,0.16281369815640181,0.39608023268577963
PROCESS-2_rec__317,0,3,0,0.22405545352787334,3,1,0.5245133239805246,3,0,0.2478681878169001,3,0,0.2841470276184036,0.22405545352787334,0.5245133239805246
PROCESS-2_rec__318,1,1,1,0.8618133022656396,1,1,0.7928104469804017,1,1,0.8327721305877512,1,1,0.9172899142350667,0.9488912054436808,0.8435535680816337
PROCESS-2_rec__319,1,5,1,0.6213836993673562,5,1,0.7176590877140019,5,1,0.6724456164029626,5,1,0.6506862967818938,0.6213836993673562,0.7190590240824819
PROCESS-2_rec__320,0,4,0,0.18050948447995513,4,0,0.22954565641507801,4,0,0.09900947074121073,4,0,0.18541310167346742,0.18050948447995513,0.22954565641507801
