model,fold,C,solver,feature_set,gamma
logistic,1,0.1,liblinear,original_44,
logistic,2,0.1,liblinear,original_44,
logistic,3,1.0,liblinear,original_44,
logistic,4,0.1,liblinear,original_44,
logistic,5,1.0,liblinear,original_44,
linear_svm,1,1.0,,original_44,
linear_svm,2,0.1,,original_44,
linear_svm,3,0.1,,original_44,
linear_svm,4,1.0,,original_44,
linear_svm,5,0.1,,original_44,
rbf_svm,1,0.5,,original_44,scale
rbf_svm,2,0.5,,original_44,scale
rbf_svm,3,0.5,,original_44,scale
rbf_svm,4,0.5,,original_44,0.01
rbf_svm,5,0.5,,original_44,scale
logistic,1,0.1,liblinear,reduced_38,
logistic,2,0.1,liblinear,reduced_38,
logistic,3,0.1,liblinear,reduced_38,
logistic,4,0.1,liblinear,reduced_38,
logistic,5,1.0,liblinear,reduced_38,
linear_svm,1,0.1,,reduced_38,
linear_svm,2,0.1,,reduced_38,
linear_svm,3,0.1,,reduced_38,
linear_svm,4,1.0,,reduced_38,
linear_svm,5,0.1,,reduced_38,
rbf_svm,1,0.5,,reduced_38,scale
rbf_svm,2,0.5,,reduced_38,scale
rbf_svm,3,5.0,,reduced_38,0.01
rbf_svm,4,1.0,,reduced_38,scale
rbf_svm,5,0.5,,reduced_38,scale
