model,fold,accuracy,balanced_accuracy,precision,recall,specificity,f1,roc_auc,training_f1,validation_f1,train_validation_f1_gap,feature_set
logistic,1,0.703125,0.703125,0.7241379310344828,0.65625,0.75,0.6885245901639344,0.7744140625,0.7469879518072289,0.6885245901639344,0.058463361643294465,original_44
logistic,2,0.65625,0.65625,0.65625,0.65625,0.65625,0.65625,0.734375,0.7469879518072289,0.65625,0.09073795180722888,original_44
logistic,3,0.6875,0.6875,0.7,0.65625,0.71875,0.6774193548387096,0.7646484375,0.7142857142857143,0.6774193548387096,0.03686635944700467,original_44
logistic,4,0.59375,0.59375,0.59375,0.59375,0.59375,0.59375,0.703125,0.7377049180327869,0.59375,0.14395491803278693,original_44
logistic,5,0.765625,0.765625,0.7741935483870968,0.75,0.78125,0.7619047619047619,0.8310546875,0.7569721115537849,0.7619047619047619,-0.004932650350977008,original_44
linear_svm,1,0.6875,0.6875,0.7142857142857143,0.625,0.75,0.6666666666666666,0.7392578125,0.7398373983739838,0.6666666666666666,0.07317073170731714,original_44
linear_svm,2,0.625,0.625,0.6176470588235294,0.65625,0.59375,0.6363636363636364,0.7158203125,0.7818930041152263,0.6363636363636364,0.14552936775158998,original_44
linear_svm,3,0.6875,0.6875,0.7,0.65625,0.71875,0.6774193548387096,0.763671875,0.7091633466135459,0.6774193548387096,0.03174399177483622,original_44
linear_svm,4,0.65625,0.65625,0.6666666666666666,0.625,0.6875,0.6451612903225806,0.67578125,0.7804878048780488,0.6451612903225806,0.13532651455546818,original_44
linear_svm,5,0.765625,0.765625,0.7741935483870968,0.75,0.78125,0.7619047619047619,0.833984375,0.752,0.7619047619047619,-0.00990476190476186,original_44
rbf_svm,1,0.671875,0.671875,0.6571428571428571,0.71875,0.625,0.6865671641791045,0.759765625,0.784,0.6865671641791045,0.09743283582089557,original_44
rbf_svm,2,0.65625,0.65625,0.6388888888888888,0.71875,0.59375,0.6764705882352942,0.744140625,0.796875,0.6764705882352942,0.12040441176470584,original_44
rbf_svm,3,0.6875,0.6875,0.7307692307692307,0.59375,0.78125,0.6551724137931034,0.7666015625,0.7854251012145749,0.6551724137931034,0.13025268742147145,original_44
rbf_svm,4,0.5625,0.5625,0.5588235294117647,0.59375,0.53125,0.5757575757575758,0.6904296875,0.7441860465116279,0.5757575757575758,0.1684284707540521,original_44
rbf_svm,5,0.796875,0.796875,0.8064516129032258,0.78125,0.8125,0.7936507936507936,0.837890625,0.7764705882352941,0.7936507936507936,-0.017180205415499472,original_44
logistic,1,0.703125,0.703125,0.7096774193548387,0.6875,0.71875,0.6984126984126984,0.765625,0.7338709677419355,0.6984126984126984,0.035458269329237124,reduced_38
logistic,2,0.640625,0.640625,0.6451612903225806,0.625,0.65625,0.6349206349206349,0.7236328125,0.7398373983739838,0.6349206349206349,0.10491676345334888,reduced_38
logistic,3,0.65625,0.65625,0.6785714285714286,0.59375,0.71875,0.6333333333333333,0.7646484375,0.7154471544715447,0.6333333333333333,0.08211382113821142,reduced_38
logistic,4,0.640625,0.640625,0.6363636363636364,0.65625,0.625,0.6461538461538462,0.7021484375,0.7325102880658436,0.6461538461538462,0.08635644191199743,reduced_38
logistic,5,0.765625,0.765625,0.7741935483870968,0.75,0.78125,0.7619047619047619,0.833984375,0.75,0.7619047619047619,-0.011904761904761862,reduced_38
linear_svm,1,0.734375,0.734375,0.7777777777777778,0.65625,0.8125,0.711864406779661,0.7568359375,0.7419354838709677,0.711864406779661,0.03007107709130674,reduced_38
linear_svm,2,0.625,0.625,0.6176470588235294,0.65625,0.59375,0.6363636363636364,0.7216796875,0.7800829875518672,0.6363636363636364,0.14371935118823087,reduced_38
linear_svm,3,0.6875,0.6875,0.7,0.65625,0.71875,0.6774193548387096,0.763671875,0.714859437751004,0.6774193548387096,0.03744008291229439,reduced_38
linear_svm,4,0.65625,0.65625,0.6666666666666666,0.625,0.6875,0.6451612903225806,0.6748046875,0.7804878048780488,0.6451612903225806,0.13532651455546818,reduced_38
linear_svm,5,0.765625,0.765625,0.7741935483870968,0.75,0.78125,0.7619047619047619,0.8369140625,0.7630522088353414,0.7619047619047619,0.0011474469305795543,reduced_38
rbf_svm,1,0.671875,0.671875,0.6666666666666666,0.6875,0.65625,0.676923076923077,0.7666015625,0.784,0.676923076923077,0.10707692307692307,reduced_38
rbf_svm,2,0.640625,0.640625,0.6216216216216216,0.71875,0.5625,0.6666666666666666,0.7470703125,0.7905138339920948,0.6666666666666666,0.12384716732542822,reduced_38
rbf_svm,3,0.734375,0.734375,0.8,0.625,0.84375,0.7017543859649122,0.763671875,0.8259109311740891,0.7017543859649122,0.12415654520917685,reduced_38
rbf_svm,4,0.59375,0.59375,0.5882352941176471,0.625,0.5625,0.6060606060606061,0.716796875,0.8253968253968254,0.6060606060606061,0.21933621933621927,reduced_38
rbf_svm,5,0.78125,0.78125,0.8,0.75,0.8125,0.7741935483870968,0.83984375,0.7704280155642024,0.7741935483870968,-0.0037655328228943796,reduced_38
