feature_set,feature
original_44,sft_word_count
original_44,sft_unique_word_count
original_44,sft_type_token_ratio
original_44,sft_average_word_length
original_44,sft_repeated_word_count
original_44,sft_repetition_ratio
original_44,sft_filler_count
original_44,sft_filler_ratio
original_44,sft_pause_annotation_count
original_44,sft_pause_annotation_total_seconds
original_44,sft_pause_annotation_mean_seconds
original_44,sft_pause_annotation_max_seconds
original_44,sft_brunet_index
original_44,sft_honore_statistic
original_44,pft_word_count
original_44,pft_unique_word_count
original_44,pft_type_token_ratio
original_44,pft_average_word_length
original_44,pft_repeated_word_count
original_44,pft_repetition_ratio
original_44,pft_filler_count
original_44,pft_filler_ratio
original_44,pft_pause_annotation_count
original_44,pft_pause_annotation_total_seconds
original_44,pft_pause_annotation_mean_seconds
original_44,pft_pause_annotation_max_seconds
original_44,pft_brunet_index
original_44,pft_honore_statistic
original_44,pft_p_initial_word_count
original_44,pft_p_initial_ratio
original_44,ctd_word_count
original_44,ctd_unique_word_count
original_44,ctd_type_token_ratio
original_44,ctd_average_word_length
original_44,ctd_repeated_word_count
original_44,ctd_repetition_ratio
original_44,ctd_filler_count
original_44,ctd_filler_ratio
original_44,ctd_pause_annotation_count
original_44,ctd_pause_annotation_total_seconds
original_44,ctd_pause_annotation_mean_seconds
original_44,ctd_pause_annotation_max_seconds
original_44,ctd_brunet_index
original_44,ctd_honore_statistic
reduced_38,sft_word_count
reduced_38,sft_unique_word_count
reduced_38,sft_type_token_ratio
reduced_38,sft_average_word_length
reduced_38,sft_filler_count
reduced_38,sft_filler_ratio
reduced_38,sft_pause_annotation_count
reduced_38,sft_pause_annotation_total_seconds
reduced_38,sft_pause_annotation_mean_seconds
reduced_38,sft_pause_annotation_max_seconds
reduced_38,sft_brunet_index
reduced_38,sft_honore_statistic
reduced_38,pft_word_count
reduced_38,pft_unique_word_count
reduced_38,pft_type_token_ratio
reduced_38,pft_average_word_length
reduced_38,pft_filler_count
reduced_38,pft_filler_ratio
reduced_38,pft_pause_annotation_count
reduced_38,pft_pause_annotation_total_seconds
reduced_38,pft_pause_annotation_mean_seconds
reduced_38,pft_pause_annotation_max_seconds
reduced_38,pft_brunet_index
reduced_38,pft_honore_statistic
reduced_38,pft_p_initial_word_count
reduced_38,pft_p_initial_ratio
reduced_38,ctd_word_count
reduced_38,ctd_unique_word_count
reduced_38,ctd_type_token_ratio
reduced_38,ctd_average_word_length
reduced_38,ctd_filler_count
reduced_38,ctd_filler_ratio
reduced_38,ctd_pause_annotation_count
reduced_38,ctd_pause_annotation_total_seconds
reduced_38,ctd_pause_annotation_mean_seconds
reduced_38,ctd_pause_annotation_max_seconds
reduced_38,ctd_brunet_index
reduced_38,ctd_honore_statistic
