representation,fold,accuracy,balanced_accuracy,precision,recall,specificity,f1,roc_auc,training_f1,validation_f1,train_validation_f1_gap
SFT Pure Acoustic,1,0.5,0.5,0.5,0.4375,0.5625,0.4666666666666667,0.4736328125,0.624,0.4666666666666667,0.15733333333333333
SFT Pure Acoustic,2,0.578125,0.578125,0.5757575757575758,0.59375,0.5625,0.5846153846153846,0.5966796875,0.5819672131147541,0.5846153846153846,-0.0026481715006305695
SFT Pure Acoustic,3,0.609375,0.609375,0.6296296296296297,0.53125,0.6875,0.576271186440678,0.6611328125,0.5579399141630901,0.576271186440678,-0.018331272277587907
SFT Pure Acoustic,4,0.59375,0.59375,0.6,0.5625,0.625,0.5806451612903226,0.587890625,0.5916666666666667,0.5806451612903226,0.011021505376344054
SFT Pure Acoustic,5,0.578125,0.578125,0.6,0.46875,0.6875,0.5263157894736842,0.640625,0.5630252100840336,0.5263157894736842,0.03670942061034943
PFT Pure Acoustic,1,0.484375,0.484375,0.4838709677419355,0.46875,0.5,0.47619047619047616,0.5439453125,0.6040816326530613,0.47619047619047616,0.1278911564625851
PFT Pure Acoustic,2,0.5,0.5,0.5,0.375,0.625,0.42857142857142855,0.4912109375,0.6072874493927125,0.42857142857142855,0.17871602082128396
PFT Pure Acoustic,3,0.46875,0.46875,0.4666666666666667,0.4375,0.5,0.45161290322580644,0.47265625,0.6,0.45161290322580644,0.14838709677419354
PFT Pure Acoustic,4,0.5,0.5,0.5,0.4375,0.5625,0.4666666666666667,0.5634765625,0.5847457627118644,0.4666666666666667,0.11807909604519773
PFT Pure Acoustic,5,0.546875,0.546875,0.5483870967741935,0.53125,0.5625,0.5396825396825397,0.580078125,0.5425101214574899,0.5396825396825397,0.0028275817749502385
CTD Pure Acoustic,1,0.609375,0.609375,0.6206896551724138,0.5625,0.65625,0.5901639344262295,0.66015625,0.6613545816733067,0.5901639344262295,0.07119064724707724
CTD Pure Acoustic,2,0.625,0.625,0.7222222222222222,0.40625,0.84375,0.52,0.673828125,0.6614785992217899,0.52,0.14147859922178985
CTD Pure Acoustic,3,0.546875,0.546875,0.5428571428571428,0.59375,0.5,0.5671641791044776,0.5927734375,0.6829268292682927,0.5671641791044776,0.11576265016381515
CTD Pure Acoustic,4,0.609375,0.609375,0.6,0.65625,0.5625,0.6268656716417911,0.6083984375,0.6746987951807228,0.6268656716417911,0.047833123538931765
CTD Pure Acoustic,5,0.734375,0.734375,0.7586206896551724,0.6875,0.78125,0.7213114754098361,0.8046875,0.6260162601626016,0.7213114754098361,-0.0952952152472345
ALL Pure Acoustic,1,0.5625,0.5625,0.5714285714285714,0.5,0.625,0.5333333333333333,0.6279296875,0.6942148760330579,0.5333333333333333,0.16088154269972454
ALL Pure Acoustic,2,0.515625,0.515625,0.5185185185185185,0.4375,0.59375,0.4745762711864407,0.59765625,0.6693877551020408,0.4745762711864407,0.19481148391560016
ALL Pure Acoustic,3,0.46875,0.46875,0.47058823529411764,0.5,0.4375,0.48484848484848486,0.5556640625,0.7016129032258065,0.48484848484848486,0.21676441837732163
ALL Pure Acoustic,4,0.609375,0.609375,0.6296296296296297,0.53125,0.6875,0.576271186440678,0.626953125,0.6831275720164609,0.576271186440678,0.10685638557578292
ALL Pure Acoustic,5,0.671875,0.671875,0.6896551724137931,0.625,0.71875,0.6557377049180327,0.7626953125,0.6581196581196581,0.6557377049180327,0.0023819532016253753
Linguistic,1,0.703125,0.703125,0.7241379310344828,0.65625,0.75,0.6885245901639344,0.7744140625,0.744,0.6885245901639344,0.05547540983606558
Linguistic,2,0.65625,0.65625,0.65625,0.65625,0.65625,0.65625,0.7333984375,0.7569721115537849,0.65625,0.10072211155378485
Linguistic,3,0.6875,0.6875,0.7,0.65625,0.71875,0.6774193548387096,0.7646484375,0.7142857142857143,0.6774193548387096,0.03686635944700467
Linguistic,4,0.578125,0.578125,0.5757575757575758,0.59375,0.5625,0.5846153846153846,0.703125,0.7346938775510204,0.5846153846153846,0.1500784929356358
Linguistic,5,0.765625,0.765625,0.7741935483870968,0.75,0.78125,0.7619047619047619,0.83203125,0.7569721115537849,0.7619047619047619,-0.004932650350977008
Linguistic + CTD Pure Acoustic,1,0.65625,0.65625,0.65625,0.65625,0.65625,0.65625,0.755859375,0.7951807228915663,0.65625,0.13893072289156627
Linguistic + CTD Pure Acoustic,2,0.6875,0.6875,0.6875,0.6875,0.6875,0.6875,0.763671875,0.7808764940239044,0.6875,0.09337649402390436
Linguistic + CTD Pure Acoustic,3,0.65625,0.65625,0.65625,0.65625,0.65625,0.65625,0.763671875,0.7480314960629921,0.65625,0.09178149606299213
Linguistic + CTD Pure Acoustic,4,0.625,0.625,0.6176470588235294,0.65625,0.59375,0.6363636363636364,0.669921875,0.8048780487804879,0.6363636363636364,0.1685144124168515
Linguistic + CTD Pure Acoustic,5,0.734375,0.734375,0.7419354838709677,0.71875,0.75,0.7301587301587301,0.8076171875,0.7450980392156863,0.7301587301587301,0.014939309056956174
Linguistic + ALL Pure Acoustic,1,0.640625,0.640625,0.6285714285714286,0.6875,0.59375,0.6567164179104478,0.74609375,0.7886178861788617,0.6567164179104478,0.13190146826841398
Linguistic + ALL Pure Acoustic,2,0.671875,0.671875,0.6896551724137931,0.625,0.71875,0.6557377049180327,0.7275390625,0.8047808764940239,0.6557377049180327,0.14904317157599112
Linguistic + ALL Pure Acoustic,3,0.6875,0.6875,0.6875,0.6875,0.6875,0.6875,0.765625,0.7642276422764228,0.6875,0.07672764227642281
Linguistic + ALL Pure Acoustic,4,0.640625,0.640625,0.6451612903225806,0.625,0.65625,0.6349206349206349,0.6962890625,0.8015564202334631,0.6349206349206349,0.1666357853128282
Linguistic + ALL Pure Acoustic,5,0.8125,0.8125,0.8333333333333334,0.78125,0.84375,0.8064516129032258,0.8720703125,0.7430830039525692,0.8064516129032258,-0.06336860895065655
