participant_id,true_label,sft_pure_acoustic_fold,sft_pure_acoustic_prediction,sft_pure_acoustic_score,pft_pure_acoustic_fold,pft_pure_acoustic_prediction,pft_pure_acoustic_score,ctd_pure_acoustic_fold,ctd_pure_acoustic_prediction,ctd_pure_acoustic_score,all_pure_acoustic_fold,all_pure_acoustic_prediction,all_pure_acoustic_score,linguistic_fold,linguistic_prediction,linguistic_score,linguistic_plus_ctd_pure_acoustic_fold,linguistic_plus_ctd_pure_acoustic_prediction,linguistic_plus_ctd_pure_acoustic_score,linguistic_plus_all_pure_acoustic_fold,linguistic_plus_all_pure_acoustic_prediction,linguistic_plus_all_pure_acoustic_score
PROCESS-2_rec__001,0,4,0,0.4784680966329056,4,0,0.3846077501002602,4,1,0.5282427738536261,4,0,0.3968076175706013,4,0,0.12373757298545869,4,0,0.06584022327068324,4,0,0.1625080565828825
PROCESS-2_rec__002,0,4,1,0.7414163092159471,4,1,0.8214251426268953,4,1,0.8639883024432949,4,1,0.9205962767232421,4,0,0.23180091467325986,4,1,0.6670925798069803,4,1,0.6251044664603425
PROCESS-2_rec__003,1,1,0,0.2355925784788479,1,0,0.426565306498157,1,0,0.4172690865565556,1,0,0.3349419151620832,1,0,0.49740064642430626,1,0,0.4716283953877518,1,1,0.5311999510098591
PROCESS-2_rec__004,0,5,1,0.5063954523481663,5,1,0.5213589759765027,5,1,0.6778197586087098,5,1,0.6418875172061143,5,1,0.7642003756557129,5,1,0.9038652797461387,5,0,0.4104117765025027
PROCESS-2_rec__005,0,2,0,0.45873526960844613,2,1,0.5316141203289954,2,0,0.40631844669923106,2,1,0.5034664836674707,2,0,0.2757845730387665,2,0,0.2074980244109955,2,0,0.29194029632493723
PROCESS-2_rec__006,1,5,1,0.7385605074956584,5,1,0.558673502402718,5,1,0.615803797953539,5,1,0.710294749309788,5,1,0.7071305718102957,5,1,0.7663797915023433,5,1,0.7710138728996141
PROCESS-2_rec__007,1,4,0,0.41479293729091926,4,0,0.2928221701615308,4,1,0.5144929318544292,4,0,0.46759235351717543,4,1,0.7819540288973447,4,1,0.9164570301209618,4,1,0.7570069828270238
PROCESS-2_rec__008,1,3,0,0.4196791579744739,3,0,0.34842625113211373,3,0,0.4522390341530336,3,0,0.41083661691060114,3,0,0.3910047556343078,3,0,0.3922255775750637,3,0,0.397730384404654
PROCESS-2_rec__009,1,2,1,0.7550602733546375,2,0,0.373868279908096,2,0,0.4557435029794173,2,0,0.4881843739951856,2,0,0.44501581898227527,2,0,0.3660115443975076,2,0,0.3903712179200331
PROCESS-2_rec__010,1,1,0,0.3184735048463049,1,0,0.4134996775685768,1,0,0.47727719923167133,1,0,0.3528936012405211,1,1,0.6308614172284308,1,1,0.5670042694838707,1,0,0.47010100278827965
PROCESS-2_rec__011,1,4,1,0.668868663732871,4,1,0.7383771129369349,4,1,0.8207189438753286,4,1,0.7422043623050681,4,1,0.8322554331595138,4,1,0.9367640392357975,4,1,0.8847019400672163
PROCESS-2_rec__012,1,5,0,0.41727442350345967,5,1,0.556090395861003,5,1,0.7543257877523749,5,1,0.6436129343879274,5,1,0.9957495097099728,5,1,0.9979395721413835,5,1,0.9746900176029551
PROCESS-2_rec__013,0,3,1,0.5436434555580686,3,0,0.26327985013204747,3,0,0.2231597421131683,3,0,0.37066838779898875,3,0,0.1100993531855825,3,0,0.17759857783501828,3,0,0.24926920333320934
PROCESS-2_rec__014,0,1,1,0.6052670438399612,1,0,0.4112440048622313,1,0,0.17215388855319508,1,0,0.23472054790236688,1,0,0.1358536026033217,1,0,0.026991011352129383,1,0,0.041969294338797584
PROCESS-2_rec__015,0,4,1,0.578553075331553,4,0,0.4507956815686423,4,1,0.7045963950732107,4,1,0.668740602147174,4,0,0.12639224735324936,4,0,0.1932927628060899,4,0,0.19042747382041927
PROCESS-2_rec__016,1,1,0,0.36974806297811713,1,1,0.5412331881872219,1,1,0.811311125381761,1,1,0.6134975117518099,1,1,0.693409255548978,1,1,0.8643828295490613,1,1,0.7365492689131461
PROCESS-2_rec__017,0,2,0,0.3852950718040832,2,1,0.6079758855125653,2,1,0.5927133399401455,2,1,0.5878233016517094,2,1,0.5966387117730483,2,1,0.7315250641013915,2,1,0.7513501850492531
PROCESS-2_rec__018,1,2,1,0.7256036868217782,2,1,0.6662875015202914,2,1,0.937491575136675,2,1,0.9114710813875664,2,0,0.48514740319651467,2,1,0.8146218341282422,2,1,0.7932655940807057
PROCESS-2_rec__019,1,1,0,0.4209021595675591,1,1,0.5863743000598904,1,0,0.4265615366510447,1,0,0.37729737490152,1,1,0.5119917393019698,1,1,0.7661695900778863,1,1,0.704497605387863
PROCESS-2_rec__020,0,4,0,0.41471470294464013,4,0,0.39340790171416845,4,1,0.5586319915409064,4,1,0.5126540109819759,4,1,0.6873414744172927,4,1,0.8972153839928916,4,1,0.7614452915207525
PROCESS-2_rec__021,0,5,1,0.8390207558181663,5,0,0.43344149022216005,5,0,0.440690703216568,5,1,0.5533811262808023,5,1,0.788753441778869,5,1,0.6515965282998217,5,0,0.3295105294579339
PROCESS-2_rec__022,0,1,0,0.23247979134681515,1,0,0.352477727883798,1,0,0.2481282459983611,1,0,0.16070669352352915,1,0,0.37165262326535786,1,0,0.23514447344824774,1,0,0.12034126264508276
PROCESS-2_rec__023,1,4,1,0.6207972516785223,4,1,0.5245260363440211,4,1,0.5146037692218723,4,1,0.5575043010215933,4,1,0.7655095001237171,4,1,0.7626584530568536,4,1,0.7724812790111137
PROCESS-2_rec__024,1,2,1,0.624261301953401,2,1,0.6193901229787425,2,0,0.3609504018644062,2,0,0.491262181094686,2,0,0.48470277791707417,2,0,0.3297874165840558,2,1,0.5199531213263083
PROCESS-2_rec__025,1,2,1,0.6252310988304236,2,0,0.4082058831486037,2,1,0.6463271744805625,2,1,0.6659051387438781,2,1,0.9174752897353827,2,1,0.9304086275126912,2,1,0.9422003506245633
PROCESS-2_rec__026,1,4,1,0.5160007422411661,4,1,0.7677572133946173,4,1,0.6452773778485609,4,1,0.7818309394429882,4,0,0.07896365214681648,4,0,0.04969575480237282,4,0,0.1117943162479387
PROCESS-2_rec__027,0,3,1,0.5750878709449189,3,0,0.48735344062167485,3,0,0.42386949864584206,3,0,0.4009255139453024,3,0,0.3372424803932956,3,0,0.32833130433789864,3,0,0.27411868874853934
PROCESS-2_rec__028,0,1,1,0.5725594818150115,1,1,0.5914904131370042,1,1,0.694020715348207,1,1,0.6868223212118665,1,1,0.5750403557493046,1,1,0.6989387943443519,1,1,0.5602451379971584
PROCESS-2_rec__029,1,2,1,0.6814169792073449,2,0,0.34257249840366516,2,1,0.8042644685210318,2,1,0.7550576020508807,2,1,0.9244589592029986,2,1,0.9405497279170532,2,1,0.918984146127389
PROCESS-2_rec__030,1,4,0,0.40849292710574536,4,0,0.4823860214274771,4,1,0.6314125237400545,4,1,0.6630724380122869,4,1,0.7666844818695547,4,1,0.7124131843010586,4,1,0.5941243927135844
PROCESS-2_rec__031,0,3,1,0.5966178806735429,3,1,0.6477395721908197,3,1,0.7241041266626802,3,1,0.7034723437881355,3,1,0.673348667710637,3,1,0.7469823085185161,3,1,0.7579454235231232
PROCESS-2_rec__032,0,1,0,0.4896741398472325,1,0,0.44306245850792475,1,0,0.38613622138846565,1,0,0.35924491882746273,1,0,0.44212082267895497,1,0,0.25557948080324144,1,0,0.3723738465889303
PROCESS-2_rec__033,0,1,1,0.5944133499428788,1,1,0.5288922021111437,1,0,0.431731986910348,1,0,0.3460377710360708,1,0,0.3815147863364708,1,0,0.1361660700351242,1,0,0.2646722883670955
PROCESS-2_rec__034,0,5,1,0.5501142387188507,5,1,0.5153027604199752,5,1,0.551441174652759,5,1,0.5377259490659113,5,0,0.21561507978997632,5,0,0.16584845677199897,5,0,0.26573628074776967
PROCESS-2_rec__035,0,5,0,0.3853841202076726,5,1,0.539646612527761,5,1,0.5395413917021374,5,0,0.4364901776770823,5,0,0.0987834330510793,5,0,0.20124142114820073,5,0,0.20111123313272947
PROCESS-2_rec__036,1,4,0,0.4193485422790836,4,1,0.5127376093243526,4,1,0.5494962119363874,4,0,0.46630469455104556,4,0,0.49524879008524725,4,1,0.7782149934734225,4,1,0.6224780335771933
PROCESS-2_rec__037,0,4,0,0.478761414850324,4,1,0.565152353053519,4,1,0.707949252891279,4,1,0.5821694661730755,4,0,0.1112370683475471,4,0,0.19491454096475216,4,0,0.18103317309331735
PROCESS-2_rec__038,0,1,1,0.5098714474259826,1,1,0.5242250954840714,1,0,0.49981079465866063,1,0,0.46302914720351845,1,0,0.294166634316402,1,0,0.1845835510712137,1,0,0.2513441483238297
PROCESS-2_rec__039,1,2,0,0.36412295171210957,2,0,0.28464472067010793,2,0,0.2868039063945179,2,0,0.2114133975255088,2,0,0.3658082523642285,2,0,0.26000062024404563,2,0,0.18699806117486018
PROCESS-2_rec__040,0,3,0,0.3296863327160498,3,0,0.4104570645648647,3,1,0.5341105252040659,3,1,0.5133237185128127,3,0,0.33995439801865757,3,1,0.5437450011991195,3,1,0.5488249637610215
PROCESS-2_rec__041,0,1,0,0.2922403253299183,1,0,0.43034232816799,1,0,0.21707427047994923,1,0,0.13998937483836552,1,0,0.37583134772040827,1,0,0.1111862227352027,1,0,0.20186092164857167
PROCESS-2_rec__042,0,1,0,0.2793576389798601,1,1,0.52067948574966,1,0,0.4625672046704643,1,0,0.33051092685895295,1,1,0.5105045352275593,1,0,0.49935887043483507,1,0,0.3914805669640405
PROCESS-2_rec__043,1,5,0,0.42556125853145155,5,0,0.4280626041380586,5,0,0.43719350600845014,5,0,0.3889704518425297,5,0,0.32223124346593873,5,0,0.34638275165732674,5,0,0.37408400883533194
PROCESS-2_rec__044,1,5,0,0.47167437324301553,5,1,0.5324291178428356,5,1,0.5919911052930129,5,1,0.53558589522837,5,1,0.5195954817560563,5,0,0.4714628349676665,5,1,0.5712082018295163
PROCESS-2_rec__045,1,1,1,0.7389269421724997,1,1,0.550567679633092,1,1,0.7816867027105927,1,1,0.7765843498045997,1,1,0.5209571478096923,1,1,0.857219350243297,1,1,0.7162839702806025
PROCESS-2_rec__046,0,1,0,0.3907688099290931,1,1,0.5153611969859667,1,0,0.430358587329895,1,0,0.3685049157484001,1,1,0.5728339631002288,1,1,0.6130225117702485,1,1,0.6258030763881085
PROCESS-2_rec__047,0,1,0,0.4084792779099707,1,0,0.39592113585049715,1,0,0.3369062890595969,1,0,0.3133636945142911,1,0,0.35592044693373825,1,0,0.47376632222237003,1,0,0.23559425809716694
PROCESS-2_rec__048,1,1,1,0.7717959072803564,1,0,0.44250748306485527,1,0,0.4982693525632135,1,1,0.53242963275246,1,0,0.34893386737583393,1,0,0.361648061231483,1,1,0.5102135615272407
PROCESS-2_rec__049,0,5,0,0.4087950821607289,5,0,0.4534972953595787,5,0,0.37461164197323876,5,0,0.44922969275770636,5,0,0.08825911472742903,5,0,0.03283546121878274,5,0,0.17658461543715623
PROCESS-2_rec__050,0,4,1,0.7391566991189774,4,1,0.5614905435923107,4,0,0.1416569698350043,4,0,0.33082488502958235,4,1,0.752886527171377,4,1,0.8993052912315347,4,1,0.8650771795881042
PROCESS-2_rec__051,1,1,1,0.6077334019823689,1,0,0.43661871379632905,1,0,0.43626689134172275,1,0,0.3741792200493635,1,1,0.6125095403605286,1,0,0.4220429516077815,1,0,0.4691389699126905
PROCESS-2_rec__052,0,2,1,0.6786522395998469,2,1,0.6700124773478939,2,1,0.6404849085723701,2,1,0.7734401430906441,2,1,0.9033968774888386,2,1,0.895210149600893,2,1,0.912508144458724
PROCESS-2_rec__053,1,5,0,0.42472211807724136,5,0,0.46614266491654954,5,0,0.4825831163815292,5,0,0.4704239098696145,5,0,0.1006351271888678,5,0,0.02409053639356195,5,0,0.18656155775936775
PROCESS-2_rec__054,1,3,0,0.4345350979549277,3,0,0.44815271213579877,3,0,0.3905044883161647,3,0,0.35648287079172514,3,1,0.9816764174368502,3,1,0.9406920226694083,3,1,0.9545803638553916
PROCESS-2_rec__055,0,5,0,0.4075282732070281,5,1,0.5198830380161921,5,0,0.3132524468358105,5,0,0.2518349936938306,5,0,0.07320350978294317,5,0,0.07329239947403711,5,0,0.09674356430565267
PROCESS-2_rec__056,0,4,0,0.4098796974942243,4,0,0.3782941406958505,4,1,0.5123212207404002,4,0,0.43448845003480085,4,0,0.29484757980449455,4,0,0.4878475442965542,4,0,0.3639094174851738
PROCESS-2_rec__057,1,1,0,0.358976173237897,1,0,0.3868811522145115,1,0,0.4128570941688201,1,0,0.4193374206093938,1,0,0.3471444642925662,1,0,0.39254431721916133,1,0,0.373612189070658
PROCESS-2_rec__058,0,5,0,0.47802100483967536,5,0,0.45128401546848973,5,0,0.499870228835653,5,0,0.4257047742512031,5,0,0.07924287391958998,5,0,0.06963486612933355,5,0,0.09655663322288707
PROCESS-2_rec__059,1,3,1,0.5108251964824313,3,0,0.4885990374360289,3,0,0.3919384495144911,3,0,0.39712773405496354,3,1,0.5568950571351882,3,0,0.360600001104856,3,0,0.26704614323948045
PROCESS-2_rec__060,0,3,0,0.2966498274477139,3,1,0.737519561442198,3,1,0.6612698988350845,3,1,0.6304665554052803,3,1,0.7087883395914332,3,1,0.5413447789894238,3,0,0.4700677181713533
PROCESS-2_rec__061,1,4,1,0.5155411134359912,4,0,0.46040887999755525,4,0,0.3194612919041606,4,0,0.3232308460080489,4,0,0.4224691702967516,4,0,0.1246200114171558,4,0,0.18272505174920398
PROCESS-2_rec__062,1,4,0,0.4612355603763093,4,0,0.23861390176716854,4,0,0.3300768006972124,4,0,0.26547037296966347,4,0,0.45661949753574854,4,0,0.11994314036899474,4,0,0.33071439048985035
PROCESS-2_rec__063,0,2,0,0.41108973912292485,2,0,0.47204801146119674,2,0,0.4441587125950734,2,0,0.3093828927367683,2,0,0.4598224745427719,2,0,0.40056567226455386,2,0,0.27733915144911314
PROCESS-2_rec__064,0,4,0,0.3956535137017839,4,0,0.340612388228636,4,0,0.41751127343210986,4,0,0.4073635635747419,4,1,0.5227111643311336,4,1,0.577343156790545,4,0,0.40939240977750174
PROCESS-2_rec__065,1,5,1,0.5147841321588441,5,0,0.47758694600705426,5,1,0.7263337197733252,5,1,0.7276085014271408,5,1,0.9425655386017475,5,1,0.9836514341046252,5,1,0.9672527268644175
PROCESS-2_rec__066,0,1,1,0.518281443154512,1,0,0.47225322836225847,1,1,0.596022718157226,1,1,0.6309191871881763,1,0,0.2730495169823606,1,0,0.14281383495340727,1,0,0.2748057016240034
PROCESS-2_rec__067,1,1,0,0.24746420032084923,1,1,0.8313202187257794,1,1,0.5332000304501011,1,1,0.6659529911332569,1,1,0.8060556459251305,1,1,0.8053339376055666,1,1,0.7967068540753679
PROCESS-2_rec__068,0,4,1,0.5870893141019561,4,1,0.6312986957250111,4,0,0.31839014870133453,4,0,0.4133255879605438,4,0,0.3814026278118627,4,0,0.13055402729220106,4,0,0.26858752533616725
PROCESS-2_rec__069,0,2,1,0.5878528619086127,2,1,0.7034458075565865,2,0,0.45048787197154955,2,1,0.7070028049751549,2,0,0.07607715604517584,2,0,0.0665658749859778,2,0,0.1527364518368423
PROCESS-2_rec__070,1,3,0,0.3454330084915795,3,0,0.43955976438513045,3,1,0.5360047968155762,3,0,0.4639735927985178,3,1,0.5715901661820404,3,1,0.7008617773795495,3,1,0.6726782404702574
PROCESS-2_rec__071,0,2,0,0.43461424309834307,2,0,0.4688843194631566,2,0,0.47393482242449625,2,1,0.6577446260779519,2,1,0.5892290120163927,2,1,0.601139191181021,2,1,0.7030655319019291
PROCESS-2_rec__072,1,2,0,0.30295717645250636,2,0,0.015789739331668485,2,0,0.16809028333091552,2,0,0.15350982142995645,2,1,0.9736834113672234,2,1,0.8094459827632229,2,1,0.5500086345143276
PROCESS-2_rec__073,1,1,0,0.3351646240843682,1,0,0.46627943611464434,1,1,0.5980706742846128,1,1,0.5869610877634361,1,1,0.9198811613259985,1,1,0.983584761543332,1,1,0.9508259646394757
PROCESS-2_rec__074,0,3,0,0.48965007847290926,3,1,0.5583400405315365,3,0,0.1991339037051771,3,1,0.6493900855279134,3,0,0.3611205940877959,3,0,0.16866330932038434,3,0,0.3013203971423112
PROCESS-2_rec__075,1,1,1,0.5408116275757922,1,1,0.5353533809285839,1,1,0.6709625674133701,1,1,0.6221181166232496,1,0,0.4769970943092928,1,0,0.38522818548489424,1,1,0.5443429653173851
PROCESS-2_rec__076,0,3,1,0.5510186420350413,3,0,0.41077304511029883,3,0,0.46279680404115425,3,1,0.5959844455941349,3,0,0.37981254899747036,3,0,0.3463980191430403,3,0,0.3079045906218767
PROCESS-2_rec__077,1,3,0,0.3970099932476655,3,0,0.34152077248274404,3,0,0.4727885514033581,3,0,0.34145641566687235,3,1,0.5376451597631835,3,1,0.5791715305284855,3,1,0.5678005793787619
PROCESS-2_rec__078,0,1,0,0.35396850090010706,1,1,0.5069512541439833,1,0,0.4038909075349504,1,0,0.39989729431358984,1,0,0.10895640370982378,1,0,0.03477981690115742,1,0,0.07021628797137391
PROCESS-2_rec__079,0,5,0,0.4345758542842895,5,1,0.5146612671714937,5,0,0.4327781342529406,5,0,0.4558432132767532,5,0,0.24528367942281917,5,0,0.14350779971345928,5,0,0.27317072540682275
PROCESS-2_rec__080,1,3,0,0.3215147437969982,3,0,0.44757314601602566,3,1,0.5224001557995757,3,0,0.47071326007343406,3,0,0.4895235304357087,3,1,0.5514160655839014,3,1,0.5658521871687121
PROCESS-2_rec__081,1,1,0,0.37098214694610254,1,0,0.41847334965694255,1,0,0.33106300893833507,1,0,0.25307071460415537,1,0,0.47203175987077417,1,0,0.198205488095711,1,0,0.17937412894887594
PROCESS-2_rec__082,1,2,0,0.3756688252174624,2,0,0.2108684647913828,2,0,0.2538020674076737,2,0,0.20169752015559464,2,1,0.5398288277901363,2,1,0.6030442367152384,2,0,0.47162453057078474
PROCESS-2_rec__083,0,3,1,0.5406737411198134,3,1,0.5106522676768417,3,1,0.5010924058574614,3,0,0.46489464808881054,3,0,0.10439240144526418,3,0,0.08878316160417886,3,0,0.07776533811990374
PROCESS-2_rec__084,1,3,1,0.6614380248374959,3,1,0.5613363965907135,3,1,0.8851104956581158,3,1,0.8090413899707465,3,1,0.8343469750061954,3,1,0.8874052683949529,3,1,0.8342609007865823
PROCESS-2_rec__085,0,4,0,0.44029996589701065,4,1,0.647278278978262,4,1,0.6237170018523696,4,1,0.6645754617034791,4,1,0.9426407132599304,4,1,0.9879437042025392,4,1,0.9625416067762245
PROCESS-2_rec__086,1,3,1,0.5035521350415316,3,0,0.3811600862687464,3,1,0.7654980401611008,3,1,0.7025505540419034,3,1,0.5674109843727462,3,1,0.6720197349372988,3,1,0.6740429248725703
PROCESS-2_rec__087,0,5,0,0.47379884325253124,5,1,0.5229597430983408,5,0,0.4336855114410095,5,0,0.45056615589348326,5,1,0.5597912932046345,5,1,0.6843036501591103,5,0,0.4255027330045797
PROCESS-2_rec__088,1,5,0,0.49360489638559685,5,0,0.4103905368531531,5,0,0.4281693143811244,5,0,0.4899165049115761,5,0,0.4380291947870243,5,1,0.7237620608488523,5,1,0.6681538523664421
PROCESS-2_rec__089,1,4,1,0.6693926314631621,4,1,0.6389719674079863,4,1,0.7087871415137921,4,1,0.7389788620215748,4,0,0.15885243287884782,4,0,0.28526724303861933,4,0,0.32743928059068816
PROCESS-2_rec__090,0,2,1,0.5694505256245771,2,0,0.46380716204039635,2,0,0.3787950511143434,2,0,0.3654623429782538,2,0,0.288563271587083,2,0,0.19145747841841596,2,0,0.1677651473862297
PROCESS-2_rec__091,0,3,0,0.3916309602877727,3,1,0.7884926174348543,3,0,0.4428137667921208,3,1,0.5997102192354659,3,1,0.6127808800911995,3,1,0.5198859865931014,3,0,0.4414091795918175
PROCESS-2_rec__092,1,1,0,0.4448408395164505,1,0,0.3859354907241475,1,0,0.37315415793999884,1,0,0.3687891219131393,1,0,0.33992865544482187,1,0,0.26227352488821176,1,0,0.24869022469120614
PROCESS-2_rec__093,0,1,1,0.6057335184055608,1,1,0.5544081451279936,1,1,0.5594508825399799,1,1,0.5950475678959344,1,0,0.44886730575026723,1,0,0.44255450546878466,1,0,0.40234542383614064
PROCESS-2_rec__094,1,4,1,0.5626767290215884,4,0,0.48564051108738004,4,0,0.2564870056379574,4,0,0.20146500135416562,4,1,0.5540785596542831,4,1,0.5565422925083007,4,0,0.3553105633854026
PROCESS-2_rec__095,0,5,0,0.39820508132936505,5,0,0.3350500745114902,5,0,0.3844499448815498,5,1,0.5420577172972205,5,1,0.8881509834108361,5,1,0.9920574155476949,5,1,0.5365192357892294
PROCESS-2_rec__096,0,3,0,0.3901547859053491,3,0,0.3006319833813142,3,0,0.4856717182602175,3,1,0.5371973303533871,3,0,0.15958306233969188,3,0,0.42731804986826855,3,0,0.443694044896329
PROCESS-2_rec__097,0,4,1,0.5098437075229694,4,1,0.5438202565071868,4,0,0.4615168117102863,4,0,0.42077749526185976,4,0,0.25384217252997593,4,0,0.21046645879742243,4,0,0.20445903715556468
PROCESS-2_rec__098,1,2,0,0.3718028316466201,2,1,0.5966818254215509,2,0,0.3857007841642854,2,0,0.4036992013956719,2,0,0.26201501966801843,2,0,0.2771335234242877,2,0,0.29558945941706516
PROCESS-2_rec__099,1,3,0,0.442466812152823,3,0,0.3082983359835457,3,0,0.4723946986844736,3,0,0.3382385117717682,3,0,0.19434004932355986,3,0,0.27874800821656875,3,0,0.22812947267546882
PROCESS-2_rec__100,0,1,1,0.6041689010788279,1,1,0.6088334755606003,1,1,0.8321504401022709,1,1,0.837728165896739,1,0,0.432766624586669,1,1,0.6782380377200421,1,1,0.6312008563837764
PROCESS-2_rec__101,1,4,1,0.5419576441005555,4,1,0.6365834695776635,4,1,0.5496024917141015,4,0,0.44320703372113,4,1,0.6588279532566119,4,1,0.8553464293947932,4,1,0.6451115226401303
PROCESS-2_rec__102,0,3,0,0.37678890117929065,3,1,0.5101729038943636,3,1,0.7866770661296817,3,1,0.6907609971568629,3,0,0.3304034733168906,3,0,0.48360757904639495,3,0,0.33822650272593424
PROCESS-2_rec__103,0,3,0,0.4988262558352804,3,1,0.69206994991917,3,1,0.7399771370627082,3,1,0.8279475728214252,3,1,0.6223115272151047,3,1,0.7404545781435984,3,1,0.8798772224558281
PROCESS-2_rec__104,0,1,0,0.49127958461203625,1,1,0.5521782259151432,1,0,0.33697329127801673,1,0,0.26218659454316084,1,0,0.10902059213862467,1,0,0.03561965573369523,1,0,0.06749159492645948
PROCESS-2_rec__105,0,1,0,0.3566341567918662,1,1,0.5046366220204801,1,0,0.3786046089586975,1,0,0.3243683999212699,1,0,0.3690735024660154,1,0,0.4458129099760272,1,0,0.266395912462589
PROCESS-2_rec__106,1,3,1,0.6939029146276655,3,1,0.56274693279211,3,0,0.4961021511638823,3,1,0.5700719339800837,3,1,0.8421543262974626,3,1,0.7611989028564028,3,1,0.8224437457143458
PROCESS-2_rec__107,0,3,0,0.4120175607194076,3,0,0.42683937588092724,3,0,0.1944521500820157,3,0,0.1500832356325287,3,0,0.10961814340393246,3,0,0.03600920630758377,3,0,0.03002706686887193
PROCESS-2_rec__108,0,5,0,0.3706211819994181,5,0,0.4819041732997071,5,0,0.4212444796059046,5,0,0.4199661032045581,5,0,0.2921676527408204,5,0,0.25462400178101324,5,0,0.33755546714657664
PROCESS-2_rec__109,0,4,1,0.5487258959553861,4,1,0.727035428958301,4,1,0.52385235178462,4,0,0.4373829297574059,4,1,0.5391651795269256,4,1,0.6846763611262854,4,0,0.49952451021655453
PROCESS-2_rec__110,1,3,1,0.5489740276830685,3,0,0.4229893428126004,3,0,0.3675570679383702,3,0,0.39977423014919494,3,0,0.31719405170329606,3,0,0.23229459870528604,3,0,0.2156580774286188
PROCESS-2_rec__111,1,4,0,0.4962482311238013,4,0,0.46691246157540606,4,0,0.45742482082715286,4,0,0.4459273988440927,4,1,0.9755678791738638,4,1,0.9973256600880873,4,1,0.9685072298252598
PROCESS-2_rec__112,0,2,0,0.4922513068976839,2,1,0.5710471583771873,2,1,0.5052256369390774,2,1,0.5691978428255632,2,1,0.7219398433794506,2,1,0.7588323725227321,2,1,0.7224434087457733
PROCESS-2_rec__113,1,2,0,0.46085508027992805,2,1,0.6330001368033203,2,0,0.35647478193074783,2,0,0.489774997980845,2,1,0.8083613540686327,2,1,0.8023713241432587,2,1,0.842901165845521
PROCESS-2_rec__114,0,1,1,0.5056246932598208,1,0,0.46321619122768304,1,0,0.396483660167809,1,1,0.5333642590640792,1,1,0.5920102221438133,1,1,0.5588719549268204,1,1,0.7457819407890609
PROCESS-2_rec__115,1,3,1,0.5238571504999086,3,0,0.4663064328644093,3,1,0.7954163459227396,3,1,0.7354730930354517,3,1,0.9994239124512706,3,1,0.9972631661595208,3,1,0.9974460423306147
PROCESS-2_rec__116,1,2,0,0.43064718206995434,2,0,0.49338850345815843,2,0,0.3521194650642321,2,0,0.43516562301255246,2,1,0.6933057373659264,2,1,0.6124093457789732,2,1,0.6571115618471779
PROCESS-2_rec__117,0,5,0,0.47482081018928746,5,1,0.5231424728212566,5,0,0.39325282329480177,5,0,0.40143272296568056,5,0,0.12069243335402753,5,0,0.027073331184630105,5,0,0.1608597840484584
PROCESS-2_rec__118,1,2,0,0.4629863114549525,2,0,0.46613484604491423,2,0,0.484769971131738,2,1,0.5612777319854917,2,1,0.8688603416059747,2,1,0.863749261706643,2,1,0.8891550963084459
PROCESS-2_rec__119,1,1,1,0.7744571360669941,1,0,0.43706264710062465,1,1,0.7392398236324582,1,1,0.8044982588648432,1,1,0.8456549459973186,1,1,0.9824390725761767,1,1,0.9507283112944981
PROCESS-2_rec__120,0,2,1,0.6137971050720998,2,0,0.44234007927813723,2,0,0.3893942216097007,2,0,0.4238816334087178,2,0,0.3488944207834758,2,0,0.2082954328599286,2,0,0.26252616854155686
PROCESS-2_rec__121,0,4,0,0.43471743130902196,4,0,0.3429008885281014,4,0,0.4473174537691731,4,0,0.38762171566238085,4,0,0.13490412092520393,4,0,0.14618459173560824,4,0,0.2820967837498239
PROCESS-2_rec__122,1,4,0,0.4996736695958671,4,1,0.8084968366638801,4,1,0.7758435239863727,4,1,0.770567730748477,4,1,0.868663444764223,4,1,0.9738733885285149,4,1,0.9550932065680537
PROCESS-2_rec__123,1,4,0,0.38214715856379183,4,0,0.200753157073273,4,0,0.22040901397665977,4,0,0.19841983044683062,4,1,0.612075541952168,4,1,0.5560937288906145,4,0,0.48318645998376175
PROCESS-2_rec__124,0,5,1,0.5863694723471997,5,1,0.5220099571431096,5,0,0.45946819253393384,5,0,0.45032867856684655,5,1,0.7270370498478083,5,1,0.8647321321986031,5,1,0.5856764940026171
PROCESS-2_rec__125,0,3,0,0.4688938677470807,3,1,0.547972944749113,3,1,0.7234112137746039,3,1,0.8013470592333521,3,1,0.6042991059179178,3,1,0.6284620472259702,3,1,0.6495844363990491
PROCESS-2_rec__126,0,1,0,0.40377453807377445,1,0,0.4576408608829433,1,0,0.3132307260082423,1,0,0.33355000868083584,1,0,0.4052172366822061,1,1,0.5106954376992661,1,1,0.6696570463602558
PROCESS-2_rec__127,1,2,1,0.6089399029571833,2,1,0.5216078806919174,2,1,0.638314524592665,2,1,0.6845337144551947,2,0,0.27788758442357164,2,0,0.3534822607623169,2,0,0.3232684003889419
PROCESS-2_rec__128,1,1,0,0.309692018843441,1,0,0.471237322735985,1,1,0.6803115342807942,1,0,0.456511905986871,1,0,0.4396300303079651,1,1,0.7262560733909287,1,0,0.4646618030112293
PROCESS-2_rec__129,1,5,0,0.4709107512185152,5,1,0.5254315120848814,5,0,0.4537947327640431,5,0,0.46808461089574693,5,1,0.9330235960181097,5,1,0.9055245368933992,5,1,0.857128483999701
PROCESS-2_rec__130,0,3,0,0.4221774860069887,3,1,0.6180414894578822,3,0,0.21496490034245555,3,0,0.2143198382001514,3,0,0.22156731972630644,3,0,0.13084653508022423,3,0,0.12024521289627046
PROCESS-2_rec__131,0,4,1,0.5495565774120535,4,0,0.33512738039116796,4,0,0.3453204535670592,4,0,0.4373144636561684,4,0,0.20317811973740726,4,0,0.10023918838864823,4,0,0.17175950144801533
PROCESS-2_rec__132,1,5,1,0.7304002407315026,5,1,0.7150466476606283,5,1,0.9406385037662557,5,1,0.9642559357571645,5,1,0.9987641741361477,5,1,0.9998521545339918,5,1,0.9969954595839472
PROCESS-2_rec__133,0,1,1,0.7228002464852059,1,1,0.5732170475674139,1,1,0.6079875091670651,1,1,0.7467854071632374,1,1,0.8586922916128463,1,1,0.958514950974548,1,1,0.9244880801316256
PROCESS-2_rec__134,1,2,0,0.32406708079186547,2,0,0.4175346723901958,2,1,0.5952170187427746,2,1,0.5100707103244156,2,1,0.6580316676071285,2,1,0.7528623260652091,2,1,0.6542356059045089
PROCESS-2_rec__135,0,4,1,0.7098904525472446,4,0,0.4707328663246717,4,0,0.3441613520198778,4,0,0.3561383134459386,4,0,0.08726843123263121,4,0,0.01850960986668285,4,0,0.07933760865287393
PROCESS-2_rec__136,1,3,1,0.6026078105646563,3,1,0.8283631928355267,3,1,0.5814697401582343,3,1,0.7971448775689082,3,1,0.9637853863985865,3,1,0.9506011612567158,3,1,0.9489083989074667
PROCESS-2_rec__137,1,4,1,0.5562537614652964,4,0,0.45632154268838393,4,0,0.283318917212686,4,0,0.2497525984026816,4,1,0.8061730675545864,4,1,0.6737608865881068,4,1,0.6840642837596811
PROCESS-2_rec__138,1,2,1,0.5317476757904782,2,0,0.3763373818499022,2,0,0.3958905771877061,2,0,0.32259599587416465,2,1,0.599888375888024,2,0,0.45822524183471386,2,0,0.4056402208783313
PROCESS-2_rec__139,1,3,1,0.5286974999425609,3,0,0.4394436039497132,3,1,0.6201023841112728,3,1,0.6361274777908408,3,1,0.7923683049934828,3,1,0.8964348659294034,3,1,0.9243554321654585
PROCESS-2_rec__140,0,4,0,0.49262248074626225,4,1,0.5457163672862068,4,1,0.6300609819247321,4,1,0.6327150024991606,4,1,0.5526467942241606,4,0,0.09454054887697552,4,1,0.5213575711123078
PROCESS-2_rec__141,0,3,0,0.39511250729642466,3,1,0.6268396763490731,3,0,0.36882444773678413,3,0,0.3840644402838585,3,0,0.45306310522181675,3,0,0.4465124471630017,3,0,0.3972344710677644
PROCESS-2_rec__142,0,2,0,0.37060806087456377,2,0,0.43403613988728124,2,0,0.3171159128138559,2,0,0.31795838067229515,2,1,0.5334978005164541,2,0,0.39832678214457323,2,0,0.4156330235475903
PROCESS-2_rec__143,1,1,0,0.3554867844190775,1,0,0.4853356386913873,1,0,0.46494597800595466,1,0,0.32717702685861544,1,1,0.8193875476296205,1,1,0.7941065916840552,1,1,0.733655054123621
PROCESS-2_rec__144,1,2,1,0.5239386435088281,2,1,0.8781942812289834,2,1,0.6239686767375223,2,1,0.7267953646307406,2,1,0.7076874559821138,2,1,0.7512485989518821,2,1,0.6747092822922689
PROCESS-2_rec__145,1,1,0,0.3830875080811684,1,0,0.46144133236718216,1,1,0.7751804510903305,1,1,0.6813762420523953,1,1,0.9760271198238234,1,1,0.9988797384724106,1,1,0.9934606164981932
PROCESS-2_rec__146,1,1,1,0.5156073803393634,1,1,0.6495006129355246,1,1,0.7090372336460153,1,1,0.733661078987007,1,1,0.918519211843366,1,1,0.9772861503203492,1,1,0.9731527913736303
PROCESS-2_rec__147,1,2,1,0.6193910744509722,2,1,0.6015650460332849,2,1,0.6253939178778591,2,1,0.7401958023058923,2,1,0.8406300546775541,2,1,0.897896268705314,2,1,0.9512152138505822
PROCESS-2_rec__148,1,2,1,0.574516394804688,2,0,0.37907591079758013,2,0,0.48653202620219377,2,0,0.48785882697926747,2,0,0.39518441377057256,2,0,0.28680252357887087,2,0,0.31902833820446685
PROCESS-2_rec__149,1,3,0,0.394054543814537,3,0,0.40161434470738877,3,1,0.5534737748215615,3,0,0.49018505362230663,3,1,0.7482896318252242,3,1,0.767135396263603,3,1,0.6762129992280613
PROCESS-2_rec__150,1,4,0,0.43987410993554465,4,0,0.4536149105669007,4,0,0.3663124516397493,4,0,0.4002256888081043,4,1,0.6012902144928689,4,1,0.7439108234161298,4,1,0.8057544512323614
PROCESS-2_rec__151,1,5,1,0.6136479989743645,5,1,0.7565601669981588,5,1,0.6627113116412042,5,1,0.8010686610419517,5,1,0.5839944047450908,5,0,0.43161167732657346,5,1,0.7731438604520883
PROCESS-2_rec__152,1,2,1,0.6319216089445333,2,0,0.4946007286984877,2,0,0.4743451780555416,2,0,0.4958841140412601,2,1,0.845054352592997,2,1,0.8682145033618813,2,1,0.8761727190299373
PROCESS-2_rec__153,0,3,1,0.8819371488384996,3,1,0.5297240003959447,3,1,0.6712867455730783,3,1,0.7695841244837844,3,0,0.28925007238277234,3,0,0.27322214318198157,3,0,0.39432282015485737
PROCESS-2_rec__154,1,2,0,0.3394411425115929,2,0,0.492147723180523,2,0,0.44018932536463234,2,0,0.32355295561462694,2,0,0.4387242177236817,2,1,0.5052984711761332,2,0,0.4047803896655563
PROCESS-2_rec__155,0,1,0,0.4539241093983109,1,1,0.5166558004763357,1,0,0.3486849247956389,1,0,0.4232044988769157,1,0,0.11998126320498274,1,0,0.04385748981689301,1,0,0.09109196115419634
PROCESS-2_rec__156,1,5,1,0.630428779000712,5,0,0.49733081318386374,5,1,0.6417263226760502,5,1,0.7256747797199942,5,1,0.9914444323056548,5,1,0.9966427426015522,5,1,0.9843864014959451
PROCESS-2_rec__157,1,3,1,0.5603803619962335,3,0,0.42373908199412447,3,1,0.5220239741378654,3,0,0.38350217135821213,3,1,0.7422515325866427,3,1,0.7467012918152162,3,1,0.7613800481125024
PROCESS-2_rec__158,1,3,0,0.33928465950389924,3,0,0.4590974267431615,3,0,0.280411709173715,3,0,0.15501936620123447,3,0,0.1478182571695429,3,0,0.1758470531850279,3,0,0.10346266617748127
PROCESS-2_rec__159,0,2,1,0.690154366486756,2,1,0.5979761799116271,2,0,0.43501408965522903,2,1,0.5117595238641821,2,1,0.7223282700264361,2,1,0.6614341851529844,2,1,0.6462307414435284
PROCESS-2_rec__160,1,3,0,0.4226498741098772,3,0,0.3933993871025928,3,0,0.3308045572817996,3,0,0.44820728818639666,3,1,0.7582613239757802,3,1,0.7226535988855683,3,1,0.7850762821607579
PROCESS-2_rec__161,1,3,1,0.6338662719664273,3,1,0.708667201594498,3,1,0.8230907225262074,3,1,0.8698021912427907,3,1,0.9150539005757072,3,1,0.9413539553517751,3,1,0.9500978242693708
PROCESS-2_rec__162,1,4,0,0.4456641579532753,4,0,0.4407596515946951,4,1,0.6017133382603308,4,1,0.518864415599109,4,0,0.05594237789677302,4,0,0.029903198240090804,4,0,0.059551052612956935
PROCESS-2_rec__163,0,4,0,0.38286052516808716,4,0,0.4519581056374048,4,1,0.706184278931242,4,1,0.6067400686461178,4,1,0.7303517738699785,4,1,0.9553114930845785,4,1,0.8022901890228477
PROCESS-2_rec__164,1,2,1,0.5616555489070251,2,1,0.5450454513026165,2,0,0.487571976158018,2,1,0.5644812429684559,2,0,0.23980123989181618,2,0,0.21159517357058288,2,0,0.15271236718900866
PROCESS-2_rec__165,1,5,0,0.49312826222311845,5,0,0.3369886838762555,5,1,0.5733172271012023,5,1,0.5932824684923864,5,1,0.8863135767742537,5,1,0.830521712739461,5,1,0.8848741708451558
PROCESS-2_rec__166,0,1,1,0.8255766975337363,1,0,0.45178535577577006,1,1,0.6478590519907315,1,1,0.7475180155528091,1,0,0.22184673243379424,1,0,0.19731236530834342,1,1,0.5597649967157748
PROCESS-2_rec__167,1,1,0,0.2984594363980233,1,1,0.5035357374737852,1,1,0.5069232413186608,1,0,0.40802821618871876,1,1,0.8634664114517075,1,1,0.9134416788305483,1,1,0.7936616979082912
PROCESS-2_rec__168,1,5,0,0.32044322998960684,5,0,0.36052481926396723,5,1,0.5455825830082833,5,0,0.3624636706474803,5,0,0.3972047992149159,5,0,0.28215074481632324,5,0,0.34942343796552544
PROCESS-2_rec__169,1,3,1,0.7282236544269094,3,1,0.7427913186842702,3,1,0.8620981465161895,3,1,0.9324748018567581,3,1,0.9659029652395205,3,1,0.9460503078780642,3,1,0.953802623064687
PROCESS-2_rec__170,0,1,0,0.4166132695792251,1,0,0.44968212227979615,1,1,0.5436212910229342,1,1,0.5360332519377335,1,0,0.42739376463689754,1,0,0.322800359209079,1,1,0.5172081609931203
PROCESS-2_rec__171,1,5,0,0.36427935280440227,5,1,0.522638819408538,5,0,0.2899943361549518,5,0,0.26135219383560104,5,1,0.97594732652021,5,1,0.9960010386418848,5,1,0.685227353144835
PROCESS-2_rec__172,1,4,0,0.34839435704365185,4,0,0.3850710522148162,4,0,0.21786302981820282,4,0,0.22778017405129217,4,0,0.3524797157929066,4,0,0.22862443171839167,4,0,0.29674364508717377
PROCESS-2_rec__173,1,3,0,0.4233155460641822,3,1,0.5296579728298914,3,0,0.46190736694843715,3,0,0.3942861498797923,3,0,0.4038276236454247,3,0,0.3769620891887645,3,0,0.3702823490129571
PROCESS-2_rec__174,1,1,0,0.27109867813072236,1,0,0.42133749017098177,1,0,0.29522959946720756,1,0,0.31603746696299134,1,0,0.2675826063834273,1,0,0.2582396459317486,1,0,0.25818326888613197
PROCESS-2_rec__175,1,1,1,0.5114405298277221,1,1,0.5775614487923848,1,1,0.7688909906523189,1,1,0.8118931130227233,1,1,0.6817256693370228,1,1,0.7945784203179355,1,1,0.7595417717352104
PROCESS-2_rec__176,0,4,0,0.4623584996782207,4,0,0.33165309987755875,4,0,0.34570034700708235,4,0,0.2938226823783782,4,0,0.4752745018120484,4,0,0.46514368760943725,4,0,0.42700473435249675
PROCESS-2_rec__177,1,3,0,0.43690318726891814,3,0,0.4056935206032931,3,1,0.5758022619861215,3,1,0.5450046093639561,3,1,0.9407428771035202,3,1,0.9144366855710777,3,1,0.905405401099296
PROCESS-2_rec__178,0,3,0,0.4116911883237237,3,0,0.4379994756338391,3,0,0.18556629134799768,3,1,0.5873834739598333,3,1,0.5980953520594504,3,0,0.39933060317174807,3,0,0.45157763911653326
PROCESS-2_rec__179,0,2,0,0.33971598934754266,2,0,0.3577358738250155,2,0,0.2626139580499659,2,0,0.3204630245050928,2,1,0.5187271259743121,2,0,0.42713882449425694,2,0,0.41659251185052504
PROCESS-2_rec__180,0,3,0,0.30774824594714123,3,0,0.4692732423393756,3,1,0.5132238270638084,3,0,0.40094146916417683,3,0,0.44515339959126105,3,1,0.6172395912176022,3,1,0.5215638453420136
PROCESS-2_rec__181,1,5,1,0.5486371514026832,5,1,0.6106813992527518,5,1,0.8632939681103501,5,1,0.8905787090752693,5,1,0.9869306862401079,5,1,0.9947108044556414,5,1,0.9837936074371681
PROCESS-2_rec__182,0,5,1,0.5704096608530916,5,1,0.7665156627092544,5,1,0.5852422427465737,5,1,0.7041182522468183,5,0,0.3451186689284933,5,0,0.2693849247163818,5,1,0.6877088678760299
PROCESS-2_rec__183,0,5,0,0.3796452641762291,5,1,0.5212311275092788,5,0,0.2922916945192713,5,0,0.3096533972903772,5,0,0.24609278908322585,5,0,0.13302543281159848,5,0,0.33482969004569857
PROCESS-2_rec__184,0,5,0,0.3708468536031076,5,0,0.44623644872029355,5,0,0.4288893160914977,5,0,0.3571410527579725,5,0,0.23451824168907143,5,0,0.19636819281410473,5,0,0.20512060454404926
PROCESS-2_rec__185,0,2,1,0.6012523710931681,2,0,0.3501116170709671,2,0,0.44060033969005974,2,0,0.4573075725533885,2,0,0.3370671870005429,2,0,0.27665267963382173,2,0,0.33154965814264625
PROCESS-2_rec__186,1,4,1,0.5578055024182004,4,1,0.8284542809216109,4,1,0.7475657480457552,4,1,0.817005029081616,4,1,0.8717317250721205,4,1,0.9719952396260878,4,1,0.9150879542841976
PROCESS-2_rec__187,1,3,0,0.4229688804843214,3,1,0.6987035595231708,3,1,0.6259908348245048,3,1,0.6776137557442407,3,1,0.8062189531462832,3,1,0.8884569587170238,3,1,0.9020305593784375
PROCESS-2_rec__188,0,5,0,0.4217314703607977,5,1,0.6762061289391407,5,0,0.33007068289530905,5,0,0.4359357818977346,5,0,0.29191366006402925,5,0,0.2045543397867528,5,0,0.34499171026763165
PROCESS-2_rec__189,1,1,1,0.6076521756612846,1,1,0.545530118101574,1,1,0.5195893655750582,1,0,0.4740721745510045,1,1,0.9243112016843149,1,1,0.9786719335128375,1,1,0.8742179734304221
PROCESS-2_rec__190,0,2,1,0.5646073201419741,2,0,0.49021309632230337,2,0,0.48907057706854556,2,1,0.613799635143891,2,0,0.06943056791852477,2,0,0.06975395850314753,2,0,0.09506260078798764
PROCESS-2_rec__191,0,3,0,0.4783609092935014,3,0,0.48521134503734636,3,0,0.2778866233567515,3,0,0.23135041771689085,3,0,0.15037582436933752,3,0,0.06843121638072146,3,0,0.058075253248343416
PROCESS-2_rec__192,1,2,1,0.5353900698921598,2,1,0.9919755620193584,2,1,0.6037720158204695,2,1,0.6678352372584094,2,1,0.9069687311728472,2,1,0.9147672063189068,2,1,0.861536157031391
PROCESS-2_rec__193,0,2,1,0.5751244710684424,2,0,0.3192744660108484,2,1,0.6780248891937215,2,1,0.6044170092032858,2,0,0.4627590911694615,2,0,0.45382755842276445,2,0,0.4498503514937197
PROCESS-2_rec__194,0,4,0,0.45376083055713984,4,1,0.7753844248540044,4,0,0.40828721380481786,4,0,0.4548123437078157,4,1,0.52321262610738,4,1,0.5579328296524365,4,0,0.461496384577849
PROCESS-2_rec__195,0,4,0,0.46602906218123563,4,0,0.37283403508580076,4,0,0.44619180199427044,4,0,0.3610422206269881,4,0,0.4143724700644701,4,0,0.14875055185473762,4,0,0.25781904268686007
PROCESS-2_rec__196,1,1,1,0.717066907509523,1,1,0.6182068191552729,1,0,0.47954543409563727,1,1,0.6009377579494538,1,1,0.8161037578208734,1,1,0.8263024257598829,1,1,0.8784110883020015
PROCESS-2_rec__197,0,4,1,0.5261098264851217,4,1,0.5039711289343097,4,1,0.6740791112448684,4,1,0.6329492978792384,4,0,0.17884971087801765,4,0,0.12567294432987916,4,0,0.29533262594616255
PROCESS-2_rec__198,1,4,1,0.5637903404930317,4,0,0.4166890301922715,4,1,0.6067223343520998,4,1,0.5742095920487288,4,0,0.3011161932521704,4,0,0.028521195984772495,4,0,0.2251823355403943
PROCESS-2_rec__199,0,2,0,0.4204283771387585,2,0,0.21942765560092262,2,0,0.26321526716404237,2,0,0.12357475091037598,2,0,0.44993120392441677,2,0,0.2532606298606217,2,0,0.10332718030101383
PROCESS-2_rec__200,0,5,0,0.40278420559414096,5,0,0.42753010280682485,5,0,0.35520293629230887,5,0,0.23324450137558994,5,0,0.23399953369486778,5,0,0.2185442020941412,5,0,0.2051974009318183
PROCESS-2_rec__201,0,5,1,0.531726196523576,5,0,0.49866490383650464,5,0,0.3904580838410808,5,0,0.42681538660147617,5,0,0.33501426005723456,5,0,0.3850847667840681,5,0,0.3311220325226465
PROCESS-2_rec__202,0,5,0,0.3534233715389861,5,0,0.44673341674129846,5,0,0.4484539017059145,5,0,0.35192740417663687,5,0,0.18839746344206418,5,0,0.23256985328370935,5,0,0.08562248407963664
PROCESS-2_rec__203,1,5,1,0.505492175147207,5,0,0.4886500620296132,5,1,0.5766746643351034,5,1,0.5893207177826721,5,1,0.8712528260199184,5,1,0.8984700466824342,5,1,0.9072979680388764
PROCESS-2_rec__204,0,2,0,0.34673125785898207,2,1,0.5135222665675565,2,0,0.3862414149894828,2,0,0.47505800414477833,2,0,0.4763514495557168,2,1,0.5827516391288567,2,1,0.6388588917719965
PROCESS-2_rec__205,0,1,0,0.4189294599885552,1,0,0.467256826044329,1,1,0.520840108824968,1,0,0.4438644270359264,1,0,0.29015420243519785,1,0,0.35831183823839385,1,0,0.32980338821208166
PROCESS-2_rec__206,1,2,0,0.4138171881913804,2,1,0.5505816252992111,2,0,0.45080182253103335,2,0,0.38205802732631355,2,1,0.7584944089421797,2,1,0.7148151777567722,2,1,0.6605710127117047
PROCESS-2_rec__207,1,3,0,0.4886417483830474,3,0,0.43981135840031993,3,0,0.42877019844300607,3,0,0.4215594867805269,3,0,0.3356578164532724,3,0,0.2694435333402959,3,0,0.1905301331878906
PROCESS-2_rec__208,0,5,0,0.38438828524774576,5,0,0.4688649441583635,5,0,0.3137256999740933,5,0,0.2771007175220426,5,0,0.34632223883567564,5,1,0.6248842507066527,5,0,0.4081144375630589
PROCESS-2_rec__209,0,4,0,0.3661188771707335,4,0,0.32881889122119495,4,0,0.3591213728131508,4,0,0.35544624921498713,4,1,0.5140347466314772,4,0,0.46510756431115885,4,1,0.5067742048036513
PROCESS-2_rec__210,1,4,0,0.43871643470235283,4,1,0.5037512582272536,4,0,0.40259411101567044,4,0,0.4809915590068386,4,0,0.44260280042411093,4,0,0.3068112004418222,4,0,0.4404311920334528
PROCESS-2_rec__211,0,2,0,0.40652565293987875,2,0,0.44186032964713506,2,1,0.6733831297530464,2,1,0.5755793954352131,2,1,0.5756902592466178,2,1,0.754734248538904,2,1,0.6601246273464794
PROCESS-2_rec__212,1,3,0,0.36798898491548715,3,1,0.5199614264572465,3,1,0.691502701243028,3,1,0.5685962681957448,3,1,0.9467214910196079,3,1,0.9271636580021356,3,1,0.8979024494718031
PROCESS-2_rec__213,1,1,1,0.6136309087672401,1,1,0.8114314608897755,1,1,0.8392363848541676,1,1,0.9023279942238329,1,1,0.9715753379138028,1,1,0.9955338258133839,1,1,0.9904808879973435
PROCESS-2_rec__214,0,2,1,0.5120722780861703,2,1,0.5742079562873112,2,0,0.19303086508282696,2,0,0.19458755171565892,2,0,0.4781637009525059,2,0,0.1119130137593159,2,0,0.09766433347783333
PROCESS-2_rec__215,0,3,0,0.3698999251190084,3,1,0.5009606782305245,3,0,0.3179163640397145,3,0,0.27026863209079693,3,0,0.26583823737492324,3,0,0.14423497234079138,3,0,0.08855281585804989
PROCESS-2_rec__216,0,3,1,0.586073772611425,3,0,0.42351621364105035,3,1,0.6417300594768814,3,1,0.5784095365875195,3,1,0.6692775097311292,3,1,0.7489757120786984,3,1,0.7412619269037105
PROCESS-2_rec__217,0,2,1,0.5116935604820566,2,1,0.7027685128276897,2,0,0.3870132777823332,2,0,0.3704156294865959,2,0,0.19518850971988286,2,0,0.09761102227756391,2,0,0.044103894493194296
PROCESS-2_rec__218,0,2,0,0.44550199065451385,2,1,0.5062647596641193,2,0,0.42314781798395135,2,0,0.46236510502442635,2,1,0.6999586363888806,2,1,0.6299360074545424,2,1,0.7067614699974739
PROCESS-2_rec__219,0,1,1,0.529729362292255,1,1,0.5215026381480777,1,1,0.6046759485115901,1,1,0.6127544866266125,1,0,0.19254002509358456,1,0,0.42032847402337975,1,0,0.42790796718712376
PROCESS-2_rec__220,0,2,1,0.5333627681783164,2,0,0.4298086013870117,2,0,0.3380887366415853,2,1,0.5282430477449748,2,1,0.7232005972279437,2,1,0.672594727872169,2,1,0.8431298888250066
PROCESS-2_rec__221,1,3,1,0.6526373474349619,3,1,0.6405152007096857,3,1,0.7936278445456486,3,1,0.8825967538205113,3,1,0.984549482339153,3,1,0.978404825293729,3,1,0.9752591083468922
PROCESS-2_rec__222,1,5,1,0.5324082644920746,5,1,0.601598744109979,5,1,0.5382431286611379,5,1,0.5651127670299353,5,1,0.8883424439681723,5,1,0.9462423721501262,5,1,0.8947991461062856
PROCESS-2_rec__223,0,3,0,0.4011448660357799,3,0,0.46797537050495164,3,1,0.5495705712842199,3,0,0.482205047163462,3,0,0.2163315558910495,3,0,0.23436509252204152,3,0,0.2340758668721326
PROCESS-2_rec__224,1,2,1,0.8361627148478145,2,0,0.42892185855888726,2,1,0.7617276356144621,2,1,0.9113607221531695,2,1,0.8130384311086856,2,1,0.8709598283619027,2,1,0.9451617434131132
PROCESS-2_rec__225,1,4,1,0.6163047179825344,4,0,0.48150618455549415,4,0,0.47903857392808985,4,0,0.4691497853283666,4,0,0.21082341126279291,4,0,0.03284522225451882,4,0,0.13605436886979327
PROCESS-2_rec__226,1,1,0,0.3896658441354014,1,0,0.42845495086295526,1,0,0.3290821572430582,1,0,0.26117384650976533,1,0,0.16563960090676086,1,0,0.088870161154351,1,0,0.13159691666575987
PROCESS-2_rec__227,1,1,0,0.3272167913072117,1,0,0.44796001651018125,1,0,0.37456090345628845,1,0,0.3900342453835668,1,0,0.486818237515604,1,1,0.7456567828306396,1,0,0.47632445961702263
PROCESS-2_rec__228,1,4,1,0.5058382077088178,4,0,0.48263394324382114,4,1,0.5801134473526114,4,1,0.5293992926565207,4,1,0.6480178772003433,4,1,0.7757121331105871,4,1,0.7101671224580435
PROCESS-2_rec__229,1,5,0,0.48408756520960017,5,1,0.6038261433014628,5,1,0.6332278264592013,5,1,0.5720920128094705,5,1,0.5278452569013399,5,1,0.678201767730374,5,1,0.5647664994151255
PROCESS-2_rec__230,1,5,0,0.48544905713150527,5,1,0.5870245261604181,5,1,0.5523613718173492,5,1,0.5630678729240962,5,1,0.6384907401703451,5,1,0.7275076106374204,5,1,0.5591735039954644
PROCESS-2_rec__231,1,3,1,0.6120711932985584,3,1,0.512650199320731,3,0,0.31713465657897855,3,0,0.40616277267394735,3,1,0.7899013085107344,3,1,0.7190041041938363,3,1,0.8175551437475596
PROCESS-2_rec__232,0,4,1,0.5375907810410152,4,0,0.49906632589288763,4,1,0.5084320369064482,4,0,0.46017230202341347,4,1,0.6207215474557178,4,0,0.43320137649839563,4,1,0.5720474684654888
PROCESS-2_rec__233,1,2,1,0.5758763185230303,2,0,0.20942819471187069,2,0,0.4275782673983651,2,0,0.32585160390785484,2,1,0.6399115062915499,2,0,0.4536965664175482,2,0,0.34625548562156716
PROCESS-2_rec__234,1,5,0,0.34566955507834907,5,1,0.6115389656182241,5,1,0.5741932735762325,5,1,0.6224186574800084,5,1,0.9096015942210552,5,1,0.9023569210988178,5,1,0.862117337598307
PROCESS-2_rec__235,1,4,1,0.5664880157142418,4,0,0.44858078288860265,4,1,0.865325240062333,4,1,0.8071390114062659,4,0,0.4703851622028954,4,0,0.47233248653501914,4,1,0.6968729059180236
PROCESS-2_rec__236,1,1,1,0.6037605260683017,1,1,0.5133150421065082,1,1,0.5373334735599622,1,1,0.5761507320207093,1,1,0.7935412493591022,1,1,0.8195002945677236,1,1,0.8478240383388744
PROCESS-2_rec__237,1,5,0,0.39816866922207744,5,0,0.457567107920178,5,1,0.5370557654407401,5,0,0.42451028677705044,5,1,0.6490774857127815,5,1,0.5455563507862354,5,0,0.4961660453727312
PROCESS-2_rec__238,1,5,1,0.6281263336476622,5,1,0.6803902758556732,5,1,0.8155480564246091,5,1,0.8890010522995947,5,1,0.881035322318402,5,1,0.9089216227021013,5,1,0.8214703468769183
PROCESS-2_rec__239,1,3,1,0.7435730477627774,3,1,0.7726691956245978,3,1,0.5483108742939418,3,1,0.76163926099464,3,1,0.5885584231729354,3,0,0.49600518422517087,3,0,0.4658558825388035
PROCESS-2_rec__240,1,2,1,0.501525828292335,2,0,0.48672569398277105,2,1,0.7404240574001348,2,1,0.6719224343086916,2,1,0.7594209692704665,2,1,0.8500900063590675,2,1,0.8444043307227571
PROCESS-2_rec__241,1,5,1,0.5523391052856521,5,0,0.4208762420334986,5,1,0.5243989957368567,5,0,0.4524195642744283,5,1,0.6215558012964634,5,1,0.5270556375115614,5,1,0.5118484452274876
PROCESS-2_rec__242,1,4,1,0.5060511234658241,4,1,0.7832856571130569,4,1,0.7424136470314295,4,1,0.7559015852180704,4,1,0.87680433509182,4,1,0.9797572229497794,4,1,0.9278545894213384
PROCESS-2_rec__243,0,4,0,0.3893312541320451,4,0,0.44361652789400596,4,0,0.3335825334265692,4,0,0.310604479214802,4,0,0.30130065572910597,4,0,0.30811413546955635,4,0,0.2128080249888264
PROCESS-2_rec__244,1,5,1,0.5857964427491374,5,1,0.6104129941807381,5,1,0.6336967348839025,5,1,0.7013182782526257,5,1,0.7265870307769384,5,1,0.9155617535777534,5,1,0.9066500644704137
PROCESS-2_rec__245,0,3,0,0.4469012005947513,3,0,0.3572974119075772,3,0,0.43190608160137783,3,0,0.3260681814922445,3,0,0.06140737746510201,3,0,0.1117187990477385,3,0,0.08882400930235952
PROCESS-2_rec__246,0,3,1,0.5549725103791622,3,1,0.5076832737182027,3,1,0.7390974959511498,3,1,0.6987320954116485,3,0,0.3303151866117263,3,1,0.6018145869247462,3,1,0.5764726810447982
PROCESS-2_rec__247,1,5,0,0.4884801645100236,5,0,0.4233861531189449,5,1,0.5604187419444914,5,1,0.5129198039582983,5,1,0.5940277019603264,5,1,0.8359996990153451,5,1,0.5924648745658319
PROCESS-2_rec__248,1,5,1,0.5583305564295817,5,1,0.5072573646715102,5,1,0.6524239715087221,5,1,0.6450696957298875,5,0,0.2857648029949289,5,0,0.2665712508465833,5,0,0.22357186746731403
PROCESS-2_rec__249,1,2,0,0.4277838865655758,2,0,0.4794749129213261,2,1,0.6544090423069037,2,1,0.5618755114214988,2,1,0.5131974595740963,2,1,0.6451543494709086,2,1,0.55551780763098
PROCESS-2_rec__250,1,1,1,0.8167180413068517,1,0,0.4970839314745604,1,1,0.5522350184037155,1,1,0.7344164409653898,1,1,0.6978994914320568,1,1,0.8669839305724066,1,1,0.8870771999277176
PROCESS-2_rec__251,0,5,1,0.5044588123990754,5,0,0.41855799501855306,5,1,0.5121372676119508,5,1,0.5431674553968314,5,0,0.11282280459183784,5,0,0.17105572093693333,5,0,0.19437859801053772
PROCESS-2_rec__252,1,2,1,0.6549201598305802,2,0,0.21591138477472693,2,0,0.38055212648175346,2,0,0.33542174393835955,2,1,0.7458507422984182,2,1,0.591212995109971,2,1,0.6059970627491057
PROCESS-2_rec__253,1,5,0,0.39418800406104026,5,0,0.391668380376387,5,0,0.4292998079336662,5,0,0.3552984139976742,5,0,0.17357462167201446,5,0,0.06533338688926894,5,0,0.30331213637823407
PROCESS-2_rec__254,1,4,0,0.4743680861393114,4,0,0.4353863593148911,4,0,0.34447669842375667,4,0,0.33611846115823774,4,1,0.5722997737203029,4,1,0.556873450181858,4,1,0.5045100353609568
PROCESS-2_rec__255,0,5,0,0.4433476404042262,5,0,0.470989092573019,5,0,0.46844186974945995,5,0,0.36949137832617274,5,0,0.14468388912288152,5,0,0.2008627695460769,5,0,0.20148513433632043
PROCESS-2_rec__256,1,3,1,0.8930919075936127,3,1,0.7988386641779501,3,1,0.6934036379312615,3,1,0.9124317809807231,3,0,0.2960178159881524,3,0,0.38432615238280265,3,1,0.5817508395378581
PROCESS-2_rec__257,1,4,1,0.8452746639741434,4,1,0.7206929048628496,4,1,0.9301259130426129,4,1,0.9532409918728796,4,0,0.4291900111435629,4,1,0.9485056332811341,4,1,0.8141752007404022
PROCESS-2_rec__258,1,2,1,0.6872385787634729,2,1,0.5025349796938339,2,1,0.6398695503586959,2,1,0.7933179140004706,2,0,0.40952216462046476,2,1,0.51741798334924,2,1,0.6420533228993234
PROCESS-2_rec__259,1,2,1,0.5015035955873142,2,0,0.369820688590332,2,1,0.6834044489129695,2,0,0.48846844959652286,2,1,0.7500258346728913,2,1,0.7264493830164284,2,1,0.5773117683835801
PROCESS-2_rec__260,0,3,1,0.5223970043936584,3,1,0.6515740296375454,3,1,0.6049580099692593,3,1,0.6032475116499659,3,0,0.42085142164290024,3,0,0.45999516612997615,3,1,0.5083446168946244
PROCESS-2_rec__261,0,1,0,0.398965980676778,1,1,0.5474666300899402,1,0,0.36547718835382365,1,0,0.3783836241658446,1,0,0.4797575435038338,1,0,0.28608186071466296,1,0,0.4166018155820249
PROCESS-2_rec__262,1,2,0,0.3536626934970917,2,0,0.4028917066294949,2,0,0.31561940795435817,2,0,0.2330523382538008,2,1,0.5503788955884732,2,1,0.5154057599200761,2,0,0.44922917917014926
PROCESS-2_rec__263,0,4,0,0.45166521066775883,4,1,0.5025098681716051,4,0,0.4680500842351265,4,0,0.46592355597995366,4,1,0.51390762921004,4,1,0.6904537372885566,4,1,0.5512572292339202
PROCESS-2_rec__264,0,1,1,0.5674649251598722,1,0,0.4332475086024407,1,1,0.635023096588903,1,1,0.6974443595220222,1,0,0.491441598358592,1,1,0.8639177949760851,1,1,0.6614979215672725
PROCESS-2_rec__265,1,5,0,0.4165669390865309,5,0,0.42515556430479007,5,0,0.4536614481239533,5,0,0.3459090143442909,5,1,0.6226328601055791,5,1,0.8797537224642134,5,1,0.5961122139979164
PROCESS-2_rec__266,0,2,0,0.3941839268410636,2,0,0.20315659565198424,2,0,0.2596244274335554,2,0,0.19035969449712944,2,1,0.7685477396410553,2,1,0.6564637078163837,2,0,0.44099596371206984
PROCESS-2_rec__267,0,5,0,0.4623337797242897,5,0,0.45942005277297204,5,0,0.37783916482519414,5,0,0.42153806341615047,5,0,0.27750316026201,5,0,0.16460066773763313,5,0,0.27505188116791995
PROCESS-2_rec__268,0,1,1,0.6126696354881062,1,1,0.5468944504806305,1,0,0.44861648158251816,1,1,0.6113452339588595,1,0,0.27784929330837693,1,1,0.6514991131543283,1,1,0.7304754336471402
PROCESS-2_rec__269,1,4,0,0.38821592257807674,4,0,0.4062405406340106,4,1,0.8115740144579673,4,1,0.6967592849329266,4,1,0.9642413285699972,4,1,0.9751859210128186,4,1,0.9647933626586664
PROCESS-2_rec__270,0,1,0,0.3304078176883916,1,0,0.41747179534819845,1,0,0.42974152680257005,1,0,0.24622816811794881,1,0,0.21142602284296358,1,0,0.12322276267857785,1,0,0.06763429189559997
PROCESS-2_rec__271,0,2,1,0.5455366812734643,2,0,0.38059568364691454,2,0,0.47087665209560453,2,1,0.5070608702691757,2,0,0.24424380313241545,2,0,0.26788288803325705,2,0,0.287989879109291
PROCESS-2_rec__272,0,3,0,0.4192999064172329,3,0,0.48968662945516334,3,1,0.6593373100703923,3,1,0.5439305603359069,3,0,0.0980728034503373,3,0,0.20586740684433688,3,0,0.1687915857135544
PROCESS-2_rec__273,0,5,1,0.5095187655696574,5,1,0.5783629440639868,5,1,0.5414366808731662,5,1,0.5064856174776626,5,0,0.2837443145706858,5,0,0.3350649128269228,5,0,0.434915284541572
PROCESS-2_rec__274,0,5,0,0.49733568422703067,5,1,0.5036369131351851,5,0,0.4718459619506224,5,1,0.5222849552315472,5,0,0.2100548473022751,5,0,0.20108965460563616,5,0,0.2650215637751458
PROCESS-2_rec__275,1,1,1,0.684983772704965,1,1,0.6056659572819234,1,0,0.41827016426235397,1,0,0.4697917062780167,1,1,0.5077358570505142,1,0,0.4115289132018824,1,1,0.6932082002086921
PROCESS-2_rec__276,1,4,1,0.7759550260173536,4,1,0.539869334115248,4,1,0.5632135104279256,4,1,0.7120408922408834,4,1,0.9441302167392444,4,1,0.9816497717048317,4,1,0.9707323864788375
PROCESS-2_rec__277,0,2,0,0.3282177255692715,2,0,0.3935578473822391,2,0,0.21794048974256927,2,0,0.2537961297930538,2,0,0.20033470453437943,2,0,0.0975957083148615,2,0,0.08938720732807477
PROCESS-2_rec__278,1,5,0,0.4337377123016489,5,0,0.3888657669297888,5,0,0.39464414726957603,5,0,0.47766778991871717,5,1,0.6611462497440009,5,1,0.6562683255139341,5,1,0.7057687914654541
PROCESS-2_rec__279,0,2,1,0.5169586682274289,2,1,0.5515210438865042,2,0,0.49941743191895877,2,1,0.6081098358827547,2,0,0.2780350695473161,2,0,0.3816948103834803,2,0,0.49842687046996825
PROCESS-2_rec__280,0,4,0,0.3705928190961341,4,0,0.4046792615091293,4,0,0.31589149796867744,4,0,0.40213742240425476,4,1,0.5218164631503989,4,1,0.6491072110628999,4,1,0.5688157163750851
PROCESS-2_rec__281,1,1,0,0.35507734417246717,1,1,0.570230676302771,1,1,0.5798347369010266,1,1,0.5186335841313726,1,0,0.25103950194198654,1,0,0.13867761036473655,1,0,0.1934143517560399
PROCESS-2_rec__282,0,2,0,0.4268133895585246,2,0,0.4638969089935807,2,0,0.14642023229919887,2,0,0.15013960395006345,2,0,0.12256711253275225,2,0,0.037066567094544624,2,0,0.03974639609779111
PROCESS-2_rec__283,1,4,1,0.6549916522052059,4,1,0.6483193985833914,4,1,0.5831272051258043,4,1,0.6225296324720487,4,1,0.5625091520210804,4,1,0.8998296899058315,4,1,0.6460055789899811
PROCESS-2_rec__284,1,5,1,0.6773262598027074,5,0,0.489152459703857,5,0,0.41910284780567697,5,1,0.5229903328106,5,0,0.4615101722783799,5,0,0.14475350293037345,5,1,0.6656001338381486
PROCESS-2_rec__285,1,3,1,0.5820658474460061,3,1,0.5945917122124154,3,1,0.5439588214082253,3,1,0.6177664375918048,3,0,0.14502361771428882,3,0,0.18405392907221127,3,0,0.17596540820324835
PROCESS-2_rec__286,1,4,0,0.4554020349617471,4,1,0.5200119571878282,4,1,0.645212863022722,4,0,0.33828187311829827,4,1,0.8309902676356619,4,1,0.9707790112398403,4,1,0.5825141945776815
PROCESS-2_rec__287,0,5,0,0.4167755733222042,5,0,0.40222656395702433,5,0,0.3877994069134865,5,0,0.3929903170851181,5,0,0.28409342804855053,5,0,0.40370288845046076,5,0,0.21605917374768063
PROCESS-2_rec__288,0,2,0,0.4641089154680359,2,0,0.3792662738176664,2,0,0.38527289992410724,2,0,0.43909556658605253,2,0,0.09548021997252931,2,0,0.08446934444218801,2,0,0.08902365454262148
PROCESS-2_rec__289,0,2,0,0.32148947204947625,2,1,0.5803479246391574,2,0,0.29216762865649853,2,0,0.4108867228938482,2,0,0.16303957425373317,2,0,0.14852660704817802,2,0,0.13256816661599435
PROCESS-2_rec__290,0,3,0,0.3873782487329152,3,0,0.4729789131268355,3,1,0.7060772122438278,3,1,0.5322943113889187,3,0,0.10914474002385151,3,0,0.31146350160257386,3,0,0.29627879756272274
PROCESS-2_rec__291,0,1,0,0.4405716751544907,1,0,0.4803490851864442,1,0,0.2779884723200024,1,0,0.28332354743211324,1,1,0.5646655367158613,1,1,0.5235808169115013,1,1,0.676698534475356
PROCESS-2_rec__292,0,2,0,0.38961415966523744,2,0,0.3702812780290252,2,0,0.3384099738171704,2,0,0.3250383379016242,2,0,0.3969308591133329,2,0,0.28685246507843465,2,0,0.25822146562866755
PROCESS-2_rec__293,1,3,1,0.7235275149593579,3,1,0.5666956945179038,3,1,0.719534994872816,3,1,0.801659492106118,3,0,0.43277081358078523,3,1,0.6454972548168926,3,1,0.7381096665342342
PROCESS-2_rec__294,0,5,0,0.4163674746546952,5,1,0.5634932092897924,5,0,0.33677787975647466,5,0,0.36416218276495854,5,1,0.6780496475440335,5,1,0.5590903320748228,5,1,0.7774528047493635
PROCESS-2_rec__295,0,5,0,0.47006611861455533,5,0,0.4483686813163119,5,0,0.48699490949717794,5,0,0.449161379180304,5,0,0.13949308815268513,5,0,0.14299132961291314,5,0,0.2222028435461699
PROCESS-2_rec__296,1,1,0,0.32413198637049545,1,0,0.4677774852164517,1,1,0.6411465804392081,1,0,0.4705834447587592,1,1,0.8700541587272836,1,1,0.9187205805923476,1,1,0.8796827205233569
PROCESS-2_rec__297,0,2,1,0.5552508423111165,2,0,0.44266986327064045,2,0,0.2984689806769701,2,0,0.2836776167493149,2,0,0.42940940705494285,2,0,0.22730221648190613,2,0,0.24975964494178873
PROCESS-2_rec__298,0,5,1,0.5603638552374094,5,0,0.43634326549569413,5,1,0.5494635693490361,5,1,0.603579042495712,5,1,0.6999798635845418,5,1,0.6853971623753785,5,1,0.786628920223044
PROCESS-2_rec__299,1,3,0,0.40394748420945237,3,0,0.34026061553821607,3,0,0.21520052168180903,3,0,0.20500274596397494,3,0,0.14112542576865408,3,0,0.15668397817602187,3,0,0.13281351048129908
PROCESS-2_rec__300,0,1,0,0.44974934999200467,1,0,0.39708684643306474,1,0,0.46224873970938407,1,0,0.38935194535740547,1,1,0.6342135708662235,1,1,0.5413629296939183,1,1,0.5002385071082047
PROCESS-2_rec__301,0,2,0,0.473857741209703,2,0,0.47750899088552234,2,0,0.36436298293020086,2,0,0.3637263580656189,2,0,0.24903830031718585,2,0,0.17071845500852847,2,0,0.1897074498776061
PROCESS-2_rec__302,0,5,1,0.5059076058473505,5,0,0.4867639420504718,5,0,0.37523073182239775,5,0,0.36017659549718367,5,0,0.3057245104725867,5,0,0.2795371793379919,5,0,0.3229432183063638
PROCESS-2_rec__303,1,2,0,0.42758591543158425,2,1,0.6043517605673666,2,0,0.3891508969659703,2,0,0.29151102581197996,2,0,0.20144176748924988,2,0,0.17286828455131803,2,0,0.14243967000589694
PROCESS-2_rec__304,0,4,0,0.436039544251515,4,0,0.31064868253308875,4,0,0.43778740667013477,4,0,0.4217071499016653,4,1,0.5015882360593676,4,1,0.504449119087886,4,0,0.44786622067606197
PROCESS-2_rec__305,0,4,0,0.4689351255695564,4,0,0.3983624502154414,4,1,0.6637093421893157,4,1,0.5120704764749678,4,0,0.2852043509471087,4,1,0.5676101079885983,4,0,0.23958833864126963
PROCESS-2_rec__306,1,4,1,0.5185964737773964,4,0,0.4277033007718019,4,1,0.6514517597597148,4,1,0.6778473413615398,4,0,0.19979974276158569,4,0,0.48374240326439844,4,0,0.43452342550637
PROCESS-2_rec__307,0,4,0,0.48420895892065163,4,1,0.5569377964524668,4,0,0.37237061279702166,4,0,0.33886275991980475,4,0,0.0889911112475647,4,0,0.03199223693620112,4,0,0.059717724292225154
PROCESS-2_rec__308,0,3,1,0.5338100965238995,3,1,0.519740374322211,3,0,0.4358519767541084,3,1,0.5014691079762132,3,0,0.4746965023599335,3,1,0.5918849712160723,3,1,0.5628785202325358
PROCESS-2_rec__309,1,5,1,0.5488526197665116,5,1,0.5390538558099998,5,0,0.4442899824161915,5,0,0.48273646495974293,5,0,0.4582733454406075,5,0,0.4055563049730865,5,0,0.3417819316830308
PROCESS-2_rec__310,0,3,0,0.3634103799993222,3,1,0.5463072870734633,3,0,0.3534421120372438,3,0,0.41334844598923426,3,1,0.7256190802858925,3,1,0.557973198255138,3,1,0.5071861732169588
PROCESS-2_rec__311,0,4,1,0.60087658560533,4,0,0.4917621014105733,4,1,0.6976380814447953,4,1,0.5829008360804244,4,1,0.5964814539253179,4,1,0.8287047794856689,4,1,0.6947776222573133
PROCESS-2_rec__312,0,5,0,0.36463235378308867,5,0,0.4563263275186405,5,0,0.3129657427043823,5,0,0.24440011628571615,5,0,0.2891313943247111,5,0,0.1179554946606871,5,0,0.14066222022069566
PROCESS-2_rec__313,0,1,1,0.6674547579191207,1,1,0.6616969541835281,1,1,0.6550927562819868,1,1,0.7193146466550691,1,1,0.910767379662642,1,1,0.9931604026340896,1,1,0.968690986476545
PROCESS-2_rec__314,0,3,0,0.33833265059755546,3,0,0.4806554067287099,3,0,0.4196901916832336,3,0,0.3484704045596325,3,1,0.5510055673682855,3,0,0.34925451104993127,3,0,0.2573070089616864
PROCESS-2_rec__315,0,4,1,0.5154828482768425,4,1,0.5057973020139256,4,0,0.38605076859314663,4,0,0.415293197689267,4,0,0.20270292513357913,4,0,0.13939158698906,4,0,0.15235181662508435
PROCESS-2_rec__316,0,1,0,0.33288651519685675,1,0,0.3829496269038499,1,0,0.4332241053628063,1,0,0.29772669993890594,1,0,0.20319987869348732,1,0,0.10948118639259297,1,0,0.10853140818222035
PROCESS-2_rec__317,0,3,0,0.3173170504107346,3,0,0.4382103324310871,3,1,0.5245133239805246,3,0,0.4410800061793238,3,0,0.028671462027120412,3,0,0.11118509659769561,3,0,0.06973692340143361
PROCESS-2_rec__318,1,1,1,0.8873387581087626,1,1,0.6815189867328868,1,1,0.7928104469804017,1,1,0.8640787149884303,1,1,0.9641722594085121,1,1,0.9878184728595192,1,1,0.9631875424689976
PROCESS-2_rec__319,1,5,1,0.6560763987583436,5,1,0.6060169779651773,5,1,0.7176590877140019,5,1,0.7489223856841127,5,1,0.8558243161763498,5,1,0.9495548647531985,5,1,0.8839949562099679
PROCESS-2_rec__320,0,4,0,0.4589186529868825,4,1,0.5699693681313117,4,0,0.22954565641507801,4,0,0.2629466405824238,4,0,0.12437376883987385,4,0,0.028124229886595232,4,0,0.051166988789926475
