participant_id,true_label,logistic_fold,logistic_prediction,logistic_score,linear_svm_fold,linear_svm_prediction,linear_svm_score,rbf_svm_fold,rbf_svm_prediction,rbf_svm_score,random_forest_fold,random_forest_prediction,random_forest_score,xgboost_fold,xgboost_prediction,xgboost_score
PROCESS-2_rec__001,0,4,0,0.12241574597738059,4,0,-1.0396193792075938,4,0,-1.343933335590796,4,0,0.07172460317460319,4,0,0.18914024531841278
PROCESS-2_rec__002,0,4,0,0.22970703771207748,4,0,-0.5197610807015068,4,0,-0.8703147056552436,4,0,0.30942525252525244,4,0,0.43602943420410156
PROCESS-2_rec__003,1,1,0,0.4941121859973328,1,0,-0.15142281571946617,1,0,-0.29998144497621326,1,0,0.46354902615726695,1,0,0.3538799583911896
PROCESS-2_rec__004,0,5,1,0.7641903651429426,5,1,0.47345103974344627,5,0,-0.4675669947285823,5,0,0.31111254471350386,5,1,0.578688383102417
PROCESS-2_rec__005,0,2,0,0.27309106575570113,2,0,-0.23552847457628368,2,0,-0.8562576606179703,2,0,0.23264329004329,2,0,0.24044038355350494
PROCESS-2_rec__006,1,5,1,0.7058036011785865,5,1,0.3440039189957914,5,1,0.517340912735839,5,1,0.5384761755730798,5,1,0.763995349407196
PROCESS-2_rec__007,1,4,1,0.7790417649595206,4,1,1.0422526001601136,4,1,0.6709191378267768,4,1,0.7292269119769124,4,1,0.8554092049598694
PROCESS-2_rec__008,1,3,0,0.39027689268415267,3,0,-0.19055877727739357,3,0,-0.08122248121735731,3,0,0.40411068658723415,3,0,0.23285719752311707
PROCESS-2_rec__009,1,2,0,0.44100132139531206,2,0,-0.3730636523804492,2,1,0.7121739784420715,2,1,0.6254650072150073,2,0,0.4351292550563812
PROCESS-2_rec__010,1,1,1,0.627516269575677,1,1,0.3371144481180295,1,1,0.24963638288949647,1,1,0.5440291505358384,1,1,0.7423011660575867
PROCESS-2_rec__011,1,4,1,0.8293262070696515,4,1,0.3765354897299502,4,1,1.0213820865488463,4,1,0.9018222222222221,4,1,0.9474480152130127
PROCESS-2_rec__012,1,5,1,0.995732318622495,5,1,2.129488360088847,5,1,0.7424678440559328,5,1,0.8891646850861558,5,1,0.9921728372573853
PROCESS-2_rec__013,0,3,0,0.10914839252715083,3,0,-0.8046355571834148,3,0,-0.16217211971343415,3,0,0.39798021586256893,3,0,0.20590408146381378
PROCESS-2_rec__014,0,1,0,0.1340540541957543,1,0,-0.6781800180468746,1,0,-0.8672135257993604,1,0,0.11721206632677801,1,0,0.07537414133548737
PROCESS-2_rec__015,0,4,0,0.12514823066377395,4,0,-1.0509156919680682,4,0,-1.201070094357109,4,0,0.07687698412698414,4,0,0.069302037358284
PROCESS-2_rec__016,1,1,1,0.6896838909152381,1,0,-0.003345983568399463,1,1,0.40564642913016274,1,1,0.5641013440168817,1,1,0.5418041348457336
PROCESS-2_rec__017,0,2,1,0.5926740586320799,2,1,0.15447521578206386,2,1,0.3136602670775938,2,0,0.47565873015873,2,0,0.28492271900177
PROCESS-2_rec__018,1,2,0,0.48050208302576836,2,1,0.08819278726566021,2,0,-0.417920015245976,2,0,0.4400303624480097,2,1,0.6327172517776489
PROCESS-2_rec__019,1,1,1,0.508148175381499,1,1,0.32038076487054645,1,0,-0.3196850552087277,1,0,0.3843084865121205,1,0,0.17515181005001068
PROCESS-2_rec__020,0,4,1,0.6847945078682506,4,1,0.547494664745766,4,1,0.21175757675198237,4,1,0.7260460317460318,4,1,0.8222206234931946
PROCESS-2_rec__021,0,5,1,0.7874797378340109,5,1,0.48547789912547995,5,1,0.2321905757856274,5,1,0.6849246008411659,5,1,0.7171083688735962
PROCESS-2_rec__022,0,1,0,0.368628354220874,1,0,-0.1923414580353975,1,1,0.16087468364499002,1,1,0.5684563918893367,1,1,0.734269917011261
PROCESS-2_rec__023,1,4,1,0.762061803579617,4,1,0.5107948323159951,4,1,0.8380628299936688,4,1,0.7740626984126981,4,1,0.6586443781852722
PROCESS-2_rec__024,1,2,0,0.479844855243895,2,0,-0.011831169599217518,2,0,-0.5459146377583112,2,0,0.29634264069264066,2,0,0.3277137279510498
PROCESS-2_rec__025,1,2,1,0.9159359460047399,2,1,1.558889885262215,2,1,1.149221046949087,2,1,0.8509388888888889,2,1,0.973024308681488
PROCESS-2_rec__026,1,4,0,0.07798034165426783,4,0,-1.279041693060992,4,0,-1.312748360197326,4,0,0.2895696969696971,4,0,0.2338600605726242
PROCESS-2_rec__027,0,3,0,0.3359556993791486,3,0,-0.2620344388194766,3,0,-0.13428020480051395,3,0,0.42884453576179626,3,0,0.3717983365058899
PROCESS-2_rec__028,0,1,1,0.570839723983489,1,0,-0.04821384224386674,1,1,0.7059267897042998,1,1,0.623428697088023,1,0,0.39039620757102966
PROCESS-2_rec__029,1,2,1,0.9232046372286615,2,1,1.50214336790045,2,1,1.1544300226778705,2,1,0.8573840548340549,2,1,0.956014096736908
PROCESS-2_rec__030,1,4,1,0.7657213688393544,4,1,0.5034775400179824,4,1,1.0060567987789995,4,1,0.8177150793650794,4,1,0.8893010020256042
PROCESS-2_rec__031,0,3,1,0.6734815884806111,3,1,0.28623182075410514,3,1,0.806922404490281,3,1,0.760987408343291,3,1,0.8183460831642151
PROCESS-2_rec__032,0,1,0,0.43813159134087654,1,0,-0.17137209518007937,1,0,-0.7001779262072526,1,0,0.23535078913265658,1,0,0.41861626505851746
PROCESS-2_rec__033,0,1,0,0.37849999819126173,1,0,-0.28150164738937655,1,0,-0.453606491465384,1,0,0.2683115250381914,1,0,0.12044772505760193
PROCESS-2_rec__034,0,5,0,0.21501958111499475,5,0,-0.5183779774317725,5,0,-1.3526275401026067,5,0,0.14153470903374507,5,0,0.019808165729045868
PROCESS-2_rec__035,0,5,0,0.09866145044614155,5,0,-0.8455490125263272,5,0,-1.0423305387147541,5,0,0.1415833823520948,5,0,0.018053488805890083
PROCESS-2_rec__036,1,4,0,0.49217778386575894,4,1,0.15599386692821457,4,0,-0.12184125991857875,4,1,0.5730912698412696,4,1,0.5337774157524109
PROCESS-2_rec__037,0,4,0,0.11013091226465038,4,0,-1.038030634089424,4,0,-1.3909760316563184,4,0,0.03276825396825397,4,0,0.02717776969075203
PROCESS-2_rec__038,0,1,0,0.2912889301300833,1,0,-0.27432394971446306,1,0,-1.1299162037632775,1,0,0.17138583299929144,1,0,0.05474285036325455
PROCESS-2_rec__039,1,2,0,0.3627364046069363,2,0,-0.2566782112833663,2,0,-0.5726991696413527,2,0,0.43045230880230856,2,1,0.6634467244148254
PROCESS-2_rec__040,0,3,0,0.3395653873633233,3,0,-0.25130702839907576,3,0,-0.9271328460899482,3,0,0.4092468226561881,3,0,0.48171266913414
PROCESS-2_rec__041,0,1,0,0.3733606782452973,1,0,-0.7635182096812103,1,1,0.21319698830222422,1,1,0.6033139189084599,1,0,0.34196847677230835
PROCESS-2_rec__042,0,1,1,0.5069740151278916,1,0,-0.3154451909273457,1,1,0.26285207950770945,1,1,0.5241228772336427,1,0,0.28538787364959717
PROCESS-2_rec__043,1,5,0,0.32189479535282145,5,0,-0.28225407370778094,5,0,-0.3988630651511058,5,0,0.39392330849506446,5,0,0.04292374849319458
PROCESS-2_rec__044,1,5,1,0.5181505104028877,5,1,0.027579663134034427,5,1,0.7892622141656023,5,1,0.7634937793317496,5,1,0.7710110545158386
PROCESS-2_rec__045,1,1,1,0.5164779392607025,1,1,0.36926121126345124,1,0,-0.4971673053926525,1,0,0.46029096074690046,1,1,0.8132073879241943
PROCESS-2_rec__046,0,1,1,0.5688875008650833,1,1,0.20093878962275258,1,1,0.01827872885645454,1,1,0.5493468008427761,1,1,0.5298327803611755
PROCESS-2_rec__047,0,1,0,0.35258143150800864,1,1,0.31159126354344246,1,1,0.3043715055711962,1,1,0.6042370266150445,1,1,0.8546672463417053
PROCESS-2_rec__048,1,1,0,0.3457364893674552,1,0,-0.24084673519701064,1,0,-0.12946120151240692,1,1,0.5452491528137459,1,0,0.34155014157295227
PROCESS-2_rec__049,0,5,0,0.08819296994441972,5,0,-0.8968411565155305,5,0,-0.7541895307259041,5,0,0.2920194428340446,5,0,0.10865621268749237
PROCESS-2_rec__050,0,4,1,0.7506455121073823,4,1,0.9632481718347078,4,1,0.2945741722549166,4,1,0.6477975857475856,4,1,0.7596340179443359
PROCESS-2_rec__051,1,1,1,0.6088916423402142,1,1,0.191541104596835,1,1,0.33783717427430054,1,1,0.6201726163267617,1,1,0.6953308582305908
PROCESS-2_rec__052,0,2,1,0.9016354532847938,2,1,0.7793924036955275,2,1,0.8975029225581055,2,1,0.6819357142857149,2,1,0.8128705024719238
PROCESS-2_rec__053,1,5,0,0.10056451501333197,5,0,-0.8587045634626407,5,0,-1.1997845776360592,5,0,0.20670198418243999,5,0,0.18077823519706726
PROCESS-2_rec__054,1,3,1,0.9815471364529946,3,1,1.50248570051801,3,1,1.2977843325271015,3,1,0.9193130707699593,3,1,0.9600175023078918
PROCESS-2_rec__055,0,5,0,0.07312669087438238,5,0,-0.9933264298641038,5,0,-0.9852106628966366,5,0,0.29404102753104283,5,0,0.21385659277439117
PROCESS-2_rec__056,0,4,0,0.2920327855451516,4,0,-0.3616717205766174,4,0,-0.8088010832182662,4,0,0.21354126984126984,4,0,0.21858972311019897
PROCESS-2_rec__057,1,1,0,0.34447481559656684,1,0,-0.2627136386000173,1,0,-0.4492327527868677,1,0,0.43360111634677906,1,0,0.12263710796833038
PROCESS-2_rec__058,0,5,0,0.07892303788410111,5,0,-0.9617316690262596,5,0,-1.4461731882494808,5,0,0.09838501832072905,5,0,0.04056882858276367
PROCESS-2_rec__059,1,3,1,0.5547879104338328,3,1,0.058134275055097134,3,1,0.05128172860934399,3,1,0.5879069353934677,3,1,0.5423257350921631
PROCESS-2_rec__060,0,3,1,0.7080693715670173,3,1,0.3138996506126138,3,0,-0.6207671190813637,3,1,0.533128145873734,3,0,0.4457600712776184
PROCESS-2_rec__061,1,4,0,0.41864725224278426,4,0,-0.32232508364138046,4,0,-0.005401230816912683,4,1,0.6949476190476189,4,1,0.6572442650794983
PROCESS-2_rec__062,1,4,0,0.4532343665787127,4,0,-0.4121920225338901,4,1,0.43120721699045345,4,1,0.7025539682539681,4,1,0.7826785445213318
PROCESS-2_rec__063,0,2,0,0.4570513029998796,2,1,0.04985226697462971,2,0,-0.4429179234931838,2,0,0.4545856421356421,2,0,0.3498607277870178
PROCESS-2_rec__064,0,4,1,0.5192292184782742,4,1,0.016095020763634116,4,1,0.17274323547101855,4,1,0.6444848484848481,4,1,0.7332663536071777
PROCESS-2_rec__065,1,5,1,0.9420851273329633,5,1,1.0473547604794073,5,1,1.141327028893881,5,1,0.8409488105664994,5,1,0.9537354707717896
PROCESS-2_rec__066,0,1,0,0.27077229440983563,1,0,-0.6016131726758442,1,0,-0.8251580677243705,1,0,0.3250469020856396,1,0,0.32122737169265747
PROCESS-2_rec__067,1,1,1,0.8031050825478782,1,1,1.1416880640265323,1,1,0.4530006757243815,1,1,0.6255517942211437,1,1,0.8446652293205261
PROCESS-2_rec__068,0,4,0,0.37888540232470774,4,0,-0.4278552904720485,4,1,0.1532946272879685,4,1,0.6171733044733048,4,0,0.4762645661830902
PROCESS-2_rec__069,0,2,0,0.0750054500194372,2,0,-1.0756668163854015,2,0,-0.8571167036816348,2,0,0.06470873015873012,2,0,0.03414810821413994
PROCESS-2_rec__070,1,3,1,0.5709195344056249,3,1,0.10074441050126405,3,1,0.10918440453660772,3,0,0.4731687065600376,3,1,0.5403658151626587
PROCESS-2_rec__071,0,2,1,0.5854096180624503,2,1,0.27916403487308455,2,0,-0.16274740472572602,2,1,0.5203389610389608,2,1,0.6129298210144043
PROCESS-2_rec__072,1,2,1,0.9732857920884099,2,1,1.8612378163585075,2,1,0.8629113449364051,2,1,0.7504285714285718,2,1,0.8121296167373657
PROCESS-2_rec__073,1,1,1,0.9183576721265367,1,1,1.4751845534879229,1,1,0.9766773499096977,1,1,0.7299127672112006,1,1,0.9025827646255493
PROCESS-2_rec__074,0,3,0,0.359904874751007,3,0,-0.23975604136754664,3,0,-0.25078302332062274,3,0,0.38480480289404456,3,0,0.24197512865066528
PROCESS-2_rec__075,1,1,0,0.4740765936637907,1,0,-0.4288166537943442,1,1,0.14487866553779488,1,0,0.45705494295211035,1,0,0.35861459374427795
PROCESS-2_rec__076,0,3,0,0.3781966376357189,3,0,-0.18928891445864515,3,0,-0.40139170372377997,3,0,0.36801179714678167,3,0,0.3675139844417572
PROCESS-2_rec__077,1,3,1,0.5381388077413889,3,1,0.03696342916482829,3,0,-0.15555274659235296,3,1,0.600004012593873,3,1,0.8201308250427246
PROCESS-2_rec__078,0,1,0,0.10803789652108672,1,0,-1.1620048424593001,1,0,-1.2445566900797367,1,0,0.21611725094907874,1,0,0.0683487057685852
PROCESS-2_rec__079,0,5,0,0.24476679360251397,5,0,-0.4258676294636281,5,0,-0.4019917883779611,5,0,0.42413179113551247,5,0,0.051416270434856415
PROCESS-2_rec__080,1,3,0,0.4888303195881544,3,0,-0.031041426413034243,3,0,-0.9547860215159285,3,0,0.35202530831741374,3,0,0.20729859173297882
PROCESS-2_rec__081,1,1,0,0.4688700103011031,1,0,-0.10875080396719392,1,1,0.07178216001051807,1,0,0.47494004856839817,1,0,0.31313419342041016
PROCESS-2_rec__082,1,2,1,0.5368394006883167,2,1,0.02850754554683265,2,1,0.3840814745803173,2,0,0.4674665223665226,2,1,0.6223112344741821
PROCESS-2_rec__083,0,3,0,0.10420917560846102,3,0,-0.8257764648334308,3,0,-0.8021778702607252,3,0,0.24522899388193523,3,0,0.31846854090690613
PROCESS-2_rec__084,1,3,1,0.8329761709165793,3,1,0.6080571643409874,3,1,1.1367741547851455,3,1,0.830306741624389,3,1,0.8711991906166077
PROCESS-2_rec__085,0,4,1,0.9416172478878354,4,1,1.194670057038729,4,1,1.2875366548565337,4,1,0.8426987734487734,4,1,0.9514303207397461
PROCESS-2_rec__086,1,3,1,0.5662010795881232,3,1,0.07209974431956782,3,0,-0.03456023666704955,3,1,0.5564727273242756,3,0,0.4155513644218445
PROCESS-2_rec__087,0,5,1,0.558323314224148,5,1,0.06524444172003582,5,0,-0.21645606979314846,5,0,0.4302536849252465,5,0,0.25021490454673767
PROCESS-2_rec__088,1,5,0,0.43774461934933656,5,0,-0.11132209480932104,5,1,0.38373221233013166,5,1,0.6164284520881093,5,1,0.5073099136352539
PROCESS-2_rec__089,1,4,0,0.15686423588458798,4,0,-0.8371613221127636,4,0,-1.1644325583852644,4,0,0.12766334776334778,4,0,0.11227373033761978
PROCESS-2_rec__090,0,2,0,0.2856509679654536,2,0,-0.5074915192625832,2,0,-1.1003566145517585,2,0,0.1423555555555556,2,0,0.10611360520124435
PROCESS-2_rec__091,0,3,1,0.6135053957858808,3,1,0.1857806439425801,3,1,0.389307614163397,3,1,0.6012354566572063,3,1,0.5267205834388733
PROCESS-2_rec__092,1,1,0,0.3368645307164259,1,0,-0.6785560134449697,1,0,-0.4204129952845491,1,0,0.3713084575590347,1,0,0.07852359116077423
PROCESS-2_rec__093,0,1,0,0.4453288764239432,1,1,0.024373305310437743,1,0,-0.8451875307329809,1,0,0.24438177707812045,1,0,0.1166626438498497
PROCESS-2_rec__094,1,4,1,0.5498972784132106,4,1,0.323663082406804,4,0,-0.529072660523854,4,0,0.28602604617604616,4,0,0.3722979426383972
PROCESS-2_rec__095,0,5,1,0.887856852482938,5,1,0.7741685892218517,5,0,-0.14548016205011816,5,1,0.5528973914884341,5,1,0.8651413917541504
PROCESS-2_rec__096,0,3,0,0.16005937980004642,3,0,-0.6270935436992779,3,0,-0.7591304723785262,3,0,0.3318650742446408,3,0,0.23139818012714386
PROCESS-2_rec__097,0,4,0,0.25095591189346433,4,0,-0.49231310039721055,4,0,-0.9385780557474024,4,1,0.5031083694083692,4,1,0.5156550407409668
PROCESS-2_rec__098,1,2,0,0.25968498125948675,2,0,-0.6228318474547261,2,0,-0.4778931012778035,2,0,0.4320453823953822,2,0,0.3976212739944458
PROCESS-2_rec__099,1,3,0,0.1936307020515728,3,0,-0.56018588142658,3,0,-0.6108922416238212,3,0,0.3787645150772858,3,0,0.24646028876304626
PROCESS-2_rec__100,0,1,0,0.42914527273714814,1,1,0.04578176098980133,1,0,-0.741336122304148,1,0,0.34769257859566344,1,0,0.11536427587270737
PROCESS-2_rec__101,1,4,1,0.6549606758271508,4,1,0.60636264730965,4,1,0.7404784996458758,4,1,0.8167777777777778,4,1,0.85207599401474
PROCESS-2_rec__102,0,3,0,0.3296322776333447,3,0,-0.2725707053915034,3,0,-0.6199308067955476,3,0,0.26651171796040224,3,0,0.16616572439670563
PROCESS-2_rec__103,0,3,1,0.6203237852368766,3,1,0.19076327366464962,3,1,0.15883180992767432,3,1,0.5007471770919141,3,1,0.5464502573013306
PROCESS-2_rec__104,0,1,0,0.10801203768743638,1,0,-1.2395128681581018,1,0,-1.0776812265355167,1,0,0.2539309771595924,1,0,0.07418046146631241
PROCESS-2_rec__105,0,1,0,0.3654338676039794,1,0,-0.17242710796446137,1,0,-0.9001742951546922,1,0,0.2741148689663523,1,0,0.12175758928060532
PROCESS-2_rec__106,1,3,1,0.8416658795376645,3,1,0.6196931053665056,3,1,0.727860238610718,3,1,0.7231452999614765,3,1,0.8202824592590332
PROCESS-2_rec__107,0,3,0,0.1094684483686433,3,0,-0.8169503611060984,3,0,-0.5083618434438664,3,0,0.2878724613192106,3,0,0.25361087918281555
PROCESS-2_rec__108,0,5,0,0.2919446841107517,5,0,-0.34339681669267147,5,0,-0.5588490152132379,5,0,0.3624463744809645,5,0,0.052694473415613174
PROCESS-2_rec__109,0,4,1,0.5366358622095667,4,0,-0.029441289775597887,4,1,0.19317465486299107,4,1,0.6064325396825395,4,1,0.504096508026123
PROCESS-2_rec__110,1,3,0,0.3164145863626682,3,0,-0.30483531522742396,3,0,-0.5942829927074627,3,0,0.37221780017368256,3,0,0.3661448359489441
PROCESS-2_rec__111,1,4,1,0.9750813313363068,4,1,2.052686572761925,4,1,1.4221621368727295,4,1,0.8430721500721501,4,1,0.9276635050773621
PROCESS-2_rec__112,0,2,1,0.7180985072501723,2,1,0.548368417617892,2,1,0.508336414698976,2,0,0.4713585858585856,2,1,0.8048616647720337
PROCESS-2_rec__113,1,2,1,0.805138788738668,2,1,0.661973751802072,2,1,0.7891540366922598,2,1,0.8581635642135648,2,1,0.9662624001502991
PROCESS-2_rec__114,0,1,1,0.5887633997105758,1,0,-0.017814060614930988,1,1,0.45430240824686446,1,1,0.645671163573624,1,1,0.7258981466293335
PROCESS-2_rec__115,1,3,1,0.9994272590288679,3,1,2.853742328455313,3,1,0.8335006796990322,3,0,0.4957478548025761,3,1,0.669205904006958
PROCESS-2_rec__116,1,2,1,0.6891334731957357,2,1,0.27448935421138054,2,1,0.5503626858318423,2,1,0.5413877344877344,2,0,0.3182116150856018
PROCESS-2_rec__117,0,5,0,0.12018685367290871,5,0,-0.7704080937985474,5,0,-0.9076154353725603,5,0,0.11924707297705077,5,0,0.04564385116100311
PROCESS-2_rec__118,1,2,1,0.8668539469214167,2,1,1.0257885634983657,2,1,0.9050027518140875,2,1,0.8368725829725833,2,1,0.9588161706924438
PROCESS-2_rec__119,1,1,1,0.843133454868316,1,1,1.1658667625021741,1,1,1.1476862135272046,1,1,0.7618345209138688,1,1,0.8907505869865417
PROCESS-2_rec__120,0,2,0,0.34554163999588544,2,0,-0.3565155511394158,2,1,0.11478135101111486,2,1,0.5278006493506494,2,0,0.3971770405769348
PROCESS-2_rec__121,0,4,0,0.13419938350935856,4,0,-1.1113292425110326,4,0,-0.4837444877424948,4,0,0.3485622655122657,4,0,0.18327829241752625
PROCESS-2_rec__122,1,4,1,0.866398585737974,4,1,0.5917453241449064,4,1,1.0558099325861727,4,1,0.8872539682539683,4,1,0.9630076885223389
PROCESS-2_rec__123,1,4,1,0.6095098538813681,4,1,0.1481154393862289,4,1,0.2767666178145897,4,1,0.6685611111111109,4,1,0.8507480621337891
PROCESS-2_rec__124,0,5,1,0.7259694749814196,5,1,0.3603462893743788,5,0,-0.1755549067460317,5,1,0.5678089846757614,5,1,0.8233069777488708
PROCESS-2_rec__125,0,3,1,0.6039630769581171,3,1,0.13227223566547197,3,0,-0.014849046437301006,3,0,0.2011601080292258,3,0,0.10833831876516342
PROCESS-2_rec__126,0,1,0,0.4024549745538668,1,0,-0.10574232902091898,1,1,0.30861093737953493,1,1,0.6793658083832227,1,1,0.7264686822891235
PROCESS-2_rec__127,1,2,0,0.27521657919395975,2,0,-0.5626804727455282,2,1,0.16772296610246046,2,1,0.5632578643578645,2,0,0.2917804718017578
PROCESS-2_rec__128,1,1,0,0.43608635934756,1,0,-0.13622870152642322,1,1,0.02237796170667916,1,0,0.46411174558885554,1,0,0.19823874533176422
PROCESS-2_rec__129,1,5,1,0.9326635573570028,5,1,0.9880449118905374,5,1,0.7911923459167494,5,1,0.6690842778996035,5,1,0.9823355078697205
PROCESS-2_rec__130,0,3,0,0.2215042795068659,3,0,-0.47200936910316843,3,0,-0.116427694681975,3,1,0.5318729513950102,3,1,0.5775886178016663
PROCESS-2_rec__131,0,4,0,0.20182785422897867,4,0,-0.6133324739383936,4,0,-0.3043498211267477,4,0,0.48632604617604636,4,1,0.5625780820846558
PROCESS-2_rec__132,1,5,1,0.9987588216327998,5,1,2.5702492557696255,5,1,0.8970321796970288,5,1,0.8494886832547958,5,1,0.9904028177261353
PROCESS-2_rec__133,0,1,1,0.8565216315634548,1,1,1.5664929328664174,1,1,0.8355362469580027,1,1,0.6917636788656515,1,1,0.8634382486343384
PROCESS-2_rec__134,1,2,1,0.6540697537074025,2,1,0.3703052686375736,2,1,0.22406546919307418,2,1,0.5242215007215008,2,1,0.8418498039245605
PROCESS-2_rec__135,0,4,0,0.08656699425522899,4,0,-1.2268598821303354,4,0,-1.257876559480043,4,0,0.12822301587301593,4,0,0.06303533911705017
PROCESS-2_rec__136,1,3,1,0.9637581387049582,3,1,1.2504954663394743,3,1,0.8089001675387383,3,1,0.7908536346694233,3,1,0.9454610347747803
PROCESS-2_rec__137,1,4,1,0.8042050631190745,4,1,0.4613085998312718,4,1,0.6740208472737195,4,1,0.8051658730158731,4,1,0.9600748419761658
PROCESS-2_rec__138,1,2,1,0.596766881222284,2,1,0.07717300803342036,2,1,0.537451177424954,2,1,0.609662626262626,2,1,0.7124249935150146
PROCESS-2_rec__139,1,3,1,0.791343133927644,3,1,0.48528060647661814,3,1,0.5958236007737474,3,1,0.7700252047659943,3,1,0.8560604453086853
PROCESS-2_rec__140,0,4,1,0.5481949864106701,4,0,-0.19250186957577953,4,1,0.537710324650027,4,1,0.5312016594516594,4,1,0.517662525177002
PROCESS-2_rec__141,0,3,0,0.4518462788426154,3,0,-0.06901613405350464,3,0,-0.12027161806151276,3,1,0.5566232961482963,3,1,0.5986126661300659
PROCESS-2_rec__142,0,2,1,0.5298200916025015,2,1,0.21387082290786963,2,1,0.30246847365005836,2,1,0.6387690476190478,2,1,0.866946280002594
PROCESS-2_rec__143,1,1,1,0.8163961594762544,1,1,0.7452106474755874,1,1,0.9709664942843774,1,1,0.6719046387500635,1,1,0.710787296295166
PROCESS-2_rec__144,1,2,1,0.7045835883730214,2,1,0.6428445232487295,2,0,-0.007671326937534806,2,1,0.6121777777777778,2,1,0.8692121505737305
PROCESS-2_rec__145,1,1,1,0.9755738027125332,1,1,2.5778381193583915,1,1,0.7670235432648629,1,1,0.8815595091956548,1,1,0.978781521320343
PROCESS-2_rec__146,1,1,1,0.9170591475674259,1,1,1.2982105619367692,1,1,0.9833969976343591,1,1,0.7356182302647476,1,1,0.9086851477622986
PROCESS-2_rec__147,1,2,1,0.8381079971000465,2,1,0.6318121660270422,2,1,1.121183832303026,2,1,0.8388763125763127,2,1,0.9437717795372009
PROCESS-2_rec__148,1,2,0,0.39159412752886735,2,0,-0.16139262979997132,2,0,-0.5315988179100514,2,0,0.4997155122655124,2,0,0.1702847182750702
PROCESS-2_rec__149,1,3,1,0.7470645798955252,3,1,0.38980017711581527,3,1,0.4050764917113008,3,1,0.5529341041998939,3,1,0.5646714568138123
PROCESS-2_rec__150,1,4,1,0.5984348241009965,4,0,-0.03557713812173194,4,0,-0.03887552146022155,4,1,0.6197603174603173,4,1,0.8650820255279541
PROCESS-2_rec__151,1,5,1,0.5846570935932034,5,1,0.13797586396572264,5,1,0.9909381755208165,5,1,0.8394712647259858,5,1,0.9493331909179688
PROCESS-2_rec__152,1,2,1,0.8431872539872242,2,1,0.7950141070175673,2,1,0.2884383778232826,2,1,0.5843865079365079,2,1,0.6752870082855225
PROCESS-2_rec__153,0,3,0,0.2887188978104703,3,0,-0.32580610637015844,3,0,-0.80244542698702,3,0,0.24512654845154844,3,0,0.17230921983718872
PROCESS-2_rec__154,1,2,0,0.43490631691951603,2,0,-0.2123071393161735,2,0,-0.27912265126158653,2,1,0.5226769119769122,2,0,0.3182840049266815
PROCESS-2_rec__155,0,1,0,0.11832565527944915,1,0,-0.9263160159442332,1,0,-1.3337490375631842,1,0,0.06740097319073442,1,0,0.03213752061128616
PROCESS-2_rec__156,1,5,1,0.9913675639173322,5,1,1.7757757800536205,5,1,1.5636122990110364,5,1,0.9082303147179619,5,1,0.997645914554596
PROCESS-2_rec__157,1,3,1,0.7416322470053495,3,1,0.4010073307638301,3,1,0.3897003657179823,3,1,0.5469260951037269,3,0,0.4550709128379822
PROCESS-2_rec__158,1,3,0,0.14749476193063296,3,0,-0.6954056700990594,3,0,-1.0848909239262794,3,0,0.35971360793489293,3,0,0.3673121929168701
PROCESS-2_rec__159,0,2,1,0.7194372162874683,2,1,0.5857167918381994,2,1,0.5649127213027706,2,1,0.6114541847041844,2,0,0.40212270617485046
PROCESS-2_rec__160,1,3,1,0.7576615825286763,3,1,0.4430013359101921,3,0,-0.1007835083549743,3,1,0.6287884618305668,3,1,0.816669762134552
PROCESS-2_rec__161,1,3,1,0.9146094201288677,3,1,0.9072217040454756,3,1,1.0181606673720318,3,1,0.8561613753893165,3,1,0.9528935551643372
PROCESS-2_rec__162,1,4,0,0.05507314368780173,4,0,-1.406208716706362,4,0,-1.358317608160734,4,0,0.052793650793650795,4,0,0.038714975118637085
PROCESS-2_rec__163,0,4,1,0.727260356826155,4,1,0.8544348725289661,4,1,0.4073829489296109,4,1,0.6111984126984128,4,1,0.7519014477729797
PROCESS-2_rec__164,1,2,0,0.23779523776264466,2,0,-0.5144864437756583,2,0,-0.8017744121392666,2,0,0.42476190476190484,2,0,0.48219558596611023
PROCESS-2_rec__165,1,5,1,0.8854535613099637,5,1,0.7523580947430277,5,1,1.3713181190919306,5,1,0.888012101232101,5,1,0.9959689378738403
PROCESS-2_rec__166,0,1,0,0.21903255492157586,1,0,-0.5509626884757336,1,0,-0.7449769326485361,1,0,0.25697111826208713,1,0,0.34079959988594055
PROCESS-2_rec__167,1,1,1,0.8608880350700434,1,1,1.270918019229917,1,1,0.5265527952089025,1,1,0.5633569062741497,1,1,0.677616536617279
PROCESS-2_rec__168,1,5,0,0.3965566837993359,5,0,-0.14445876469404417,5,0,-0.43461349978848207,5,0,0.4571719622169994,5,0,0.043315254151821136
PROCESS-2_rec__169,1,3,1,0.9657307328203756,3,1,1.3073994847466281,3,1,1.1696747946090356,3,1,0.8859358189196428,3,1,0.9441388845443726
PROCESS-2_rec__170,0,1,0,0.424063748054372,1,0,-0.5853475492780223,1,0,-0.023046837410574894,1,1,0.6356273828410768,1,1,0.5637651085853577
PROCESS-2_rec__171,1,5,1,0.9761444869001256,5,1,1.4111366181794982,5,1,0.4820452476985365,5,0,0.38135832146468884,5,1,0.5209294557571411
PROCESS-2_rec__172,1,4,0,0.350304469469505,4,0,-0.27872888177263877,4,0,-0.43488112989575045,4,0,0.4887538961038961,4,1,0.7342149615287781
PROCESS-2_rec__173,1,3,0,0.40382785151914374,3,0,-0.14763705619620188,3,1,0.11245728245986863,3,0,0.4913529139161494,3,0,0.4059445261955261
PROCESS-2_rec__174,1,1,0,0.26519454400023007,1,0,-0.4597160757019595,1,1,0.03221951227917608,1,0,0.4002472418780231,1,0,0.1393948793411255
PROCESS-2_rec__175,1,1,1,0.6780115199701766,1,1,0.24809780459858297,1,1,0.9980250326729989,1,1,0.7758875122297726,1,1,0.9171814918518066
PROCESS-2_rec__176,0,4,0,0.4725858821880927,4,0,-0.07231861748767521,4,0,-0.2427365359310203,4,0,0.46310191475191476,4,0,0.4640793204307556
PROCESS-2_rec__177,1,3,1,0.9401392716874596,3,1,1.0348141764734624,3,1,0.9325173096559809,3,1,0.7849140192796534,3,1,0.8490349650382996
PROCESS-2_rec__178,0,3,1,0.5935800647027643,3,1,0.15981350426320606,3,1,0.4098344184320441,3,0,0.3924762322043281,3,0,0.26141881942749023
PROCESS-2_rec__179,0,2,1,0.5153862706110185,2,0,-0.004983522528678785,2,0,-0.011564631258703661,2,0,0.4835206349206349,2,0,0.28892871737480164
PROCESS-2_rec__180,0,3,0,0.4448179610476713,3,0,-0.08673286579101037,3,1,0.2571013840896033,3,0,0.4990346204964624,3,0,0.3401268720626831
PROCESS-2_rec__181,1,5,1,0.9867690667435665,5,1,1.6997096591593532,5,1,0.8300814951385875,5,1,0.827424460395126,5,1,0.9937263131141663
PROCESS-2_rec__182,0,5,0,0.3454127470112683,5,0,-0.19390396265880006,5,1,0.619872558068258,5,1,0.6516172268254622,5,1,0.6919631361961365
PROCESS-2_rec__183,0,5,0,0.2459858824689021,5,0,-0.44142848513234906,5,1,0.19112837838429542,5,1,0.5114793181077432,5,1,0.5610857009887695
PROCESS-2_rec__184,0,5,0,0.2337861392041661,5,0,-0.46044990868433333,5,0,-0.9934785538455184,5,0,0.1926254759079383,5,0,0.019673001021146774
PROCESS-2_rec__185,0,2,0,0.33539056657877125,2,0,-0.3160454454507282,2,0,-0.5143796235078458,2,0,0.44112842712842676,2,0,0.28001803159713745
PROCESS-2_rec__186,1,4,1,0.8695315688420847,4,1,1.0157910475985361,4,1,0.9527157459067767,4,1,0.722614285714286,4,1,0.7604119181632996
PROCESS-2_rec__187,1,3,1,0.8058161905163118,3,1,0.5264758990689943,3,1,0.5726668836425081,3,1,0.6567952291258796,3,1,0.6795383095741272
PROCESS-2_rec__188,0,5,0,0.29118379177640613,5,0,-0.3521697800947699,5,0,-0.7269842291549837,5,0,0.3294069424399455,5,0,0.016480807214975357
PROCESS-2_rec__189,1,1,1,0.9228693800198162,1,1,1.4221213883544999,1,1,1.1608218035072606,1,1,0.8154063812657931,1,1,0.9332736730575562
PROCESS-2_rec__190,0,2,0,0.068543810119743,2,0,-1.1173635824358528,2,0,-0.8796065113934511,2,0,0.051349999999999986,2,0,0.016990182921290398
PROCESS-2_rec__191,0,3,0,0.15010465038916274,3,0,-0.6604791065357809,3,0,-0.9144390860851173,3,0,0.17723679229267467,3,0,0.14917729794979095
PROCESS-2_rec__192,1,2,1,0.9055866488006036,2,1,1.0442549699222468,2,1,1.0160865773454049,2,1,0.8669992063492062,2,1,0.9822984933853149
PROCESS-2_rec__193,0,2,0,0.45918333161973124,2,0,-0.015980496224800862,2,1,0.5442692503988565,2,1,0.6170223665223664,2,0,0.4561918079853058
PROCESS-2_rec__194,0,4,1,0.5196071855015937,4,1,0.3235087434395145,4,1,0.2867700408786329,4,1,0.6439040404040405,4,1,0.6804245114326477
PROCESS-2_rec__195,0,4,0,0.41153808105641637,4,0,-0.41137563541811584,4,1,0.1130153723462084,4,1,0.513515945165945,4,0,0.464815229177475
PROCESS-2_rec__196,1,1,1,0.8131085846380555,1,1,0.7398663738205057,1,1,0.36090604746629645,1,0,0.45853407592487194,1,0,0.3693664073944092
PROCESS-2_rec__197,0,4,0,0.17688319586904044,4,0,-0.9235691556612685,4,0,-1.092992120670136,4,0,0.09205901875901876,4,0,0.16983243823051453
PROCESS-2_rec__198,1,4,0,0.29948276579662747,4,0,-0.567000582625279,4,0,-0.7207061352583732,4,0,0.22427936507936505,4,0,0.21847574412822723
PROCESS-2_rec__199,0,2,0,0.44669882044524767,2,0,-0.24224477037937775,2,1,0.2577956835914416,2,1,0.5075111111111111,2,0,0.39327555894851685
PROCESS-2_rec__200,0,5,0,0.23327235704928065,5,0,-0.45382153635291406,5,0,-0.9355746743681264,5,0,0.35261829632400493,5,0,0.13717825710773468
PROCESS-2_rec__201,0,5,0,0.33398665099231545,5,0,-0.2791737911711978,5,0,-0.37240232539706397,5,0,0.29662345456763345,5,0,0.0724601298570633
PROCESS-2_rec__202,0,5,0,0.18768325245570106,5,0,-0.5454162567831276,5,0,-0.7426253215905072,5,0,0.15493666816431323,5,0,0.37432825565338135
PROCESS-2_rec__203,1,5,1,0.8706494854573671,5,1,0.7100122885226421,5,1,0.6951698084038372,5,1,0.7358609583295962,5,1,0.9302012324333191
PROCESS-2_rec__204,0,2,0,0.473123322556241,2,1,0.10054428265852944,2,1,0.29566589759767353,2,1,0.5692944444444445,2,0,0.32517755031585693
PROCESS-2_rec__205,0,1,0,0.28760056854905813,1,0,-0.3622191295167858,1,0,-0.6277793597167945,1,0,0.28552119270721305,1,0,0.22247697412967682
PROCESS-2_rec__206,1,2,1,0.7543586450225933,2,1,0.6734163631985712,2,1,0.16873954480196607,2,0,0.4038993506493508,2,0,0.38588225841522217
PROCESS-2_rec__207,1,3,0,0.33507438612588836,3,0,-0.2486881610345847,3,0,-0.0358578568175435,3,1,0.5381691155937286,3,1,0.7301398515701294
PROCESS-2_rec__208,0,5,0,0.34562718437250245,5,0,-0.24547243482848818,5,0,-0.36536320058371574,5,0,0.37332502912687454,5,0,0.4228366017341614
PROCESS-2_rec__209,0,4,1,0.5113416490040604,4,0,-0.09671893453855263,4,1,0.08568279337175366,4,0,0.4740457819957823,4,0,0.32440394163131714
PROCESS-2_rec__210,1,4,0,0.44006638977182866,4,0,-0.23253911090384904,4,0,-0.10579366256965117,4,0,0.44679126984126966,4,0,0.24423184990882874
PROCESS-2_rec__211,0,2,1,0.571260987273732,2,1,0.14403937009706252,2,0,-0.4843973269962566,2,0,0.1674936507936508,2,0,0.24497373402118683
PROCESS-2_rec__212,1,3,1,0.9463779786579201,3,1,1.0430077968287332,3,1,0.9295242044375771,3,1,0.8687957789372651,3,1,0.9285630583763123
PROCESS-2_rec__213,1,1,1,0.9709603501410801,1,1,2.455496288214953,1,1,1.1459988459228863,1,1,0.835379768107709,1,1,0.9516655206680298
PROCESS-2_rec__214,0,2,0,0.4753500338336256,2,1,0.22468740464752196,2,0,-0.026103371247712892,2,0,0.4904438672438676,2,0,0.48999154567718506
PROCESS-2_rec__215,0,3,0,0.26482827335761655,3,0,-0.3830284992038003,3,0,-0.707623300886854,3,0,0.36409036547387946,3,0,0.32890763878822327
PROCESS-2_rec__216,0,3,1,0.6700313290089854,3,1,0.2924291838462993,3,1,0.741520066839786,3,1,0.7455466540511431,3,1,0.8410643339157104
PROCESS-2_rec__217,0,2,0,0.19358507974058256,2,0,-0.6179324666613373,2,0,-0.8938618053052191,2,0,0.33049862914862893,2,0,0.2810062766075134
PROCESS-2_rec__218,0,2,1,0.6972613802238583,2,1,0.3711496392610462,2,1,0.42726061941528154,2,1,0.734090404040404,2,1,0.7980905175209045
PROCESS-2_rec__219,0,1,0,0.19069397710259042,1,0,-0.5478719631840309,1,0,-1.1169354302459773,1,0,0.2714978782967415,1,0,0.252902626991272
PROCESS-2_rec__220,0,2,1,0.7208214767462628,2,1,0.5617773579856478,2,1,0.10810979833682832,2,1,0.5318269841269839,2,1,0.5981904864311218
PROCESS-2_rec__221,1,3,1,0.9845552558863871,3,1,1.585229121266663,3,1,1.4151624415787194,3,1,0.9296467166820106,3,1,0.9580645561218262
PROCESS-2_rec__222,1,5,1,0.8876009540662761,5,1,0.7814426639115739,5,1,1.1871076363681263,5,1,0.8486267277785852,5,1,0.9708958268165588
PROCESS-2_rec__223,0,3,0,0.21593084139718596,3,0,-0.5198329760555885,3,0,-0.9513348845422065,3,0,0.38258482295997753,3,0,0.28584107756614685
PROCESS-2_rec__224,1,2,1,0.8095753040981286,2,1,0.6114517513985636,2,1,1.2302475885288673,2,1,0.7457145521145525,2,1,0.8195072412490845
PROCESS-2_rec__225,1,4,0,0.20889151923915428,4,0,-0.6964864641005489,4,0,-0.2065165295265814,4,0,0.37912965367965373,4,0,0.13738158345222473
PROCESS-2_rec__226,1,1,0,0.16424379057237154,1,0,-0.7466406786234661,1,0,-0.8927821111335111,1,0,0.25084596746232374,1,0,0.07709342241287231
PROCESS-2_rec__227,1,1,0,0.4839088038896213,1,1,1.5396421703183996,1,1,0.7630113053104818,1,0,0.4403627921078901,1,0,0.4287233352661133
PROCESS-2_rec__228,1,4,1,0.6455715323626943,4,1,0.33248089522725655,4,1,0.3714447121502681,4,1,0.652873199023199,4,1,0.834971010684967
PROCESS-2_rec__229,1,5,1,0.5268713498078784,5,1,0.038007723920208916,5,1,0.08343045804082805,5,0,0.47648952358153374,5,0,0.3021496832370758
PROCESS-2_rec__230,1,5,1,0.6371401468148699,5,1,0.21348609499865645,5,1,0.09436562272646243,5,1,0.6003614130566511,5,1,0.9734007716178894
PROCESS-2_rec__231,1,3,1,0.7897680952803834,3,1,0.48220106427951676,3,0,-0.15827332233389024,3,1,0.5670864219114223,3,0,0.4608173370361328
PROCESS-2_rec__232,0,4,1,0.6197220745541904,4,1,0.04127277415626378,4,1,0.6161263189664655,4,1,0.683888888888889,4,0,0.4314250648021698
PROCESS-2_rec__233,1,2,1,0.6359962269087867,2,1,0.2537679927822847,2,1,0.7830568480223451,2,1,0.7226500000000005,2,1,0.6586841940879822
PROCESS-2_rec__234,1,5,1,0.9098473881427086,5,1,0.9359037898306009,5,1,0.7936998448562154,5,1,0.7618022085671463,5,1,0.9696348905563354
PROCESS-2_rec__235,1,4,0,0.46568626275223657,4,0,-0.5083071372209804,4,1,0.31659021000684784,4,1,0.5425567099567099,4,1,0.5938078165054321
PROCESS-2_rec__236,1,1,1,0.7904494114635702,1,1,0.44532477270623694,1,1,0.33916776252810044,1,1,0.6698573552816238,1,1,0.983252763748169
PROCESS-2_rec__237,1,5,1,0.6476039902425976,5,1,0.21484889527777043,5,1,0.49079693533628804,5,1,0.5251521002379762,5,0,0.06052445247769356
PROCESS-2_rec__238,1,5,1,0.8804939670358782,5,1,0.7774319818136624,5,1,1.0228761767167016,5,1,0.8227796149275564,5,1,0.9514790773391724
PROCESS-2_rec__239,1,3,1,0.5881478341686996,3,1,0.10775516731822964,3,1,0.22091134489974107,3,1,0.5195427616501149,3,1,0.5340995192527771
PROCESS-2_rec__240,1,2,1,0.7554785436822654,2,1,0.7187068983386262,2,1,0.6762901603866475,2,1,0.69535,2,1,0.8331537246704102
PROCESS-2_rec__241,1,5,1,0.6207416770741752,5,1,0.17616181774674086,5,1,0.061934438741930053,5,0,0.38572635267723077,5,0,0.24710692465305328
PROCESS-2_rec__242,1,4,1,0.8749923348674855,4,1,0.9818687195503433,4,1,0.22031070284905263,4,1,0.6402873737373734,4,1,0.8693839907646179
PROCESS-2_rec__243,0,4,0,0.29959228513107655,4,0,-0.24468890462477616,4,0,-0.3402994166994886,4,0,0.4513444444444443,4,1,0.5617151260375977
PROCESS-2_rec__244,1,5,1,0.7256751236280746,5,1,0.34869724929716966,5,1,1.0330329881561395,5,1,0.7775298916732153,5,1,0.9472130537033081
PROCESS-2_rec__245,0,3,0,0.06119961044419897,3,0,-1.0525865317035297,3,0,-1.05490954230527,3,0,0.1867041584232761,3,0,0.1166938841342926
PROCESS-2_rec__246,0,3,0,0.33010627120961666,3,0,-0.2747317214710135,3,0,-0.7028810773504668,3,0,0.4579413634095522,3,1,0.6096968650817871
PROCESS-2_rec__247,1,5,1,0.5927996718859865,5,1,0.1675015476478744,5,1,0.024999937860100463,5,1,0.5889893206308813,5,0,0.4559175670146942
PROCESS-2_rec__248,1,5,0,0.28488483789173025,5,0,-0.3503383736852778,5,0,-0.9485077350533542,5,0,0.14956146874727322,5,0,0.12391780316829681
PROCESS-2_rec__249,1,2,1,0.509859612508776,2,0,-0.06306672751049555,2,1,0.5380935880041274,2,1,0.5344079365079365,2,0,0.40668466687202454
PROCESS-2_rec__250,1,1,1,0.6942508181431,1,1,0.41693588488372824,1,1,0.35366962283410125,1,1,0.5349290848618016,1,1,0.6106382608413696
PROCESS-2_rec__251,0,5,0,0.11252181332198284,5,0,-0.7842657550518821,5,0,-1.5353868544492628,5,0,0.16839493416651927,5,0,0.06231233477592468
PROCESS-2_rec__252,1,2,1,0.7428432908431933,2,1,0.6021019715173024,2,1,0.7794610981980359,2,1,0.7036396825396823,2,1,0.8180559277534485
PROCESS-2_rec__253,1,5,0,0.17356228765977885,5,0,-0.6129521846991983,5,0,-0.3152929528959372,5,0,0.44031034453678414,5,0,0.13932661712169647
PROCESS-2_rec__254,1,4,1,0.5683614615758552,4,1,0.2306113081905752,4,1,0.08625449738384183,4,0,0.44811825396825405,4,0,0.2571360170841217
PROCESS-2_rec__255,0,5,0,0.14432526877614582,5,0,-0.6812029528756829,5,0,-1.0125458263349434,5,0,0.30596978877059444,5,0,0.021859223023056984
PROCESS-2_rec__256,1,3,0,0.2958107213869052,3,0,-0.3425164683086188,3,0,-0.5900863644360328,3,1,0.5233564899153136,3,1,0.5750443339347839
PROCESS-2_rec__257,1,4,0,0.42527418195772576,4,1,0.13075671914000242,4,0,-0.5825488322184478,4,1,0.5298051948051948,4,1,0.5533829927444458
PROCESS-2_rec__258,1,2,0,0.40661831373645024,2,0,-0.10175914416630893,2,1,0.2082682028850747,2,1,0.602315873015873,2,1,0.6586403250694275
PROCESS-2_rec__259,1,2,1,0.7471207272285618,2,1,0.5347898209336766,2,1,0.9859382339826201,2,1,0.8263349206349211,2,1,0.9050119519233704
PROCESS-2_rec__260,0,3,0,0.42046672135498797,3,0,-0.13600872296915895,3,0,-0.785731585107839,3,0,0.33826765600240843,3,0,0.23486633598804474
PROCESS-2_rec__261,0,1,0,0.47641821396219236,1,0,-0.05730757123871319,1,0,-0.3465822293408046,1,0,0.3849046041434074,1,0,0.4833199977874756
PROCESS-2_rec__262,1,2,1,0.5474247866130506,2,1,0.003637424812572114,2,1,0.10570596712957225,2,0,0.4722801587301586,2,0,0.48498499393463135
PROCESS-2_rec__263,0,4,1,0.5107673186789097,4,0,-0.02694809054061717,4,1,0.05294404729177404,4,1,0.5183352813852815,4,0,0.3859722316265106
PROCESS-2_rec__264,0,1,0,0.4878895736650102,1,1,0.519015776160761,1,0,-0.12436753869652128,1,1,0.5064408694839106,1,0,0.4333747625350952
PROCESS-2_rec__265,1,5,1,0.6219430930312707,5,1,0.19021704220724933,5,0,-0.25650100709823886,5,0,0.43539433230445335,5,0,0.4341646134853363
PROCESS-2_rec__266,0,2,1,0.7649459173520499,2,1,0.38025362414976766,2,1,0.7534410884353164,2,1,0.5994823953823954,2,1,0.7735041379928589
PROCESS-2_rec__267,0,5,0,0.2767043535677944,5,0,-0.38982916406984586,5,0,-0.781791456956449,5,0,0.3112244571147284,5,0,0.1322137415409088
PROCESS-2_rec__268,0,1,0,0.2756224022721286,1,0,-0.3774183838204347,1,0,-0.978209547190933,1,0,0.3059370118125465,1,0,0.2610057592391968
PROCESS-2_rec__269,1,4,1,0.9635177886472504,4,1,1.240983270914241,4,1,1.350208043232362,4,1,0.8938967532467532,4,1,0.9819902181625366
PROCESS-2_rec__270,0,1,0,0.20889962423381697,1,0,-0.5470415335489619,1,0,-1.6438964693290705,1,0,0.06378364191347448,1,0,0.06892027705907822
PROCESS-2_rec__271,0,2,0,0.24174049989746815,2,0,-0.3854042340813305,2,0,-1.0391335233040633,2,0,0.17103059163059156,2,0,0.10008328408002853
PROCESS-2_rec__272,0,3,0,0.09804176606181919,3,0,-0.8743790897440264,3,0,-1.2738007295399933,3,0,0.17335218588600948,3,0,0.1250872164964676
PROCESS-2_rec__273,0,5,0,0.28310252419044185,5,0,-0.3900992795841338,5,0,-0.12612142467403575,5,0,0.39053384204967256,5,0,0.11441043764352798
PROCESS-2_rec__274,0,5,0,0.2094990486081654,5,0,-0.5246225211273379,5,0,-0.3489044539625126,5,0,0.4094316140719419,5,0,0.11207608133554459
PROCESS-2_rec__275,1,1,1,0.5047907860762213,1,0,-0.3479845112254678,1,0,-0.2779404533817844,1,0,0.35997681564374734,1,0,0.20395870506763458
PROCESS-2_rec__276,1,4,1,0.9431729629045192,4,1,1.3277825663087235,4,1,1.3655040962351181,4,1,0.9256420634920637,4,1,0.9861130118370056
PROCESS-2_rec__277,0,2,0,0.19842967536664644,2,0,-0.5990751803822983,2,0,-1.1044729820753312,2,0,0.15864437229437228,2,0,0.16224941611289978
PROCESS-2_rec__278,1,5,1,0.6590888471942584,5,1,0.22356466194863966,5,1,0.017369192852268456,5,1,0.547660364448688,5,0,0.4886282682418823
PROCESS-2_rec__279,0,2,0,0.27503470528022156,2,0,-0.4114645047760623,2,0,-0.822872709108532,2,0,0.2322849927849927,2,0,0.24551065266132355
PROCESS-2_rec__280,0,4,1,0.5171558210057172,4,1,0.12917541364142032,4,0,-0.11083806970874077,4,1,0.6839222222222222,4,1,0.7865265607833862
PROCESS-2_rec__281,1,1,0,0.2489198763645629,1,0,-0.9779591076433832,1,0,-0.36844725652563204,1,0,0.3931713816514243,1,0,0.4124189019203186
PROCESS-2_rec__282,0,2,0,0.12127877231659351,2,0,-0.9937843702711504,2,0,-0.7892251180248998,2,0,0.10177914862914866,2,0,0.08682192862033844
PROCESS-2_rec__283,1,4,1,0.5592208425101121,4,1,0.1736351272591156,4,1,0.522316972693231,4,1,0.7076492063492065,4,1,0.6322102546691895
PROCESS-2_rec__284,1,5,0,0.4607512390986856,5,0,-0.06012639903948114,5,1,0.526679821030501,5,1,0.6348372809367843,5,1,0.7802544832229614
PROCESS-2_rec__285,1,3,0,0.1444983138707694,3,0,-0.6815531616213735,3,0,-0.38893421359351166,3,1,0.5593990105955274,3,1,0.5268760323524475
PROCESS-2_rec__286,1,4,1,0.8274895009933743,4,1,0.5344823905535204,4,1,0.6727704738836369,4,0,0.486588888888889,4,1,0.60428386926651
PROCESS-2_rec__287,0,5,0,0.283359450543819,5,0,-0.3624385447733124,5,0,-0.6325631448708222,5,0,0.48906136570591063,5,0,0.11405657976865768
PROCESS-2_rec__288,0,2,0,0.09444715507371727,2,0,-1.2453248103860537,2,0,-1.2489603244299627,2,0,0.17831190476190464,2,0,0.09015743434429169
PROCESS-2_rec__289,0,2,0,0.16151290494122703,2,0,-0.9347701436152467,2,0,-0.32597403779936973,2,0,0.30001356421356407,2,0,0.14611424505710602
PROCESS-2_rec__290,0,3,0,0.10912450535118069,3,0,-0.841153416063106,3,0,-0.9252449620382515,3,0,0.21229740863711435,3,0,0.14369235932826996
PROCESS-2_rec__291,0,1,1,0.5615360652204999,1,0,-0.2364015136989727,1,1,0.5457904370721905,1,1,0.7163696537123008,1,1,0.7189592123031616
PROCESS-2_rec__292,0,2,0,0.3937753382705011,2,0,-0.37405324344392693,2,0,-0.22003322636629352,2,1,0.6385377344877343,2,1,0.8351531624794006
PROCESS-2_rec__293,1,3,0,0.4331209565141433,3,0,-0.08517047382118821,3,1,0.8461887367208218,3,1,0.6559977635625468,3,1,0.5765793323516846
PROCESS-2_rec__294,0,5,1,0.6772311870547677,5,1,0.25173702120204633,5,1,0.12041039779728546,5,1,0.6024951755379576,5,1,0.7191737294197083
PROCESS-2_rec__295,0,5,0,0.1390371502575062,5,0,-0.6916128337617502,5,0,-1.2976212034474504,5,0,0.07363799200010625,5,0,0.028039846569299698
PROCESS-2_rec__296,1,1,1,0.8678199421233769,1,1,0.7085880600200802,1,1,0.8937631278488332,1,1,0.6854333454900798,1,1,0.6587371826171875
PROCESS-2_rec__297,0,2,0,0.4269192592104666,2,0,-0.18830616022449187,2,1,0.29590274568438735,2,1,0.6024020923520926,2,1,0.7416390180587769
PROCESS-2_rec__298,0,5,1,0.6997208363896437,5,1,0.33669904057484956,5,1,0.8216781902860324,5,1,0.7388409882506554,5,1,0.8753504753112793
PROCESS-2_rec__299,1,3,0,0.1414936041634637,3,0,-0.716214610502873,3,0,-0.3134546836492601,3,1,0.5566158620619144,3,1,0.603158712387085
PROCESS-2_rec__300,0,1,1,0.630587315904168,1,1,0.07895523173619201,1,1,0.5377358176849023,1,1,0.5994070097267543,1,1,0.7022378444671631
PROCESS-2_rec__301,0,2,0,0.24642240686880776,2,0,-0.6332659839901155,2,0,-1.0996471679260482,2,0,0.09849682539682543,2,0,0.05455208569765091
PROCESS-2_rec__302,0,5,0,0.3049699181622621,5,0,-0.3194447208995292,5,1,0.25578790778725,5,1,0.5211013963640551,5,0,0.3551294505596161
PROCESS-2_rec__303,1,2,0,0.19997617758599287,2,0,-0.5027285156326871,2,0,-0.44100565201834463,2,1,0.5477161616161617,2,1,0.609023928642273
PROCESS-2_rec__304,0,4,0,0.4986730391676134,4,1,0.2927959126700844,4,1,0.28102824103855006,4,1,0.6615825396825397,4,1,0.8530910611152649
PROCESS-2_rec__305,0,4,0,0.2825114609700241,4,0,-0.36190716228116004,4,0,-1.1019989831494947,4,0,0.09238556998556999,4,0,0.14280524849891663
PROCESS-2_rec__306,1,4,0,0.19750158023434156,4,0,-0.8203555532025568,4,0,-0.7175888991579884,4,0,0.3888897546897547,4,0,0.4301724135875702
PROCESS-2_rec__307,0,4,0,0.08804839442420373,4,0,-1.0399855708526484,4,0,-1.3877539829224397,4,0,0.12313730158730159,4,0,0.09839782863855362
PROCESS-2_rec__308,0,3,0,0.47367117046399515,3,0,-0.03232397512659267,3,0,-0.09914248172699636,3,1,0.549146398046398,3,1,0.5440170764923096
PROCESS-2_rec__309,1,5,0,0.4570277528964743,5,0,-0.0907007025214876,5,0,-0.8032509190730521,5,0,0.35628121746251123,5,0,0.3877718150615692
PROCESS-2_rec__310,0,3,1,0.7243398344609411,3,1,0.3429138319243459,3,1,0.6560752662199117,3,1,0.6438087646014117,3,1,0.6561112403869629
PROCESS-2_rec__311,0,4,1,0.5925819259683608,4,1,0.30291657062715155,4,0,-0.2325936002665423,4,1,0.6450047619047616,4,1,0.8655595183372498
PROCESS-2_rec__312,0,5,0,0.28869784389764563,5,0,-0.3540269966540361,5,0,-0.7074055243756134,5,0,0.33426215298938644,5,0,0.4231204688549042
PROCESS-2_rec__313,0,1,1,0.909086358203094,1,1,1.7620457461231849,1,1,1.0506722340921097,1,1,0.7584840964732905,1,1,0.9173275232315063
PROCESS-2_rec__314,0,3,1,0.5498780538652934,3,1,0.07240320576450902,3,0,-0.3328077400491394,3,0,0.3482088406089953,3,0,0.19037742912769318
PROCESS-2_rec__315,0,4,0,0.2005208587231019,4,0,-0.3854332136780023,4,1,0.1404976282841811,4,1,0.5930484126984127,4,0,0.2949792146682739
PROCESS-2_rec__316,0,1,0,0.20091277452117162,1,0,-0.7208498295000775,1,0,-1.005071951248571,1,0,0.22292337452688835,1,0,0.0790409967303276
PROCESS-2_rec__317,0,3,0,0.028689141598222265,3,0,-1.368178952335071,3,0,-1.2304891931017718,3,0,0.2496167774004461,3,0,0.13655006885528564
PROCESS-2_rec__318,1,1,1,0.9632975440604282,1,1,1.643602033934763,1,1,0.6533568750584887,1,1,0.8105161972014916,1,1,0.8968051671981812
PROCESS-2_rec__319,1,5,1,0.855454806751222,5,1,0.6731504719147261,5,1,1.0585387819104457,5,1,0.8568747508711707,5,1,0.9857422113418579
PROCESS-2_rec__320,0,4,0,0.12244471222549357,4,0,-0.8645074256865811,4,0,-0.9524650666354659,4,0,0.10184047619047619,4,0,0.15295840799808502
