model,fold,C,penalty,solver,gamma,max_depth,max_features,min_samples_leaf,n_estimators,colsample_bytree,learning_rate,subsample
logistic,1,0.01,l2,liblinear,,,,,,,,
logistic,2,0.1,l2,liblinear,,,,,,,,
logistic,3,0.1,l2,liblinear,,,,,,,,
logistic,4,0.01,l2,liblinear,,,,,,,,
logistic,5,1.0,l2,liblinear,,,,,,,,
linear_svm,1,0.01,,,,,,,,,,
linear_svm,2,0.01,,,,,,,,,,
linear_svm,3,0.01,,,,,,,,,,
linear_svm,4,0.01,,,,,,,,,,
linear_svm,5,0.1,,,,,,,,,,
rbf_svm,1,0.1,,,0.1,,,,,,,
rbf_svm,2,1.0,,,0.1,,,,,,,
rbf_svm,3,1.0,,,0.1,,,,,,,
rbf_svm,4,1.0,,,0.1,,,,,,,
rbf_svm,5,1.0,,,0.1,,,,,,,
random_forest,1,,,,,,0.5,5.0,500.0,,,
random_forest,2,,,,,,sqrt,5.0,200.0,,,
random_forest,3,,,,,,sqrt,1.0,500.0,,,
random_forest,4,,,,,4.0,sqrt,5.0,200.0,,,
random_forest,5,,,,,8.0,sqrt,5.0,500.0,,,
xgboost,1,,,,,3.0,,,300.0,0.8,0.03,0.8
xgboost,2,,,,,2.0,,,300.0,1.0,0.03,1.0
xgboost,3,,,,,2.0,,,300.0,0.8,0.03,0.8
xgboost,4,,,,,3.0,,,300.0,1.0,0.1,0.8
xgboost,5,,,,,4.0,,,300.0,1.0,0.1,1.0
